Date,adj_close,close,high,low,open,volume,returns,log_returns
1997-01-02,737.010009765625,737.010009765625,742.8099975585938,729.5499877929688,740.739990234375,463230000,,
1997-01-03,748.030029296875,748.030029296875,748.239990234375,737.010009765625,737.010009765625,452970000,0.014952333598229561,1.484164941881509
1997-01-06,747.6500244140625,747.6500244140625,753.3099975585938,743.8200073242188,748.030029296875,531350000,-0.0005080075236680859,-0.05081366032075736
1997-01-07,753.22998046875,753.22998046875,753.260009765625,742.1799926757812,747.6500244140625,538220000,0.007463326252226787,0.7435613433971238
1997-01-08,748.4099731445312,748.4099731445312,755.719970703125,747.7100219726562,753.22998046875,557510000,-0.00639911773190327,-0.641967985233394
1997-01-09,754.8499755859375,754.8499755859375,757.6799926757812,748.4099731445312,748.4099731445312,555370000,0.008604912644800677,0.8568101404922306
1997-01-10,759.5,759.5,759.6500244140625,746.9199829101562,754.8499755859375,545850000,0.006160196813218333,0.6141300365015303
1997-01-13,759.510009765625,759.510009765625,762.8499755859375,756.6900024414062,759.5,445400000,1.317941491119079e-05,0.0013179328063465156
1997-01-14,768.8599853515625,768.8599853515625,772.0399780273438,759.510009765625,759.510009765625,531600000,0.01231053635332957,1.2235377899262665
1997-01-15,767.2000122070312,767.2000122070312,770.9500122070312,763.719970703125,768.8599853515625,524990000,-0.0021590057697855602,-0.21613397827793404
1997-01-16,769.75,769.75,772.0499877929688,765.25,767.2000122070312,537290000,0.003323758801349719,0.3318247324235342
1997-01-17,776.1699829101562,776.1699829101562,776.3699951171875,769.719970703125,769.75,534640000,0.00834034804827044,0.8305759532583463
1997-01-20,776.7000122070312,776.7000122070312,780.0800170898438,774.1900024414062,776.1699829101562,440470000,0.0006828778599343721,0.06826448049412723
1997-01-21,782.719970703125,782.719970703125,783.719970703125,772.0,776.7000122070312,571280000,0.007750686753548175,0.7720804487045008
1997-01-22,786.22998046875,786.22998046875,786.22998046875,779.5599975585938,782.719970703125,589230000,0.004484374868411578,0.4474350018381982
1997-01-23,777.5599975585938,777.5599975585938,794.6699829101562,776.6400146484375,786.22998046875,685070000,-0.011027286068367892,-1.1088537293479575
1997-01-24,770.52001953125,770.52001953125,778.2100219726562,768.1699829101562,777.5599975585938,542920000,-0.009053935451216688,-0.90951714119835
1997-01-27,765.02001953125,765.02001953125,771.4299926757812,764.1799926757812,770.52001953125,445760000,-0.007138036469637732,-0.7163634136078026
1997-01-28,765.02001953125,765.02001953125,776.3200073242188,761.75,765.02001953125,541580000,0.0,0.0
1997-01-29,772.5,772.5,772.7000122070312,765.02001953125,765.02001953125,498390000,0.009777496376282002,0.9730005965879973
1997-01-30,784.1699829101562,784.1699829101562,784.1699829101562,772.5,772.5,524160000,0.015106773993729838,1.499380301396969
1997-01-31,786.1599731445312,786.1599731445312,791.8599853515625,784.1699829101562,784.1699829101562,578550000,0.002537702638131911,0.2534488107991344
1997-02-03,786.72998046875,786.72998046875,787.1400146484375,783.1199951171875,786.1599731445312,463600000,0.0007250525894098026,0.07247898657657331
1997-02-04,789.260009765625,789.260009765625,789.280029296875,783.6799926757812,786.72998046875,506530000,0.003215880110946756,0.32107202279200325
1997-02-05,778.280029296875,778.280029296875,792.7100219726562,773.4299926757812,789.260009765625,580520000,-0.01391174053276889,-1.40094157412687
1997-02-06,780.1500244140625,780.1500244140625,780.3499755859375,774.4500122070312,778.280029296875,519660000,0.0024027278701690413,0.23998459349742055
1997-02-07,789.5599975585938,789.5599975585938,789.719970703125,778.1900024414062,780.1500244140625,540910000,0.012061748189521104,1.198958500142404
1997-02-10,785.4299926757812,785.4299926757812,793.4600219726562,784.6900024414062,789.5599975585938,471590000,-0.005230767637143363,-0.5244495996344498
1997-02-11,789.5900268554688,789.5900268554688,789.5999755859375,780.9500122070312,785.4299926757812,483090000,0.005296505377284211,0.528252822433354
1997-02-12,802.77001953125,802.77001953125,802.77001953125,789.5900268554688,789.5900268554688,563890000,0.01669219750440676,1.6554413935318535
1997-02-13,811.8200073242188,811.8200073242188,812.9299926757812,802.77001953125,802.77001953125,593710000,0.011273450144853703,1.1210378387313058
1997-02-14,808.47998046875,808.47998046875,812.2000122070312,808.1500244140625,811.8200073242188,491540000,-0.004114245553614282,-0.41227323476869715
1997-02-18,816.2899780273438,816.2899780273438,816.2899780273438,806.3400268554688,808.47998046875,474110000,0.009660100122782955,0.9613739680816438
1997-02-19,812.489990234375,812.489990234375,817.6799926757812,811.2000122070312,816.2899780273438,519350000,-0.004655193491597043,-0.4666062649961008
1997-02-20,802.7999877929688,802.7999877929688,812.489990234375,800.3499755859375,812.489990234375,492220000,-0.011926303779583813,-1.1997992699852418
1997-02-21,801.77001953125,801.77001953125,804.9400024414062,799.989990234375,802.7999877929688,478450000,-0.0012829699518933646,-0.1283793662448065
1997-02-24,810.280029296875,810.280029296875,810.6400146484375,798.4199829101562,801.77001953125,462450000,0.010614028410042442,1.0558095047922567
1997-02-25,812.030029296875,812.030029296875,812.8499755859375,807.6500244140625,810.280029296875,527450000,0.0021597471697760717,0.21574182684799
1997-02-26,805.6799926757812,805.6799926757812,812.7000122070312,798.1300048828125,812.0999755859375,573920000,-0.00781995294754323,-0.7850689121407897
1997-02-27,795.0700073242188,795.0700073242188,805.6799926757812,795.0599975585938,805.6799926757812,464660000,-0.013168982037552124,-1.3256461944521352
1997-02-28,790.8200073242188,790.8200073242188,795.7000122070312,788.5,795.0700073242188,508280000,-0.005345441232657233,-0.5359779221720753
1997-03-03,795.3099975585938,795.3099975585938,795.3099975585938,785.6599731445312,790.8200073242188,437220000,0.005677638644433269,0.5661581602862136
1997-03-04,790.9500122070312,790.9500122070312,798.9299926757812,789.97998046875,795.3099975585938,537890000,-0.0054821206384260135,-0.5497202607812356
1997-03-05,801.989990234375,801.989990234375,801.989990234375,790.9500122070312,790.9500122070312,532500000,0.013957870733876554,1.3861356706138728
1997-03-06,798.5599975585938,798.5599975585938,804.1099853515625,797.5,801.989990234375,540310000,-0.0042768522270195675,-0.4286024120067983
1997-03-07,804.969970703125,804.969970703125,808.1900024414062,798.5599975585938,798.5599975585938,508270000,0.008026914901983817,0.7994870584354343
1997-03-10,813.6500244140625,813.6500244140625,813.6599731445312,803.6599731445312,804.969970703125,468780000,0.010783077663575114,1.072535486383785
1997-03-11,811.3400268554688,811.3400268554688,814.9000244140625,810.77001953125,813.6500244140625,493250000,-0.0028390554775159504,-0.28430932396160447
1997-03-12,804.260009765625,804.260009765625,811.3400268554688,801.0700073242188,811.3400268554688,490200000,-0.008726325406727353,-0.8764622743737379
1997-03-13,789.5599975585938,789.5599975585938,804.260009765625,789.4400024414062,804.260009765625,507560000,-0.018277686355827938,-1.844678694619995
1997-03-14,793.1699829101562,793.1699829101562,796.8800048828125,789.5599975585938,789.5599975585938,491540000,0.004572148237910856,0.4561727718855447
1997-03-17,795.7100219726562,795.7100219726562,796.280029296875,782.97998046875,793.1699829101562,495260000,0.0032023892951427158,0.3197272567469615
1997-03-18,789.6599731445312,789.6599731445312,797.1799926757812,785.469970703125,795.7100219726562,467330000,-0.007603333703308457,-0.7632386403616276
1997-03-19,785.77001953125,785.77001953125,791.5900268554688,780.030029296875,789.6599731445312,535580000,-0.004926112181919184,-0.493828546696671
1997-03-20,782.6500244140625,782.6500244140625,786.2899780273438,778.0399780273438,785.77001953125,497480000,-0.003970621224577586,-0.3978525070087459
1997-03-21,784.0999755859375,784.0999755859375,786.4400024414062,782.6500244140625,782.6500244140625,638760000,0.0018526175514534948,0.1850903572129809
1997-03-24,790.8900146484375,790.8900146484375,791.010009765625,780.7899780273438,784.0999755859375,451970000,0.008659659831548927,0.8622380042943973
1997-03-25,789.0700073242188,789.0700073242188,798.1099853515625,788.3900146484375,790.8900146484375,487520000,-0.0023012141897224003,-0.2303866052212753
1997-03-26,790.5,790.5,794.8900146484375,786.77001953125,789.0700073242188,506670000,0.0018122507033697666,0.18106105583341944
1997-03-27,773.8800048828125,773.8800048828125,792.5800170898438,767.3200073242188,790.5,476790000,-0.02102466175482287,-2.124882752971888
1997-03-31,757.1199951171875,757.1199951171875,773.8800048828125,756.1300048828125,773.8800048828125,555880000,-0.021657116943036847,-2.189507421903289
1997-04-01,759.6400146484375,759.6400146484375,761.489990234375,751.260009765625,757.1199951171875,515770000,0.0033284281850989306,0.33229012286633264
1997-04-02,750.1099853515625,750.1099853515625,759.6500244140625,747.5900268554688,759.6400146484375,478210000,-0.012545454574671822,-1.2624813215305488
1997-04-03,750.3200073242188,750.3200073242188,751.0399780273438,744.4000244140625,750.1099853515625,498010000,0.00027998823740205125,0.027994904801038466
1997-04-04,757.9000244140625,757.9000244140625,757.9000244140625,744.0399780273438,750.3200073242188,544580000,0.01010237900609301,1.0051691068615216
1997-04-07,762.1300048828125,762.1300048828125,764.8200073242188,757.9000244140625,757.9000244140625,453790000,0.005581185291582802,0.5565668186074084
1997-04-08,766.1199951171875,766.1199951171875,766.25,758.3599853515625,762.1300048828125,450790000,0.005235314459228757,0.5221657844197678
1997-04-09,760.5999755859375,760.5999755859375,769.530029296875,759.1500244140625,766.1199951171875,451500000,-0.007205163116002056,-0.723124566529686
1997-04-10,758.3400268554688,758.3400268554688,763.72998046875,757.6500244140625,760.5999755859375,421790000,-0.002971271105718598,-0.2975694095150356
1997-04-11,737.6500244140625,737.6500244140625,758.3400268554688,737.6400146484375,758.3400268554688,444380000,-0.027283278883747375,-2.7662378839925483
1997-04-14,743.72998046875,743.72998046875,743.72998046875,733.5399780273438,737.6500244140625,406800000,0.008242331530480262,0.8208549020106146
1997-04-15,754.719970703125,754.719970703125,754.719970703125,743.72998046875,743.72998046875,507370000,0.014776855206843242,1.4668741236983385
1997-04-16,763.530029296875,763.530029296875,763.530029296875,751.989990234375,754.719970703125,498820000,0.01167328139673085,1.1605674270145214
1997-04-17,761.77001953125,761.77001953125,768.5499877929688,760.489990234375,763.530029296875,503760000,-0.0023050956715425786,-0.23077564943238668
1997-04-18,766.3400268554688,766.3400268554688,767.9299926757812,761.77001953125,761.77001953125,468940000,0.005999195566965154,0.5981272042004251
1997-04-21,760.3699951171875,760.3699951171875,767.3900146484375,756.3800048828125,766.3400268554688,397300000,-0.007790316999071734,-0.7820820040727962
1997-04-22,774.6099853515625,774.6099853515625,774.6400146484375,759.9000244140625,760.3699951171875,507500000,0.018727711937371216,1.855450748072455
1997-04-23,773.6400146484375,773.6400146484375,778.1900024414062,771.9000244140625,774.6099853515625,489350000,-0.0012522052664797334,-0.1252989930603198
1997-04-24,771.1799926757812,771.1799926757812,779.8900146484375,769.719970703125,773.6400146484375,493640000,-0.0031798018795268224,-0.31848681922879735
1997-04-25,765.3699951171875,765.3699951171875,771.1799926757812,764.6300048828125,771.1799926757812,414350000,-0.0075339059801521335,-0.7562429200959538
1997-04-28,772.9600219726562,772.9600219726562,773.8900146484375,763.2999877929688,765.3699951171875,404470000,0.009916807431556762,0.9867958581018854
1997-04-29,794.0499877929688,794.0499877929688,794.4400024414062,772.9600219726562,772.9600219726562,547690000,0.027284678664867057,2.6919086950791895
1997-04-30,801.3400268554688,801.3400268554688,804.1300048828125,791.2100219726562,794.0499877929688,556070000,0.009180831401764067,0.9138943749608055
1997-05-01,798.530029296875,798.530029296875,802.9500122070312,793.2100219726562,801.3400268554688,460380000,-0.003506623236605888,-0.35127858507293436
1997-05-02,812.969970703125,812.969970703125,812.989990234375,798.530029296875,798.530029296875,499770000,0.018083153890862125,1.7921598378717092
1997-05-05,830.2899780273438,830.2899780273438,830.2899780273438,811.7999877929688,812.969970703125,549410000,0.021304608962664284,2.1080838430922935
1997-05-06,827.760009765625,827.760009765625,832.2899780273438,824.7000122070312,830.239990234375,603680000,-0.003047089966965011,-0.3051741797699654
1997-05-07,815.6199951171875,815.6199951171875,827.760009765625,814.7000122070312,827.760009765625,500580000,-0.014666104311894523,-1.4774714856905702
1997-05-08,820.260009765625,820.260009765625,829.0900268554688,811.8400268554688,815.6199951171875,534120000,0.005688941757455046,0.5672820840037526
1997-05-09,824.780029296875,824.780029296875,827.6900024414062,815.780029296875,820.260009765625,455690000,0.005510471652203863,0.5495344549492007
1997-05-12,837.6599731445312,837.6599731445312,838.5599975585938,824.780029296875,824.780029296875,459370000,0.015616216918632686,1.5495538541532872
1997-05-13,833.1300048828125,833.1300048828125,838.489990234375,829.1199951171875,837.6599731445312,489760000,-0.00540788435278039,-0.5422559892360349
1997-05-14,836.0399780273438,836.0399780273438,841.2899780273438,833.1300048828125,833.1300048828125,504960000,0.0034928200010519994,0.3486734272059055
1997-05-15,841.8800048828125,841.8800048828125,842.4500122070312,833.3400268554688,836.0399780273438,458170000,0.006985344013390904,0.6961059522659069
1997-05-16,829.75,829.75,841.8800048828125,829.1500244140625,841.8800048828125,486780000,-0.014408234917636431,-1.4513041470778385
1997-05-19,833.27001953125,833.27001953125,835.9199829101562,828.8699951171875,829.75,345140000,0.004242265177764493,0.42332921392333145
1997-05-20,841.6599731445312,841.6599731445312,841.9600219726562,826.4099731445312,833.27001953125,450850000,0.010068709321860547,1.0018357570843552
1997-05-21,839.3499755859375,839.3499755859375,846.8699951171875,835.219970703125,841.6599731445312,540730000,-0.0027445733815324447,-0.27483466286060926
1997-05-22,835.6599731445312,835.6599731445312,841.9099731445312,833.8599853515625,839.3499755859375,426940000,-0.004396262046508448,-0.4405954022574614
1997-05-23,847.030029296875,847.030029296875,848.489990234375,835.6599731445312,835.6599731445312,417030000,0.013606079646915514,1.3514348079924945
1997-05-27,849.7100219726562,849.7100219726562,851.530029296875,840.9600219726562,847.030029296875,436150000,0.003163987796283907,0.3158992919941662
1997-05-28,847.2100219726562,847.2100219726562,850.9500122070312,843.2100219726562,849.7100219726562,487340000,-0.002942180197187838,-0.2946516917708553
1997-05-29,844.0800170898438,844.0800170898438,848.9600219726562,842.6099853515625,847.2100219726562,462600000,-0.0036944851945029944,-0.3701326660590704
1997-05-30,848.280029296875,848.280029296875,851.8699951171875,831.8699951171875,844.0800170898438,537200000,0.004975846035914611,0.49635074271129526
1997-06-02,846.3599853515625,846.3599853515625,851.3400268554688,844.6099853515625,848.280029296875,435950000,-0.0022634553201776875,-0.22660208071454066
1997-06-03,845.47998046875,845.47998046875,850.5599975585938,841.510009765625,846.3599853515625,527120000,-0.00103975246708643,-0.10402933846622646
1997-06-04,840.1099853515625,840.1099853515625,845.5499877929688,838.8200073242188,845.47998046875,466690000,-0.006351416049153902,-0.6371672107388571
1997-06-05,843.4299926757812,843.4299926757812,848.8900146484375,840.1099853515625,840.1099853515625,452610000,0.003951872233525888,0.39440840981850406
1997-06-06,858.010009765625,858.010009765625,859.239990234375,843.3599853515625,843.4299926757812,488940000,0.017286576498884765,1.7138863506763382
1997-06-09,862.9099731445312,862.9099731445312,865.1400146484375,858.010009765625,858.010009765625,465810000,0.005710846404046954,0.5694601340086993
1997-06-10,865.27001953125,865.27001953125,870.0499877929688,862.1799926757812,862.9099731445312,526980000,0.002734985641802856,0.27312523739792005
1997-06-11,869.5700073242188,869.5700073242188,870.6599731445312,865.1500244140625,865.27001953125,513740000,0.0049695328578449605,0.49572254871796934
1997-06-12,883.4600219726562,883.4600219726562,884.3400268554688,869.010009765625,869.5700073242188,592730000,0.015973428857302574,1.5847196114797
1997-06-13,893.27001953125,893.27001953125,894.6900024414062,883.47998046875,883.47998046875,575810000,0.011104065056265044,1.1042867536632057
1997-06-16,893.9000244140625,893.9000244140625,895.1699829101562,891.2100219726562,893.27001953125,414280000,0.0007052793321589146,0.07050307395686728
1997-06-17,894.4199829101562,894.4199829101562,897.5999755859375,886.1900024414062,893.9000244140625,543010000,0.0005816741043660478,0.05815049975577259
1997-06-18,889.0599975585938,889.0599975585938,894.4199829101562,887.030029296875,894.4199829101562,491740000,-0.005992694096706996,-0.6010722349261277
1997-06-19,897.989990234375,897.989990234375,900.0900268554688,888.989990234375,889.0599975585938,536940000,0.010044308258501555,0.9994199453799778
1997-06-20,898.7000122070312,898.7000122070312,901.77001953125,897.77001953125,897.989990234375,653110000,0.0007906791616585362,0.07903667395631096
1997-06-23,878.6199951171875,878.6199951171875,898.7000122070312,878.4299926757812,898.7000122070312,492940000,-0.022343403601977396,-2.259679903471987
1997-06-24,896.3400268554688,896.3400268554688,896.75,878.6199951171875,878.6199951171875,542650000,0.020168026947665618,1.9967346030936985
1997-06-25,888.989990234375,888.989990234375,902.0900268554688,882.239990234375,896.3400268554688,603040000,-0.008200053998346002,-0.8233859371898345
1997-06-26,883.6799926757812,883.6799926757812,893.2100219726562,879.3200073242188,888.989990234375,499780000,-0.005973067882568461,-0.599097800707257
1997-06-27,887.2999877929688,887.2999877929688,894.7000122070312,883.6799926757812,883.6799926757812,472540000,0.004096500030770445,0.40881322192286146
1997-06-30,885.1400146484375,885.1400146484375,892.6199951171875,879.8200073242188,887.2999877929688,561540000,-0.0024343211701195466,-0.24372889472259338
1997-07-01,891.030029296875,891.030029296875,893.8800048828125,884.5399780273438,885.1400146484375,544190000,0.006654331010870429,0.663228868087667
1997-07-02,904.030029296875,904.030029296875,904.0499877929688,891.030029296875,891.030029296875,526970000,0.014589856203004237,1.448444827177715
1997-07-03,916.9199829101562,916.9199829101562,917.8200073242188,904.030029296875,904.030029296875,374680000,0.014258324608206419,1.4157630719942238
1997-07-07,912.2000122070312,912.2000122070312,923.260009765625,909.6900024414062,916.9199829101562,518780000,-0.005147636425312241,-0.5160931149592495
1997-07-08,918.75,918.75,918.760009765625,911.5599975585938,912.2000122070312,526010000,0.007180429407275923,0.7154772867478499
1997-07-09,907.5399780273438,907.5399780273438,922.030029296875,902.47998046875,918.75,589110000,-0.012201384460034048,-1.2276432435649287
1997-07-10,913.780029296875,913.780029296875,916.5399780273438,904.3099975585938,907.5399780273438,551340000,0.006875786654704452,0.6852256232177778
1997-07-11,916.6799926757812,916.6799926757812,919.739990234375,913.1099853515625,913.780029296875,500050000,0.003173590236085211,0.31685650277529454
1997-07-14,918.3800048828125,918.3800048828125,921.780029296875,912.02001953125,916.6799926757812,485960000,0.0018545318111165,0.18528142901342984
1997-07-15,925.760009765625,925.760009765625,926.1500244140625,914.52001953125,918.3800048828125,598370000,0.008035894557345324,0.8003778695073349
1997-07-16,936.5900268554688,936.5900268554688,939.3200073242188,925.760009765625,925.760009765625,647390000,0.011698514707483954,1.1630616113066021
1997-07-17,931.6099853515625,931.6099853515625,936.9600219726562,927.9000244140625,936.5900268554688,629250000,-0.00531720535251301,-0.5331392000118897
1997-07-18,915.2999877929688,915.2999877929688,931.6099853515625,912.9000244140625,931.6099853515625,589710000,-0.017507323681635767,-1.7662389395394273
1997-07-21,912.9400024414062,912.9400024414062,915.3800048828125,907.1199951171875,915.2999877929688,459500000,-0.002578373629451347,-0.2581703359494773
1997-07-22,933.97998046875,933.97998046875,934.3800048828125,912.9400024414062,912.9400024414062,579590000,0.023046397321924816,2.278484011689948
1997-07-23,936.5599975585938,936.5599975585938,941.7999877929688,933.97998046875,933.97998046875,616930000,0.0027623901408988516,0.2758581753143315
1997-07-24,940.2999877929688,940.2999877929688,941.510009765625,926.9099731445312,936.5599975585938,571020000,0.003993326902840488,0.39853747363342484
1997-07-25,938.7899780273438,938.7899780273438,945.6500244140625,936.0900268554688,940.2999877929688,521510000,-0.001605880873368104,-0.16071716821663612
1997-07-28,936.4500122070312,936.4500122070312,942.969970703125,935.1900024414062,938.7899780273438,466920000,-0.0024925338734754776,-0.24956454075087203
1997-07-29,942.2899780273438,942.2899780273438,942.9600219726562,932.5599975585938,936.4500122070312,544540000,0.006236281428998902,0.621691629521538
1997-07-30,952.2899780273438,952.2899780273438,953.97998046875,941.97998046875,942.2899780273438,568470000,0.010612444399477505,1.0556527672285798
1997-07-31,954.3099975585938,954.3099975585938,957.72998046875,948.8900146484375,952.2899780273438,547830000,0.002121223133561001,0.2118976516259916
1997-08-01,947.1400146484375,947.1400146484375,955.3499755859375,939.0399780273438,954.2899780273438,513750000,-0.007513263958775607,-0.7541630700295282
1997-08-04,950.2999877929688,950.2999877929688,953.1799926757812,943.5999755859375,947.1400146484375,456000000,0.003336331583144281,0.3330778377057863
1997-08-05,952.3699951171875,952.3699951171875,954.2100219726562,948.9199829101562,950.2999877929688,525710000,0.002178267232251896,0.2175898247748144
1997-08-06,960.3200073242188,960.3200073242188,962.4299926757812,949.4500122070312,952.3699951171875,565200000,0.008347608857682376,0.831296025928697
1997-08-07,951.1900024414062,951.1900024414062,964.1699829101562,950.8699951171875,960.3200073242188,576030000,-0.009507252596196336,-0.9552735027023393
1997-08-08,933.5399780273438,933.5399780273438,951.1900024414062,925.739990234375,951.1900024414062,563420000,-0.01855572952697193,-1.8730046833824936
1997-08-11,937.0,937.0,938.5,925.3900146484375,933.5399780273438,480340000,0.00370634579567497,0.36994942204159326
1997-08-12,926.530029296875,926.530029296875,942.989990234375,925.6599731445312,937.0,499310000,-0.011173928178361825,-1.1236825492783729
1997-08-13,922.02001953125,922.02001953125,935.77001953125,916.5399780273438,926.530029296875,587210000,-0.004867634747950378,-0.48795202672338417
1997-08-14,924.77001953125,924.77001953125,930.0700073242188,916.9199829101562,922.02001953125,530460000,0.0029825816595587806,0.2978142587287486
1997-08-15,900.8099975585938,900.8099975585938,924.77001953125,900.8099975585938,924.77001953125,537820000,-0.025909168189515053,-2.625072320877974
1997-08-18,912.489990234375,912.489990234375,912.5700073242188,893.3400268554688,900.8099975585938,514330000,0.012966100184763407,1.2882759933403127
1997-08-19,926.010009765625,926.010009765625,926.010009765625,912.489990234375,912.489990234375,545630000,0.014816622292785242,1.4707928479540038
1997-08-20,939.3499755859375,939.3499755859375,939.3499755859375,924.5800170898438,926.010009765625,521270000,0.014405854882377334,1.4303076453072932
1997-08-21,925.0499877929688,925.0499877929688,939.469970703125,921.3499755859375,939.3499755859375,499000000,-0.015223280102869885,-1.5340343813394426
1997-08-22,923.5399780273438,923.5399780273438,925.0499877929688,905.4199829101562,925.0499877929688,460160000,-0.0016323547760134227,-0.16336885186959105
1997-08-25,920.1599731445312,920.1599731445312,930.9299926757812,917.2899780273438,923.5499877929688,388990000,-0.0036598360257582563,-0.366654961104575
1997-08-26,913.02001953125,913.02001953125,922.469970703125,911.719970703125,920.1599731445312,449110000,-0.007759469898349636,-0.7789731227795382
1997-08-27,913.7000122070312,913.7000122070312,916.22998046875,903.8300170898438,913.02001953125,492150000,0.0007447730183729462,0.07444958125768908
1997-08-28,903.6699829101562,903.6699829101562,915.9000244140625,898.6500244140625,913.7000122070312,486300000,-0.010977376778892212,-1.1038072776654055
1997-08-29,899.469970703125,899.469970703125,907.280029296875,896.8200073242188,903.6699829101562,413910000,-0.004647727916673339,-0.46585621869282096
1997-09-02,927.5800170898438,927.5800170898438,927.5800170898438,899.469970703125,899.469970703125,491870000,0.03125178972316878,3.0773394154381086
1997-09-03,927.8599853515625,927.8599853515625,935.9000244140625,926.8699951171875,927.5800170898438,549060000,0.000301826534164773,0.030178099369972674
1997-09-04,930.8699951171875,930.8699951171875,933.3599853515625,925.5900268554688,927.8599853515625,559310000,0.003244034459018552,0.32387839314300804
1997-09-05,929.0499877929688,929.0499877929688,940.3699951171875,924.0499877929688,930.8699951171875,536400000,-0.001955168104854077,-0.19570819410009926
1997-09-08,931.2000122070312,931.2000122070312,936.5,929.0499877929688,929.0499877929688,466430000,0.002314218225404785,0.23115445465970086
1997-09-09,933.6199951171875,933.6199951171875,938.9000244140625,927.280029296875,931.2000122070312,502200000,0.0025987788642964915,0.25954078775401035
1997-09-10,919.030029296875,919.030029296875,933.6199951171875,918.760009765625,933.6199951171875,517620000,-0.015627306502236094,-1.575070008426696
1997-09-11,912.5900268554688,912.5900268554688,919.030029296875,902.5599975585938,919.030029296875,575020000,-0.007007390657662538,-0.7032057721623179
1997-09-12,923.9099731445312,923.9099731445312,925.0499877929688,906.7000122070312,912.5900268554688,544150000,0.012404196798060374,1.2327895075400195
1997-09-15,919.77001953125,919.77001953125,928.9000244140625,919.4099731445312,923.9099731445312,468030000,-0.0044809058605470575,-0.44909752103439543
1997-09-16,945.6400146484375,945.6400146484375,947.6599731445312,919.77001953125,919.77001953125,636380000,0.028126590960609654,2.7738302409293225
1997-09-17,943.0,943.0,950.2899780273438,941.989990234375,945.6400146484375,590550000,-0.0027917755250860266,-0.27956797986405707
1997-09-18,947.2899780273438,947.2899780273438,958.1900024414062,943.0,943.0,566830000,0.004549287409696401,0.453897067907694
1997-09-19,950.510009765625,950.510009765625,952.3499755859375,943.9000244140625,947.2899780273438,631040000,0.0033992038477876907,0.33934396132336414
1997-09-22,955.4299926757812,955.4299926757812,960.5900268554688,950.510009765625,950.510009765625,490900000,0.005176150550344483,0.5162800331761962
1997-09-23,951.9299926757812,951.9299926757812,955.780029296875,948.0700073242188,955.4299926757812,522930000,-0.0036632720626634807,-0.3669998275421972
1997-09-24,944.47998046875,944.47998046875,959.780029296875,944.0700073242188,951.9299926757812,639460000,-0.007826218592073109,-0.7857004169097512
1997-09-25,937.9099731445312,937.9099731445312,947.0,937.3800048828125,944.47998046875,524880000,-0.006956216606050281,-0.6980523870772565
1997-09-26,945.219970703125,945.219970703125,946.4400024414062,937.9099731445312,937.9099731445312,505340000,0.007793922410362697,0.7763706694839941
1997-09-29,953.3400268554688,953.3400268554688,953.9600219726562,941.9400024414062,945.219970703125,477100000,0.008590652339162341,0.8553962661127589
1997-09-30,947.280029296875,947.280029296875,955.1699829101562,947.280029296875,953.3400268554688,587500000,-0.006356596164940553,-0.6376885348138799
1997-10-01,955.4099731445312,955.4099731445312,956.7100219726562,947.280029296875,947.280029296875,598660000,0.008582408154102827,0.8545788662355719
1997-10-02,960.4600219726562,960.4600219726562,960.4600219726562,952.9400024414062,955.4099731445312,474760000,0.005285740122121352,0.5271819629659477
1997-10-03,965.030029296875,965.030029296875,975.469970703125,955.1300048828125,960.4600219726562,623370000,0.004758144243039553,0.474686005509299
1997-10-06,972.6900024414062,972.6900024414062,974.1599731445312,965.030029296875,965.030029296875,495620000,0.007937549000534672,0.7906212373252064
1997-10-07,983.1199951171875,983.1199951171875,983.1199951171875,971.9500122070312,972.6900024414062,551970000,0.010722833224976469,1.0665751339265421
1997-10-08,973.8400268554688,973.8400268554688,983.1199951171875,968.6500244140625,983.1199951171875,573110000,-0.00943930375519686,-0.9484136331471821
1997-10-09,970.6199951171875,970.6199951171875,974.719970703125,963.3400268554688,973.8400268554688,551840000,-0.0033065304870233403,-0.33120091391746553
1997-10-10,966.97998046875,966.97998046875,970.6199951171875,963.4199829101562,970.6199951171875,500680000,-0.0037501954078310584,-0.37572450211001845
1997-10-13,968.0999755859375,968.0999755859375,973.4600219726562,966.9500122070312,966.97998046875,354800000,0.001158240232279173,0.11575699895461489
1997-10-14,970.280029296875,970.280029296875,972.8599853515625,961.8699951171875,968.0999755859375,510330000,0.002251889025839615,0.224935732377628
1997-10-15,965.719970703125,965.719970703125,970.280029296875,962.75,970.280029296875,505310000,-0.0046997345674058,-0.47108130441362595
1997-10-16,955.25,955.25,973.3800048828125,950.77001953125,965.719970703125,597010000,-0.010841621816624514,-1.0900820460122425
1997-10-17,944.1599731445312,944.1599731445312,955.22998046875,931.5800170898438,955.22998046875,624980000,-0.011609554415565326,-1.1677471461919935
1997-10-20,955.6099853515625,955.6099853515625,955.719970703125,941.4299926757812,944.1599731445312,483880000,0.012127195107516586,1.2054249832476505
1997-10-21,972.280029296875,972.280029296875,972.5599975585938,955.6099853515625,955.6099853515625,582310000,0.017444401168725365,1.7293994255633216
1997-10-22,968.489990234375,968.489990234375,972.6099853515625,965.6599731445312,972.280029296875,613490000,-0.003898094117227524,-0.390571148803024
1997-10-23,950.6900024414062,950.6900024414062,968.489990234375,944.1599731445312,968.489990234375,673270000,-0.01837911384986146,-1.8550108152736204
1997-10-24,941.6400146484375,941.6400146484375,960.0399780273438,937.5499877929688,950.6900024414062,677630000,-0.009519388833087561,-0.9564987828747222
1997-10-27,876.989990234375,876.989990234375,941.6400146484375,876.72998046875,941.6400146484375,693730000,-0.06865683637945197,-7.112747282045266
1997-10-28,921.8499755859375,921.8499755859375,923.0900268554688,855.27001953125,876.989990234375,1202550000,0.051152220494071754,4.988691536939769
1997-10-29,919.1599731445312,919.1599731445312,935.239990234375,913.8800048828125,921.8499755859375,777660000,-0.002918047960782877,-0.29223137632989227
1997-10-30,903.6799926757812,903.6799926757812,923.280029296875,903.6799926757812,919.1599731445312,712230000,-0.016841443188383765,-1.6984872949444494
1997-10-31,914.6199951171875,914.6199951171875,919.9299926757812,903.6799926757812,903.6799926757812,638070000,0.012106058040538326,1.2033365809406382
1997-11-03,938.989990234375,938.989990234375,939.02001953125,914.6199951171875,914.6199951171875,564740000,0.026644940245445836,2.629614599486132
1997-11-04,940.760009765625,940.760009765625,941.4000244140625,932.6599731445312,938.989990234375,541590000,0.00188502492002951,0.18832504901014335
1997-11-05,942.760009765625,942.760009765625,949.6199951171875,938.1599731445312,940.760009765625,565680000,0.0021259407067040215,0.21236840924791986
1997-11-06,938.030029296875,938.030029296875,942.8499755859375,934.1599731445312,942.760009765625,522890000,-0.005017162819545007,-0.5029791037180465
1997-11-07,927.510009765625,927.510009765625,938.030029296875,915.3900146484375,938.030029296875,569980000,-0.011215013595178402,-1.1278376046065257
1997-11-10,921.1300048828125,921.1300048828125,935.9000244140625,920.260009765625,927.510009765625,464140000,-0.006878637228319162,-0.6902404105233085
1997-11-11,923.780029296875,923.780029296875,928.2899780273438,919.6300048828125,921.1300048828125,435660000,0.002876927686662034,0.28727972502864
1997-11-12,905.9600219726562,905.9600219726562,923.8800048828125,905.3400268554688,923.780029296875,585340000,-0.019290314532759756,-1.9478800557133198
1997-11-13,916.6599731445312,916.6599731445312,917.7899780273438,900.6099853515625,905.9600219726562,653960000,0.01181062178502823,1.1741420730289842
1997-11-14,928.3499755859375,928.3499755859375,930.4400024414062,915.3400268554688,916.6599731445312,635760000,0.012752823057501361,1.2672190613441665
1997-11-17,946.2000122070312,946.2000122070312,949.6599731445312,928.3499755859375,928.3499755859375,576540000,0.019227701934098285,1.9045185543017304
1997-11-18,938.22998046875,938.22998046875,947.6500244140625,937.4299926757812,946.2000122070312,521380000,-0.008423199783828994,-0.8458875407656602
1997-11-19,944.5900268554688,944.5900268554688,947.280029296875,934.8300170898438,938.22998046875,542720000,0.006778771217203161,0.6755898654660725
1997-11-20,958.97998046875,958.97998046875,961.8300170898438,944.5900268554688,944.5900268554688,602610000,0.015234073200185438,1.5119199896762394
1997-11-21,963.0900268554688,963.0900268554688,964.5499877929688,954.5999755859375,958.97998046875,611000000,0.004285852124576994,0.42766940178964685
1997-11-24,946.6699829101562,946.6699829101562,963.0900268554688,945.219970703125,963.0900268554688,514920000,-0.017049334420920825,-1.7196347704706607
1997-11-25,950.8200073242188,950.8200073242188,954.469970703125,944.7100219726562,946.6699829101562,587890000,0.004383813249581259,0.4374232330711763
1997-11-26,951.6400146484375,951.6400146484375,956.469970703125,950.8200073242188,950.8200073242188,487750000,0.0008624211921310909,0.0862049520650996
1997-11-28,955.4000244140625,955.4000244140625,959.1300048828125,951.6400146484375,951.6400146484375,189070000,0.003951084136593508,0.3943299103143443
1997-12-01,974.77001953125,974.77001953125,974.77001953125,955.4000244140625,955.4000244140625,590300000,0.020274225059881967,2.007143926092941
1997-12-02,971.6799926757812,971.6799926757812,976.2000122070312,969.8300170898438,974.780029296875,576120000,-0.0031700060460976287,-0.3175041158971682
1997-12-03,976.77001953125,976.77001953125,980.8099975585938,966.1599731445312,971.6799926757812,624610000,0.0052383777517657215,0.5224705178314841
1997-12-04,973.0999755859375,973.0999755859375,983.3599853515625,971.3699951171875,976.77001953125,633470000,-0.0037573265681042356,-0.3764403050906429
1997-12-05,983.7899780273438,983.7899780273438,986.25,969.0999755859375,973.0999755859375,563590000,0.01098551300956463,1.0925610568273962
1997-12-08,982.3699951171875,982.3699951171875,985.6699829101562,979.5700073242188,983.7899780273438,490320000,-0.0014433801338407104,-0.14444228103859416
1997-12-09,975.780029296875,975.780029296875,982.3699951171875,973.8099975585938,982.3699951171875,539130000,-0.006708231982926582,-0.6730833304406847
1997-12-10,969.7899780273438,969.7899780273438,975.780029296875,962.6799926757812,975.780029296875,602290000,-0.006138731158340627,-0.6157650635921362
1997-12-11,954.9400024414062,954.9400024414062,969.7899780273438,951.8900146484375,969.7899780273438,631770000,-0.015312568620418188,-1.5431016718053894
1997-12-12,953.3900146484375,953.3900146484375,961.3200073242188,947.0,954.9400024414062,579280000,-0.0016231258393261117,-0.16244445352040005
1997-12-15,963.3900146484375,963.3900146484375,965.9600219726562,953.3900146484375,953.3900146484375,597150000,0.010488886863040614,1.043426013955043
1997-12-16,968.0399780273438,968.0399780273438,973.0,963.3900146484375,963.3900146484375,623320000,0.004826667609382662,0.48150565959560776
1997-12-17,965.5399780273438,965.5399780273438,974.2999877929688,964.25,968.0399780273438,618900000,-0.0025825379702751894,-0.2585878474017106
1997-12-18,955.2999877929688,955.2999877929688,965.5399780273438,950.5499877929688,965.5399780273438,618870000,-0.010605454426957928,-1.0662093067033722
1997-12-19,946.780029296875,946.780029296875,955.2999877929688,924.9199829101562,955.2999877929688,793200000,-0.008918620961963386,-0.895862992271062
1997-12-22,953.7000122070312,953.7000122070312,956.72998046875,946.25,946.780029296875,530670000,0.007308965859044836,0.7282384809487609
1997-12-23,939.1300048828125,939.1300048828125,954.510009765625,938.9099731445312,953.7000122070312,515070000,-0.015277348367125576,-1.5395249405191869
1997-12-24,932.7000122070312,932.7000122070312,942.8800048828125,932.7000122070312,939.1300048828125,265980000,-0.006846754594518112,-0.6870301158669169
1997-12-26,936.4600219726562,936.4600219726562,939.989990234375,932.7000122070312,932.7000122070312,154900000,0.00403131737580642,0.4023213388443135
1997-12-29,953.3499755859375,953.3499755859375,953.9500122070312,936.4600219726562,936.4600219726562,443160000,0.018035957987509788,1.7875239692640765
1997-12-30,970.8400268554688,970.8400268554688,970.8400268554688,953.3499755859375,953.3499755859375,499500000,0.01834588736290854,1.8179631895409059
1997-12-31,970.4299926757812,970.4299926757812,975.02001953125,967.4099731445312,970.8400268554688,467280000,-0.000422349891171625,-0.042243910600771324
1998-01-02,975.0399780273438,975.0399780273438,975.0399780273438,965.72998046875,970.4299926757812,366730000,0.0047504563815585765,0.4739208571064881
1998-01-05,977.0700073242188,977.0700073242188,982.6300048828125,969.0,975.0399780273438,628070000,0.0020819959618292305,0.20798316118280344
1998-01-06,966.5800170898438,966.5800170898438,977.0700073242188,962.6799926757812,977.0700073242188,618360000,-0.010736170546369217,-1.0794219078528444
1998-01-07,964.0,964.0,966.5800170898438,952.6699829101562,966.5800170898438,667390000,-0.002669222458800302,-0.26727911849648545
1998-01-08,956.0499877929688,956.0499877929688,964.0,955.0399780273438,964.0,652140000,-0.00824690062970046,-0.8281094439770588
1998-01-09,927.6900024414062,927.6900024414062,956.0499877929688,921.719970703125,956.0499877929688,746420000,-0.029663705573629295,-3.011257228471355
1998-01-12,939.2100219726562,939.2100219726562,939.25,912.8300170898438,927.6900024414062,705450000,0.012417962359120738,1.2341491885370217
1998-01-13,952.1199951171875,952.1199951171875,952.1400146484375,939.2100219726562,939.2100219726562,646740000,0.013745565786676739,1.3651952368056703
1998-01-14,957.9400024414062,957.9400024414062,958.1199951171875,948.0,952.1199951171875,603280000,0.006112682596800756,0.6094075938435208
1998-01-15,950.72998046875,950.72998046875,957.9400024414062,950.27001953125,957.9400024414062,569050000,-0.007526590344156037,-0.7555058058430928
1998-01-16,961.510009765625,961.510009765625,965.1199951171875,950.72998046875,950.72998046875,670080000,0.011338686607484494,1.1274885527825091
1998-01-20,978.5999755859375,978.5999755859375,978.5999755859375,961.47998046875,961.510009765625,644790000,0.01777409038568223,1.76179783597565
1998-01-21,970.8099975585938,970.8099975585938,978.5999755859375,963.2899780273438,978.5999755859375,626160000,-0.00796032926802348,-0.799218183963488
1998-01-22,963.0399780273438,963.0399780273438,970.8099975585938,959.489990234375,970.8099975585938,646570000,-0.008003645976854545,-0.803584708391218
1998-01-23,957.5900268554688,957.5900268554688,966.4400024414062,950.8599853515625,963.0399780273438,635770000,-0.005659112078647555,-0.5675185523040231
1998-01-26,956.9500122070312,956.9500122070312,963.0399780273438,954.239990234375,957.5900268554688,555080000,-0.000668359768260296,-0.06685832202199578
1998-01-27,969.02001953125,969.02001953125,973.22998046875,956.260009765625,956.9500122070312,679140000,0.01261299667720528,1.253411542805462
1998-01-28,977.4600219726562,977.4600219726562,978.6300048828125,969.02001953125,969.02001953125,708470000,0.00870983289435956,0.8672121117151637
1998-01-29,985.489990234375,985.489990234375,992.6500244140625,975.2100219726562,977.4600219726562,750760000,0.0082151372753978,0.8181576712973662
1998-01-30,980.280029296875,980.280029296875,987.4099731445312,979.6300048828125,985.489990234375,613380000,-0.005286670579232267,-0.530069447043768
1998-02-02,1001.27001953125,1001.27001953125,1002.47998046875,980.280029296875,980.280029296875,724320000,0.021412238959341634,2.1186217692749105
1998-02-03,1006.0,1006.0,1006.1300048828125,996.9000244140625,1001.27001953125,692120000,0.004723980920715354,0.47128579389261627
1998-02-04,1006.9000244140625,1006.9000244140625,1009.52001953125,999.4299926757812,1006.0,695420000,0.0008946564752112529,0.08942565086442766
1998-02-05,1003.5399780273438,1003.5399780273438,1013.510009765625,1000.27001953125,1006.9000244140625,703980000,-0.0033370208613054952,-0.3342601133200769
1998-02-06,1012.4600219726562,1012.4600219726562,1013.0700073242188,1003.3599853515625,1003.5399780273438,569650000,0.008888578572471717,0.8849307694583417
1998-02-09,1010.739990234375,1010.739990234375,1015.3300170898438,1006.280029296875,1012.4600219726562,524810000,-0.0016988638572908998,-0.17003085629643955
1998-02-10,1019.010009765625,1019.010009765625,1022.1500244140625,1010.7100219726562,1010.739990234375,642800000,0.008182143391132879,0.8148851133957847
1998-02-11,1020.010009765625,1020.010009765625,1020.7100219726562,1016.3800048828125,1019.010009765625,599300000,0.0009813446290189987,0.09808634251706892
1998-02-12,1024.1400146484375,1024.1400146484375,1026.300048828125,1008.5499877929688,1020.010009765625,611480000,0.004048984660220523,0.40408095815800776
1998-02-13,1020.0900268554688,1020.0900268554688,1024.1400146484375,1017.7100219726562,1024.1400146484375,531940000,-0.003954525489719307,-0.3962365300958221
1998-02-17,1022.760009765625,1022.760009765625,1028.02001953125,1020.0900268554688,1020.0900268554688,605890000,0.0026173992881655117,0.2613979864014611
1998-02-18,1032.0799560546875,1032.0799560546875,1032.0799560546875,1021.7000122070312,1022.760009765625,606000000,0.009112544683085755,0.9071275967001708
1998-02-19,1028.280029296875,1028.280029296875,1032.9300537109375,1026.6199951171875,1032.0799560546875,581820000,-0.0036818143163427353,-0.36886088773410924
1998-02-20,1034.2099609375,1034.2099609375,1034.2099609375,1022.6900024414062,1028.280029296875,594300000,0.005766845092459727,0.5750280494436031
1998-02-23,1038.1400146484375,1038.1400146484375,1038.6800537109375,1031.760009765625,1034.2099609375,550730000,0.0038000540116389647,0.37928520458665016
1998-02-24,1030.56005859375,1030.56005859375,1038.72998046875,1028.8900146484375,1038.1400146484375,589880000,-0.007301477592359662,-0.7328263845672457
1998-02-25,1042.9000244140625,1042.9000244140625,1045.7900390625,1030.56005859375,1030.56005859375,611350000,0.011974038502085005,1.190291688214699
1998-02-26,1048.6700439453125,1048.6700439453125,1048.6800537109375,1039.8499755859375,1042.9000244140625,646280000,0.005532667941485325,0.5517418953412401
1998-02-27,1049.3399658203125,1049.3399658203125,1051.6600341796875,1044.4000244140625,1048.6700439453125,574480000,0.0006388299912520878,0.06386260262345837
1998-03-02,1047.699951171875,1047.699951171875,1053.97998046875,1044.699951171875,1049.3399658203125,591470000,-0.001562901158687291,-0.15641237627421165
1998-03-03,1052.02001953125,1052.02001953125,1052.02001953125,1043.4100341796875,1047.699951171875,612360000,0.004123383182888407,0.41149053354040693
1998-03-04,1047.3299560546875,1047.3299560546875,1052.02001953125,1042.739990234375,1052.02001953125,644280000,-0.0044581504054003185,-0.44681175924299055
1998-03-05,1035.050048828125,1035.050048828125,1047.3299560546875,1030.8699951171875,1047.3299560546875,648270000,-0.011724965141664767,-1.1794244610813833
1998-03-06,1055.68994140625,1055.68994140625,1055.68994140625,1035.050048828125,1035.050048828125,665500000,0.01994096092405706,1.9744744173981237
1998-03-09,1052.31005859375,1052.31005859375,1058.550048828125,1050.02001953125,1055.68994140625,624700000,-0.0032015866401055026,-0.3206722683868357
1998-03-10,1064.25,1064.25,1064.5899658203125,1052.31005859375,1052.31005859375,631920000,0.011346410032615273,1.1282522332134022
1998-03-11,1068.469970703125,1068.469970703125,1069.1800537109375,1064.219970703125,1064.25,655260000,0.003965206204486815,0.39573654942190795
1998-03-12,1069.9200439453125,1069.9200439453125,1071.8699951171875,1063.5400390625,1068.469970703125,594940000,0.0013571492713391198,0.1356229176643255
1998-03-13,1068.6099853515625,1068.6099853515625,1075.8599853515625,1066.5699462890625,1069.9200439453125,597800000,-0.001224445322959955,-0.12251955686201381
1998-03-16,1079.27001953125,1079.27001953125,1079.4599609375,1068.6099853515625,1068.6099853515625,548980000,0.009975607869863179,0.9926179937639227
1998-03-17,1080.449951171875,1080.449951171875,1080.52001953125,1073.2900390625,1079.27001953125,680960000,0.0010932682454549703,0.10926710629408655
1998-03-18,1085.52001953125,1085.52001953125,1085.52001953125,1077.77001953125,1080.449951171875,632690000,0.004692552722017185,0.4681577019142191
1998-03-19,1089.739990234375,1089.739990234375,1089.739990234375,1084.300048828125,1085.52001953125,598240000,0.0038875107111771,0.38799738681362206
1998-03-20,1099.1600341796875,1099.1600341796875,1101.0400390625,1089.3900146484375,1089.739990234375,717310000,0.008644304173224482,0.8607156101883294
1998-03-23,1095.550048828125,1095.550048828125,1101.1600341796875,1094.25,1099.1600341796875,631350000,-0.0032843127836763575,-0.3289717977048806
1998-03-24,1105.6500244140625,1105.6500244140625,1106.75,1095.550048828125,1095.550048828125,605720000,0.009219090991544387,0.9176854561395579
1998-03-25,1101.9300537109375,1101.9300537109375,1113.0699462890625,1092.8399658203125,1105.6500244140625,676550000,-0.003364510126155351,-0.3370182817809413
1998-03-26,1100.800048828125,1100.800048828125,1106.280029296875,1097.0,1101.9300537109375,606770000,-0.0010254778685879762,-0.10260040307599896
1998-03-27,1095.43994140625,1095.43994140625,1107.1800537109375,1091.1400146484375,1100.800048828125,582190000,-0.004869283415803949,-0.48811770008271216
1998-03-30,1093.5999755859375,1093.5999755859375,1099.0999755859375,1090.02001953125,1095.43994140625,497400000,-0.0016796592407891664,-0.16810714499467347
1998-03-31,1101.75,1101.75,1110.1300048828125,1093.550048828125,1093.550048828125,674930000,0.007452473112662394,0.7424840636846992
1998-04-01,1108.1500244140625,1108.1500244140625,1109.18994140625,1095.2900390625,1101.75,677310000,0.005808962481563373,0.5792155514955982
1998-04-02,1120.010009765625,1120.010009765625,1121.010009765625,1107.8900146484375,1108.1500244140625,674340000,0.010702508767107988,1.0645642302887024
1998-04-03,1122.699951171875,1122.699951171875,1126.3599853515625,1118.1199951171875,1120.010009765625,653880000,0.002401711933639694,0.23988324330992328
1998-04-06,1121.3800048828125,1121.3800048828125,1131.989990234375,1121.3699951171875,1122.699951171875,625810000,-0.001175689272707947,-0.11763809375160048
1998-04-07,1109.550048828125,1109.550048828125,1121.3800048828125,1102.43994140625,1121.3800048828125,670760000,-0.010549462272536059,-1.0605502326394822
1998-04-08,1101.6500244140625,1101.6500244140625,1111.5999755859375,1098.2099609375,1109.550048828125,616330000,-0.007120025295304422,-0.7145493637570136
1998-04-09,1110.6700439453125,1110.6700439453125,1111.449951171875,1101.6500244140625,1101.6500244140625,548940000,0.00818773597000333,0.8154398309530849
1998-04-13,1109.68994140625,1109.68994140625,1110.75,1100.5999755859375,1110.6700439453125,564480000,-0.0008824425799591751,-0.08828321616184624
1998-04-14,1115.75,1115.75,1115.949951171875,1109.47998046875,1109.68994140625,613730000,0.0054610376895642965,0.544618028990913
1998-04-15,1119.3199462890625,1119.3199462890625,1119.9000244140625,1112.239990234375,1115.75,685020000,0.0031995933578869984,0.3194485551428072
1998-04-16,1108.1700439453125,1108.1700439453125,1119.3199462890625,1105.27001953125,1119.3199462890625,699570000,-0.009961318370780292,-1.0011264264058752
1998-04-17,1122.719970703125,1122.719970703125,1122.719970703125,1104.949951171875,1108.1700439453125,672290000,0.013129687846471505,1.3044240612677953
1998-04-20,1123.6500244140625,1123.6500244140625,1124.8800048828125,1118.4300537109375,1122.719970703125,595190000,0.0008283933083998996,0.0828050380036505
1998-04-21,1126.6700439453125,1126.6700439453125,1129.6500244140625,1119.5400390625,1123.6500244140625,675640000,0.002687686971594827,0.26840815995956024
1998-04-22,1130.5400390625,1130.5400390625,1132.97998046875,1126.2900390625,1126.6700439453125,696740000,0.0034348966123531888,0.3429010829171299
1998-04-23,1119.5799560546875,1119.5799560546875,1130.5400390625,1117.489990234375,1130.5400390625,653190000,-0.009694555370989955,-0.9741853510779328
1998-04-24,1107.9000244140625,1107.9000244140625,1122.81005859375,1104.77001953125,1119.5799560546875,633890000,-0.010432422961361487,-1.0487222144482637
1998-04-27,1086.5400390625,1086.5400390625,1107.9000244140625,1076.699951171875,1107.9000244140625,685960000,-0.019279704739477044,-1.946798213038632
1998-04-28,1085.1099853515625,1085.1099853515625,1095.93994140625,1081.489990234375,1086.5400390625,678600000,-0.001316153716867552,-0.13170206078954816
1998-04-29,1094.6199951171875,1094.6199951171875,1098.239990234375,1084.6500244140625,1085.1099853515625,638790000,0.00876409755140517,0.8725915772180173
1998-04-30,1111.75,1111.75,1116.969970703125,1094.6300048828125,1094.6300048828125,695600000,0.01564927094263302,1.55280837939391
1998-05-01,1121.0,1121.0,1121.02001953125,1111.75,1111.75,581970000,0.008320215875871284,0.8285793681353992
1998-05-04,1122.0699462890625,1122.0699462890625,1130.52001953125,1121.0,1121.0,551700000,0.0009544569929191837,0.09540017884692048
1998-05-05,1115.5,1115.5,1122.0699462890625,1111.1600341796875,1122.0699462890625,583630000,-0.005855202085031097,-0.5872410988041952
1998-05-06,1104.9200439453125,1104.9200439453125,1118.3900146484375,1104.6400146484375,1115.5,606540000,-0.00948449668730389,-0.9529760959262479
1998-05-07,1095.1400146484375,1095.1400146484375,1105.5799560546875,1094.5899658203125,1104.9200439453125,582240000,-0.00885134571543622,-0.8890751578197567
1998-05-08,1108.1400146484375,1108.1400146484375,1111.4200439453125,1094.530029296875,1095.1400146484375,567890000,0.011870628254025739,1.1800724999688925
1998-05-11,1106.6400146484375,1106.6400146484375,1119.1300048828125,1103.719970703125,1108.1400146484375,560840000,-0.0013536195608602197,-0.13545365313975716
1998-05-12,1115.7900390625,1115.7900390625,1115.9599609375,1102.780029296875,1106.6400146484375,604420000,0.008268293476600297,0.8234298397073976
1998-05-13,1118.8599853515625,1118.8599853515625,1122.219970703125,1114.9300537109375,1115.7900390625,600010000,0.0027513655630426737,0.27475874851409804
1998-05-14,1117.3699951171875,1117.3699951171875,1124.030029296875,1112.4300537109375,1118.8599853515625,578380000,-0.0013317039253190055,-0.13325914310087372
1998-05-15,1108.72998046875,1108.72998046875,1118.6600341796875,1107.1099853515625,1117.3699951171875,621990000,-0.007732456291285494,-0.7762506740858484
1998-05-18,1105.8199462890625,1105.8199462890625,1112.43994140625,1097.989990234375,1108.72998046875,519100000,-0.0026246554444727677,-0.26281058913857647
1998-05-19,1109.52001953125,1109.52001953125,1113.5,1105.8199462890625,1105.8199462890625,566020000,0.003345999730430149,0.3340414329032
1998-05-20,1119.06005859375,1119.06005859375,1119.0799560546875,1107.510009765625,1109.52001953125,587240000,0.008598347839212872,0.8561592585789966
1998-05-21,1114.6400146484375,1114.6400146484375,1124.449951171875,1111.93994140625,1119.06005859375,551970000,-0.003949782597787332,-0.39576035900110623
1998-05-22,1110.469970703125,1110.469970703125,1116.8900146484375,1107.989990234375,1114.6400146484375,444070000,-0.0037411575849695122,-0.37481732181996713
1998-05-26,1094.02001953125,1094.02001953125,1116.7900390625,1094.010009765625,1110.469970703125,541410000,-0.01481350383699187,-1.4924319525785883
1998-05-27,1092.22998046875,1092.22998046875,1094.43994140625,1074.3900146484375,1094.02001953125,682040000,-0.001636203205190867,-0.16375432475757826
1998-05-28,1097.5999755859375,1097.5999755859375,1099.72998046875,1089.06005859375,1092.22998046875,588900000,0.004916542498570653,0.4904495772857762
1998-05-29,1090.8199462890625,1090.8199462890625,1104.1600341796875,1090.8199462890625,1097.5999755859375,556780000,-0.006177140531782199,-0.6196297997339911
1998-06-01,1090.97998046875,1090.97998046875,1097.8499755859375,1084.219970703125,1090.8199462890625,537660000,0.00014670998658572465,0.014669922572811332
1998-06-02,1093.219970703125,1093.219970703125,1098.7099609375,1089.6700439453125,1090.97998046875,590930000,0.0020531909608576537,0.20510860450004895
1998-06-03,1082.72998046875,1082.72998046875,1097.4300537109375,1081.0899658203125,1093.219970703125,584480000,-0.009595498175566819,-0.964183160127856
1998-06-04,1094.8299560546875,1094.8299560546875,1095.9300537109375,1078.0999755859375,1082.72998046875,577470000,0.011175432290790654,1.1113448516807014
1998-06-05,1113.8599853515625,1113.8599853515625,1113.8800048828125,1094.8299560546875,1095.0999755859375,558440000,0.01738172141859473,1.7232387271670615
1998-06-08,1115.719970703125,1115.719970703125,1119.699951171875,1113.31005859375,1113.8599853515625,543390000,0.0016698556156278244,0.1668462956883105
1998-06-09,1118.4100341796875,1118.4100341796875,1119.9200439453125,1111.31005859375,1115.719970703125,563610000,0.0024110561316450507,0.24081541993551825
1998-06-10,1112.280029296875,1112.280029296875,1126.0,1110.27001953125,1118.4100341796875,609410000,-0.005480999539948406,-0.5496075330094198
1998-06-11,1094.5799560546875,1094.5799560546875,1114.199951171875,1094.280029296875,1112.280029296875,627470000,-0.015913324680814966,-1.6041301135142194
1998-06-12,1098.8399658203125,1098.8399658203125,1098.8399658203125,1080.8299560546875,1094.5799560546875,633300000,0.0038919128219556676,0.38843589223179475
1998-06-15,1077.010009765625,1077.010009765625,1098.8399658203125,1077.010009765625,1098.8399658203125,595820000,-0.019866365197584446,-2.0066354570696583
1998-06-16,1087.5899658203125,1087.5899658203125,1087.5899658203125,1074.6700439453125,1077.010009765625,664600000,0.009823451925938809,0.9775515500526777
1998-06-17,1107.1099853515625,1107.1099853515625,1112.8699951171875,1087.5799560546875,1087.5899658203125,744400000,0.017947958462936953,1.778879546887592
1998-06-18,1106.3699951171875,1106.3699951171875,1109.3599853515625,1103.7099609375,1107.1099853515625,590440000,-0.000668398121384528,-0.06686215989957556
1998-06-19,1100.6500244140625,1100.6500244140625,1111.25,1097.0999755859375,1106.3699951171875,715500000,-0.005170034191427142,-0.5183445061270838
1998-06-22,1103.2099609375,1103.2099609375,1109.010009765625,1099.4200439453125,1100.6500244140625,531550000,0.0023258406093256134,0.23231400286584764
1998-06-23,1119.489990234375,1119.489990234375,1119.489990234375,1103.2099609375,1103.2099609375,657100000,0.014756963654534383,1.464913914696189
1998-06-24,1132.8800048828125,1132.8800048828125,1134.4000244140625,1115.0999755859375,1119.489990234375,714900000,0.011960816769459592,1.1889851508435811
1998-06-25,1129.280029296875,1129.280029296875,1142.0400390625,1127.5999755859375,1132.8800048828125,669900000,-0.0031777201207729977,-0.31827797950183545
1998-06-26,1133.199951171875,1133.199951171875,1136.8299560546875,1129.280029296875,1129.280029296875,520050000,0.0034711690398356865,0.34651584377786404
1998-06-29,1138.489990234375,1138.489990234375,1145.1500244140625,1133.199951171875,1133.199951171875,564350000,0.004668230930498618,0.4657368532823928
1998-06-30,1133.8399658203125,1133.8399658203125,1140.800048828125,1131.97998046875,1138.489990234375,757200000,-0.004084378829808832,-0.4092742686897182
1998-07-01,1148.56005859375,1148.56005859375,1148.56005859375,1133.8399658203125,1133.8399658203125,701600000,0.012982513597311618,1.2898963120825466
1998-07-02,1146.4200439453125,1146.4200439453125,1148.56005859375,1142.989990234375,1148.56005859375,510210000,-0.001863215277621344,-0.18649532223189885
1998-07-06,1157.3299560546875,1157.3299560546875,1157.3299560546875,1145.030029296875,1146.4200439453125,514750000,0.009516505025356503,0.9471508340276522
1998-07-07,1154.6600341796875,1154.6600341796875,1159.81005859375,1152.8499755859375,1157.3299560546875,624890000,-0.0023069668775373975,-0.23096320253518932
1998-07-08,1166.3800048828125,1166.3800048828125,1166.8900146484375,1154.6600341796875,1154.6600341796875,607230000,0.010150148404028947,1.009898159026706
1998-07-09,1158.56005859375,1158.56005859375,1166.3800048828125,1156.030029296875,1166.3800048828125,663600000,-0.0067044584580718825,-0.6727034302131389
1998-07-10,1164.3299560546875,1164.3299560546875,1166.9300537109375,1150.8800048828125,1158.5699462890625,576080000,0.004980231640249189,0.49678713078795966
1998-07-13,1165.18994140625,1165.18994140625,1166.97998046875,1160.2099609375,1164.3299560546875,574880000,0.0007386096587918001,0.07383370209181545
1998-07-14,1177.5799560546875,1177.5799560546875,1179.760009765625,1165.18994140625,1165.18994140625,700300000,0.01063347202730247,1.0577334272467231
1998-07-15,1174.81005859375,1174.81005859375,1181.47998046875,1174.72998046875,1177.5799560546875,723900000,-0.002352194809953856,-0.23549655659237928
1998-07-16,1183.989990234375,1183.989990234375,1184.02001953125,1170.4000244140625,1174.81005859375,677800000,0.00781397092531999,0.7783599963787977
1998-07-17,1186.75,1186.75,1188.0999755859375,1182.4200439453125,1183.989990234375,618030000,0.002331109036723067,0.23283962171533665
1998-07-20,1184.0999755859375,1184.0999755859375,1190.5799560546875,1179.18994140625,1186.75,560580000,-0.0022330098285759936,-0.22355067127603767
1998-07-21,1165.0699462890625,1165.0699462890625,1187.3699951171875,1163.050048828125,1184.0999755859375,659700000,-0.016071302836957013,-1.6201846788077938
1998-07-22,1164.0799560546875,1164.0799560546875,1167.6700439453125,1155.199951171875,1165.0699462890625,739800000,-0.0008497260078919044,-0.08500872296770082
1998-07-23,1139.75,1139.75,1164.3499755859375,1139.75,1164.0799560546875,741600000,-0.020900588424481503,-2.112209760736143
1998-07-24,1140.800048828125,1140.800048828125,1150.1400146484375,1129.1099853515625,1139.75,698600000,0.0009212975021934966,0.09208733681321665
1998-07-27,1147.27001953125,1147.27001953125,1147.27001953125,1128.18994140625,1140.800048828125,619990000,0.005671432701787937,0.5655410677353717
1998-07-28,1130.239990234375,1130.239990234375,1147.27001953125,1119.43994140625,1147.27001953125,703600000,-0.014843959143840513,-1.495523324386167
1998-07-29,1125.2099609375,1125.2099609375,1138.56005859375,1121.97998046875,1130.239990234375,644350000,-0.004450408179091148,-0.4460340725784639
1998-07-30,1142.949951171875,1142.949951171875,1143.0699462890625,1125.2099609375,1125.2099609375,687400000,0.015765937780709338,1.5642946415527825
1998-07-31,1120.6700439453125,1120.6700439453125,1142.969970703125,1114.300048828125,1142.949951171875,645910000,-0.01949333582255175,-1.9685836655474889
1998-08-03,1112.43994140625,1112.43994140625,1121.7900390625,1110.3900146484375,1120.6700439453125,620400000,-0.00734391231703535,-0.7371011599113052
1998-08-04,1072.1199951171875,1072.1199951171875,1119.72998046875,1071.8199462890625,1112.43994140625,852600000,-0.03624460502388427,-3.691775622027561
1998-08-05,1081.4300537109375,1081.4300537109375,1084.800048828125,1057.3499755859375,1072.1199951171875,851600000,0.00868378412505244,0.8646296935803177
1998-08-06,1089.6300048828125,1089.6300048828125,1090.949951171875,1074.93994140625,1081.4300537109375,768400000,0.007582507203065747,0.7553904491176193
1998-08-07,1089.449951171875,1089.449951171875,1102.5400390625,1084.719970703125,1089.6300048828125,759100000,-0.00016524298168241192,-0.01652566358080959
1998-08-10,1083.1400146484375,1083.1400146484375,1092.8199462890625,1081.760009765625,1089.449951171875,579180000,-0.005791855345580688,-0.5808693186120947
1998-08-11,1068.97998046875,1068.97998046875,1083.1400146484375,1054.0,1083.1400146484375,774400000,-0.013073133656024583,-1.3159339209899252
1998-08-12,1084.219970703125,1084.219970703125,1084.699951171875,1068.97998046875,1068.97998046875,711700000,0.014256572164889514,1.4155902910775353
1998-08-13,1074.9100341796875,1074.9100341796875,1091.5,1074.9100341796875,1084.219970703125,660700000,-0.008586759859625093,-0.8623838491523228
1998-08-14,1062.75,1062.75,1083.9200439453125,1057.219970703125,1074.9100341796875,644030000,-0.011312606444284778,-1.137708068555818
1998-08-17,1083.6700439453125,1083.6700439453125,1083.6700439453125,1055.0799560546875,1062.75,584380000,0.019684821402317088,1.9493580921088514
1998-08-18,1101.199951171875,1101.199951171875,1101.719970703125,1083.6700439453125,1083.6700439453125,690600000,0.01617642503315997,1.6046980767630517
1998-08-19,1098.06005859375,1098.06005859375,1106.3199462890625,1094.9300537109375,1101.199951171875,633630000,-0.002851337375000429,-0.28554101812189087
1998-08-20,1091.5999755859375,1091.5999755859375,1098.7900390625,1089.550048828125,1098.06005859375,621630000,-0.00588317820801687,-0.5900552277609008
1998-08-21,1081.239990234375,1081.239990234375,1091.5999755859375,1054.9200439453125,1091.5999755859375,725700000,-0.00949064271094513,-0.9535965852258512
1998-08-24,1088.1400146484375,1088.1400146484375,1093.8199462890625,1081.239990234375,1081.239990234375,558100000,0.006381584547725527,0.6361308453742267
1998-08-25,1092.8499755859375,1092.8499755859375,1106.6400146484375,1085.530029296875,1088.1400146484375,664900000,0.00432845118651537,0.4319110386110654
1998-08-26,1084.18994140625,1084.18994140625,1092.8499755859375,1075.9100341796875,1092.8499755859375,674100000,-0.0079242662516823,-0.7955830107005094
1998-08-27,1042.5899658203125,1042.5899658203125,1084.18994140625,1037.6099853515625,1084.18994140625,938600000,-0.03836963801008908,-3.9125141250913695
1998-08-28,1027.1400146484375,1027.1400146484375,1051.800048828125,1021.0399780273438,1042.5899658203125,840300000,-0.01481881821078046,-1.4929713822340855
1998-08-31,957.280029296875,957.280029296875,1033.469970703125,957.280029296875,1027.1400146484375,917500000,-0.06801408216529636,-7.043757403011401
1998-09-01,994.260009765625,994.260009765625,1000.7100219726562,939.97998046875,957.280029296875,1216600000,0.03863026422468252,3.790279144574931
1998-09-02,990.47998046875,990.47998046875,1013.1900024414062,988.4000244140625,994.260009765625,894600000,-0.0038018518895938103,-0.38090972982994536
1998-09-03,982.260009765625,982.260009765625,990.469970703125,969.3200073242188,990.469970703125,880500000,-0.008298977127467855,-0.8333605357159969
1998-09-04,973.8900146484375,973.8900146484375,991.4099731445312,956.510009765625,982.260009765625,780300000,-0.00852116041982065,-0.8557673075362384
1998-09-08,1023.4600219726562,1023.4600219726562,1023.4600219726562,973.8900146484375,973.8900146484375,814800000,0.05089897891818196,4.964596826288974
1998-09-09,1006.2000122070312,1006.2000122070312,1027.719970703125,1004.5599975585938,1023.4600219726562,704300000,-0.016864371245647103,-1.7008194034796507
1998-09-10,980.1900024414062,980.1900024414062,1006.2000122070312,968.6400146484375,1006.2000122070312,880300000,-0.02584974105553206,-2.6189717274469637
1998-09-11,1009.0599975585938,1009.0599975585938,1009.0599975585938,969.7100219726562,980.1900024414062,819100000,0.029453468251338544,2.902804806824876
1998-09-14,1029.719970703125,1029.719970703125,1038.3800048828125,1009.0599975585938,1009.0599975585938,714400000,0.020474474455946856,2.0267690172915884
1998-09-15,1037.6800537109375,1037.6800537109375,1037.9000244140625,1021.4199829101562,1029.719970703125,724600000,0.007730337600791781,0.7700611637287363
1998-09-16,1045.47998046875,1045.47998046875,1046.0699462890625,1029.31005859375,1037.6800537109375,797500000,0.007516697203457268,0.7488587608029232
1998-09-17,1018.8699951171875,1018.8699951171875,1045.47998046875,1016.0499877929688,1045.47998046875,694500000,-0.02545241023135769,-2.5781926164172173
1998-09-18,1020.0900268554688,1020.0900268554688,1022.010009765625,1011.8599853515625,1018.8699951171875,794700000,0.00119743612445955,0.11967197696258795
1998-09-21,1023.8900146484375,1023.8900146484375,1026.02001953125,993.8200073242188,1020.0900268554688,609880000,0.003725149440665154,0.37182282544642725
1998-09-22,1029.6300048828125,1029.6300048828125,1033.8900146484375,1021.9600219726562,1023.8900146484375,694900000,0.005606061346682623,0.5590405867901245
1998-09-23,1066.0899658203125,1066.0899658203125,1066.0899658203125,1029.6300048828125,1029.6300048828125,899700000,0.035410740522902495,3.4798198739667696
1998-09-24,1042.719970703125,1042.719970703125,1066.1099853515625,1033.0400390625,1066.0899658203125,805900000,-0.021921222285593123,-2.21650623810495
1998-09-25,1044.75,1044.75,1051.8900146484375,1028.489990234375,1042.719970703125,736800000,0.0019468595154135127,0.1944966840543727
1998-09-28,1048.68994140625,1048.68994140625,1061.4599609375,1042.22998046875,1044.75,690500000,0.0037711810540799195,0.3764087978064852
1998-09-29,1049.02001953125,1049.02001953125,1056.31005859375,1039.8800048828125,1048.68994140625,760100000,0.00031475282823567596,0.03147033039559003
1998-09-30,1017.010009765625,1017.010009765625,1049.02001953125,1015.72998046875,1049.02001953125,800100000,-0.03051420294145435,-3.098945416584644
1998-10-01,986.3900146484375,986.3900146484375,1017.010009765625,981.2899780273438,1017.010009765625,899700000,-0.03010786012248201,-3.057040967000115
1998-10-02,1002.5999755859375,1002.5999755859375,1005.4500122070312,971.6900024414062,986.3900146484375,902900000,0.016433622296224693,1.6300051704454164
1998-10-05,988.5599975585938,988.5599975585938,1002.5999755859375,964.719970703125,1002.5999755859375,817500000,-0.01400356908959477,-1.4102544152376302
1998-10-06,984.5900268554688,984.5900268554688,1008.77001953125,974.8099975585938,988.5599975585938,845700000,-0.004015912754844919,-0.40239981866579166
1998-10-07,970.6799926757812,970.6799926757812,995.6599731445312,957.1500244140625,984.5900268554688,977000000,-0.014127742309266167,-1.4228488867207818
1998-10-08,959.4400024414062,959.4400024414062,970.6799926757812,923.3200073242188,970.6799926757812,1114600000,-0.011579501297220296,-1.1647065804328653
1998-10-09,984.3900146484375,984.3900146484375,984.4199829101562,953.0399780273438,959.4400024414062,878100000,0.026004765429357812,2.5672391405781427
1998-10-12,997.7100219726562,997.7100219726562,1010.7100219726562,984.3900146484375,984.3900146484375,691100000,0.013531229620381557,1.3440500071478956
1998-10-13,994.7999877929688,994.7999877929688,1000.780029296875,987.5499877929688,997.7100219726562,733300000,-0.0029167133892609165,-0.29209752869318745
1998-10-14,1005.530029296875,1005.530029296875,1014.4199829101562,987.7999877929688,994.7999877929688,791200000,0.010786129509019693,1.0728374147504967
1998-10-15,1047.489990234375,1047.489990234375,1053.0899658203125,1000.1199951171875,1005.530029296875,937600000,0.041729197254149586,4.088202208254856
1998-10-16,1056.4200439453125,1056.4200439453125,1062.6500244140625,1047.489990234375,1047.489990234375,1042200000,0.008525192406792836,0.8489058176278104
1998-10-19,1062.3900146484375,1062.3900146484375,1065.2099609375,1054.22998046875,1056.4200439453125,738600000,0.005651133502569294,0.5635225750718463
1998-10-20,1063.9300537109375,1063.9300537109375,1084.06005859375,1060.6099853515625,1062.3900146484375,958200000,0.0014495985855154103,0.14485489317478145
1998-10-21,1069.9200439453125,1069.9200439453125,1073.6099853515625,1058.0799560546875,1063.9300537109375,745100000,0.00563006018439105,0.5614270631916418
1998-10-22,1078.47998046875,1078.47998046875,1080.4300537109375,1061.469970703125,1069.9200439453125,754900000,0.008000538518628808,0.7968703893705601
1998-10-23,1070.6700439453125,1070.6700439453125,1078.47998046875,1067.4300537109375,1078.47998046875,637640000,-0.0072416147400742314,-0.7267962509418431
1998-10-26,1072.3199462890625,1072.3199462890625,1081.22998046875,1068.1700439453125,1070.6700439453125,609910000,0.0015409998188333773,0.15398136969985576
1998-10-27,1065.3399658203125,1065.3399658203125,1087.0799560546875,1063.06005859375,1072.3199462890625,764500000,-0.006509233081885113,-0.6530510523017555
1998-10-28,1068.0899658203125,1068.0899658203125,1072.7900390625,1059.6500244140625,1065.3399658203125,677500000,0.0025813356188908454,0.25780096944241876
1998-10-29,1085.9300537109375,1085.9300537109375,1086.1099853515625,1065.949951171875,1068.0899658203125,699400000,0.016702795140410842,1.656483752349743
1998-10-30,1098.6700439453125,1098.6700439453125,1103.780029296875,1085.9300537109375,1085.9300537109375,785000000,0.011731870013946821,1.1663585180564215
1998-11-02,1111.5999755859375,1111.5999755859375,1114.43994140625,1098.6700439453125,1098.6700439453125,753800000,0.011768712282528293,1.1699999569478037
1998-11-03,1110.8399658203125,1110.8399658203125,1115.02001953125,1106.4200439453125,1111.5999755859375,704300000,-0.0006837079725774409,-0.06839418074625822
1998-11-04,1118.6700439453125,1118.6700439453125,1127.1800537109375,1110.5899658203125,1110.8399658203125,861100000,0.007048790434198926,0.7024063837972139
1998-11-05,1133.8499755859375,1133.8499755859375,1133.8800048828125,1109.550048828125,1118.6700439453125,770200000,0.013569623789235097,1.3478380938426007
1998-11-06,1141.010009765625,1141.010009765625,1141.300048828125,1131.1800537109375,1133.8499755859375,683100000,0.006314798548183065,0.6294943750026504
1998-11-09,1130.199951171875,1130.199951171875,1141.010009765625,1123.1700439453125,1141.010009765625,592990000,-0.009474113724883493,-0.9519278631659366
1998-11-10,1128.260009765625,1128.260009765625,1135.3699951171875,1122.800048828125,1130.199951171875,671300000,-0.0017164585826061618,-0.17179333855060758
1998-11-11,1120.969970703125,1120.969970703125,1136.25,1117.4000244140625,1128.260009765625,715700000,-0.00646131122205984,-0.6482275848189569
1998-11-12,1117.68994140625,1117.68994140625,1126.5699462890625,1115.550048828125,1120.969970703125,662300000,-0.002926063483054464,-0.29303527760136544
1998-11-13,1125.719970703125,1125.719970703125,1126.3399658203125,1116.760009765625,1117.68994140625,602270000,0.007184487396184158,0.7158801917899691
1998-11-16,1135.8699951171875,1135.8699951171875,1138.719970703125,1125.719970703125,1125.719970703125,615580000,0.009016473615301335,0.8976067913417509
1998-11-17,1139.3199462890625,1139.3199462890625,1151.7099609375,1129.6700439453125,1135.8699951171875,705200000,0.003037276437185099,0.3032673231557144
1998-11-18,1144.47998046875,1144.47998046875,1144.52001953125,1133.0699462890625,1139.3199462890625,652510000,0.004529047522159546,0.45188222486393326
1998-11-19,1152.6099853515625,1152.6099853515625,1155.0999755859375,1144.4200439453125,1144.47998046875,671000000,0.00710366718645683,0.7078554998324825
1998-11-20,1163.550048828125,1163.550048828125,1163.550048828125,1152.6099853515625,1152.6099853515625,721200000,0.00949155708834648,0.9446795276986251
1998-11-23,1188.2099609375,1188.2099609375,1188.2099609375,1163.550048828125,1163.550048828125,774100000,0.02119368404840971,2.0972221532937576
1998-11-24,1182.989990234375,1182.989990234375,1191.300048828125,1181.81005859375,1188.2099609375,766200000,-0.004393138312867251,-0.4402816500464433
1998-11-25,1186.8699951171875,1186.8699951171875,1187.1600341796875,1179.3699951171875,1182.989990234375,583580000,0.003279829005183643,0.32744620978557615
1998-11-27,1192.3299560546875,1192.3299560546875,1192.969970703125,1186.8299560546875,1186.8699951171875,256950000,0.004600302442527404,0.4589753391424127
1998-11-30,1163.6300048828125,1163.6300048828125,1192.719970703125,1163.6300048828125,1192.3299560546875,687900000,-0.02407047732562262,-2.436490555095252
1998-12-01,1175.280029296875,1175.280029296875,1175.8900146484375,1150.31005859375,1163.6300048828125,789200000,0.010011794440824673,0.9962008449167538
1998-12-02,1171.25,1171.25,1175.280029296875,1157.760009765625,1175.280029296875,727400000,-0.00342899495985316,-0.34348874371098725
1998-12-03,1150.1400146484375,1150.1400146484375,1176.989990234375,1149.6099853515625,1171.25,799100000,-0.018023466682230538,-1.8187867738286851
1998-12-04,1176.739990234375,1176.739990234375,1176.739990234375,1150.1400146484375,1150.1400146484375,709700000,0.02312759772475892,2.286420815018823
1998-12-07,1187.699951171875,1187.699951171875,1188.9599609375,1176.7099609375,1176.739990234375,671200000,0.009313834006199784,0.9270727704163438
1998-12-08,1181.3800048828125,1181.3800048828125,1193.530029296875,1172.780029296875,1187.699951171875,727700000,-0.005321164055641092,-0.5335371872925541
1998-12-09,1183.489990234375,1183.489990234375,1185.219970703125,1175.8900146484375,1181.3800048828125,694200000,0.0017860344197815348,0.17844413568686257
1998-12-10,1165.02001953125,1165.02001953125,1183.77001953125,1163.75,1183.489990234375,748600000,-0.015606359880971366,-1.572942115348899
1998-12-11,1166.4599609375,1166.4599609375,1167.8900146484375,1153.18994140625,1165.02001953125,688900000,0.0012359799678201,0.12352167733769735
1998-12-14,1141.199951171875,1141.199951171875,1166.4599609375,1136.8900146484375,1166.4599609375,741800000,-0.021655273744092485,-2.1893190219833847
1998-12-15,1162.8299560546875,1162.8299560546875,1162.8299560546875,1141.199951171875,1141.199951171875,777900000,0.018953738002355447,1.8776353801127497
1998-12-16,1161.93994140625,1161.93994140625,1166.2900390625,1154.68994140625,1162.8299560546875,725500000,-0.0007653867565101669,-0.07656798144983644
1998-12-17,1179.97998046875,1179.97998046875,1180.030029296875,1161.93994140625,1161.93994140625,739400000,0.015525793046297087,1.5406501072018963
1998-12-18,1188.030029296875,1188.030029296875,1188.8900146484375,1178.27001953125,1179.97998046875,839600000,0.0068221910213486225,0.6799025177707199
1998-12-21,1202.8399658203125,1202.8399658203125,1210.8800048828125,1188.030029296875,1188.030029296875,744800000,0.012465961430455197,1.2388901093156923
1998-12-22,1203.5699462890625,1203.5699462890625,1209.219970703125,1192.719970703125,1202.8399658203125,680500000,0.0006068807900410089,0.06066967123660532
1998-12-23,1228.5400390625,1228.5400390625,1229.8900146484375,1203.5699462890625,1203.5699462890625,697500000,0.0207466901698794,2.053440866502617
1998-12-24,1226.27001953125,1226.27001953125,1229.719970703125,1224.8499755859375,1228.5400390625,246980000,-0.0018477375250889327,-0.18494466977959478
1998-12-28,1225.489990234375,1225.489990234375,1231.52001953125,1221.1700439453125,1226.27001953125,531560000,-0.0006360991335114807,-0.06363015303995156
1998-12-29,1241.81005859375,1241.81005859375,1241.8599853515625,1220.780029296875,1225.489990234375,586490000,0.013317178018119824,1.3229283877657234
1998-12-30,1231.9300537109375,1231.9300537109375,1244.9300537109375,1231.199951171875,1241.81005859375,594220000,-0.007956132110896852,-0.7987951012610781
1998-12-31,1229.22998046875,1229.22998046875,1237.1800537109375,1224.9599609375,1231.9300537109375,719200000,-0.002191742326647539,-0.2194147709155871
1999-01-04,1228.0999755859375,1228.0999755859375,1248.81005859375,1219.0999755859375,1229.22998046875,877000000,-0.0009192786547409515,-0.09197014504947498
1999-01-05,1244.780029296875,1244.780029296875,1246.1099853515625,1228.0999755859375,1228.0999755859375,775000000,0.013581999871776995,1.349059125599436
1999-01-06,1272.3399658203125,1272.3399658203125,1272.5,1244.780029296875,1244.780029296875,986900000,0.022140407039631604,2.189886692401159
1999-01-07,1269.72998046875,1269.72998046875,1272.3399658203125,1257.6800537109375,1272.3399658203125,863000000,-0.002051327020824778,-0.2053433873820682
1999-01-08,1275.0899658203125,1275.0899658203125,1278.239990234375,1261.8199462890625,1269.72998046875,937800000,0.004221358425815724,0.42124734878982095
1999-01-11,1263.8800048828125,1263.8800048828125,1276.219970703125,1253.3399658203125,1275.0899658203125,818000000,-0.008791505884283457,-0.8830379176363489
1999-01-12,1239.510009765625,1239.510009765625,1264.449951171875,1238.2900390625,1263.8800048828125,800200000,-0.01928188991283797,-1.9470210263938685
1999-01-13,1234.4000244140625,1234.4000244140625,1247.75,1205.4599609375,1239.510009765625,931500000,-0.004122584982213073,-0.4131106263548749
1999-01-14,1212.18994140625,1212.18994140625,1236.81005859375,1209.5400390625,1234.4000244140625,797200000,-0.01799261387600426,-1.8156449144760296
1999-01-15,1243.260009765625,1243.260009765625,1243.260009765625,1212.18994140625,1212.18994140625,798100000,0.025631353056214,2.5308377169628535
1999-01-19,1252.0,1252.0,1253.27001953125,1234.9100341796875,1243.260009765625,785500000,0.007029897339031033,0.7005302808144316
1999-01-20,1256.6199951171875,1256.6199951171875,1274.0699462890625,1251.5400390625,1252.0,905700000,0.0036900919466353876,0.3683300260185319
1999-01-21,1235.1600341796875,1235.1600341796875,1256.93994140625,1232.18994140625,1256.6199951171875,871800000,-0.017077526237753937,-1.7225028921485925
1999-01-22,1225.18994140625,1225.18994140625,1236.4100341796875,1217.969970703125,1235.1600341796875,785900000,-0.008071903638024458,-0.8104657830393575
1999-01-25,1233.97998046875,1233.97998046875,1233.97998046875,1219.4599609375,1225.18994140625,723900000,0.007174429666318538,0.7148815882362022
1999-01-26,1252.31005859375,1252.31005859375,1253.25,1233.97998046875,1233.97998046875,896400000,0.014854437199246062,1.4745190582961525
1999-01-27,1243.1700439453125,1243.1700439453125,1262.6099853515625,1242.8199462890625,1252.31005859375,893800000,-0.007298523704825199,-0.7325288236186818
1999-01-28,1265.3699951171875,1265.3699951171875,1266.4000244140625,1243.1700439453125,1243.1700439453125,848800000,0.017857533874787945,1.7699961257013532
1999-01-29,1279.6400146484375,1279.6400146484375,1280.3699951171875,1255.1800537109375,1265.3699951171875,917000000,0.011277349381062507,1.1214234148275624
1999-02-01,1273.0,1273.0,1283.75,1271.31005859375,1279.6400146484375,799400000,-0.005188970782741387,-0.5202480245369034
1999-02-02,1261.989990234375,1261.989990234375,1273.489990234375,1247.56005859375,1273.0,845500000,-0.008648868629713258,-0.8686487156186451
1999-02-03,1272.0699462890625,1272.0699462890625,1276.0400390625,1255.27001953125,1261.989990234375,876500000,0.00798735024262398,0.7955620207956756
1999-02-04,1248.489990234375,1248.489990234375,1272.22998046875,1248.3599853515625,1272.0699462890625,854400000,-0.018536681983153502,-1.8710639354908742
1999-02-05,1239.4000244140625,1239.4000244140625,1251.8599853515625,1232.280029296875,1248.489990234375,872000000,-0.007280767880730954,-0.730740202796962
1999-02-08,1243.77001953125,1243.77001953125,1246.9300537109375,1231.97998046875,1239.4000244140625,705400000,0.003525895619740149,0.35196942224907213
1999-02-09,1216.1400146484375,1216.1400146484375,1243.969970703125,1215.6300048828125,1243.77001953125,736000000,-0.02221472173225858,-2.2465184925835593
1999-02-10,1223.550048828125,1223.550048828125,1226.780029296875,1211.8900146484375,1216.1400146484375,721400000,0.006093076529374519,0.6074588798675334
1999-02-11,1254.0400390625,1254.0400390625,1254.050048828125,1223.18994140625,1223.550048828125,815800000,0.024919283247609947,2.4613861438468687
1999-02-12,1230.1300048828125,1230.1300048828125,1254.0400390625,1225.530029296875,1254.0400390625,691500000,-0.019066404129777448,-1.925051195228341
1999-02-16,1241.8699951171875,1241.8699951171875,1252.1700439453125,1230.1300048828125,1230.1300048828125,653760000,0.009543698786124155,0.9498445388233747
1999-02-17,1224.030029296875,1224.030029296875,1249.31005859375,1220.9200439453125,1241.8699951171875,735100000,-0.014365405308491286,-1.4469586685446882
1999-02-18,1237.280029296875,1237.280029296875,1239.1300048828125,1220.699951171875,1224.030029296875,742400000,0.010824897823471957,1.0766728028575918
1999-02-19,1239.219970703125,1239.219970703125,1247.9100341796875,1232.030029296875,1237.280029296875,700000000,0.0015679081212944812,0.1566680236662038
1999-02-22,1272.1400146484375,1272.1400146484375,1272.219970703125,1239.219970703125,1239.219970703125,718500000,0.026565133490088932,2.621840747563431
1999-02-23,1271.1800537109375,1271.1800537109375,1280.3800048828125,1263.3599853515625,1272.1400146484375,781100000,-0.0007546032091171329,-0.0754888065430078
1999-02-24,1253.4100341796875,1253.4100341796875,1283.8399658203125,1251.93994140625,1271.1800537109375,782000000,-0.013979152268299266,-1.407778085890905
1999-02-25,1245.02001953125,1245.02001953125,1253.4100341796875,1225.010009765625,1253.4100341796875,740500000,-0.00669375098303604,-0.6716254612827944
1999-02-26,1238.3299560546875,1238.3299560546875,1246.72998046875,1226.239990234375,1245.02001953125,784600000,-0.005373458556177546,-0.5387947511782114
1999-03-01,1236.1600341796875,1236.1600341796875,1238.699951171875,1221.8800048828125,1238.3299560546875,699500000,-0.0017522970064565158,-0.17538340747184575
1999-03-02,1225.5,1225.5,1248.31005859375,1221.8699951171875,1236.1600341796875,753600000,-0.008623506572724149,-0.866090415963837
1999-03-03,1227.699951171875,1227.699951171875,1231.6300048828125,1216.030029296875,1225.5,751700000,0.0017951457950835525,0.17935364465930195
1999-03-04,1246.6400146484375,1246.6400146484375,1247.739990234375,1227.699951171875,1227.699951171875,770900000,0.01542727395116672,1.5309483472933534
1999-03-05,1275.469970703125,1275.469970703125,1275.72998046875,1246.6400146484375,1246.6400146484375,834900000,0.023126127603739555,2.286277125993248
1999-03-08,1282.72998046875,1282.72998046875,1282.739990234375,1271.5799560546875,1275.469970703125,714600000,0.005692027199686089,0.5675888823953716
1999-03-09,1279.8399658203125,1279.8399658203125,1293.739990234375,1275.1099853515625,1282.72998046875,803700000,-0.0022530187119984557,-0.22555605772878184
1999-03-10,1286.8399658203125,1286.8399658203125,1287.02001953125,1275.1600341796875,1279.8399658203125,841900000,0.00546943382527787,0.5454530788181005
1999-03-11,1297.6800537109375,1297.6800537109375,1306.4300537109375,1286.8399658203125,1286.8399658203125,904800000,0.008423804185872408,0.8388521949356046
1999-03-12,1294.5899658203125,1294.5899658203125,1304.4200439453125,1289.1700439453125,1297.6800537109375,825800000,-0.002381240184580413,-0.23840798458280715
1999-03-15,1307.260009765625,1307.260009765625,1307.469970703125,1291.030029296875,1294.5899658203125,727200000,0.009786916537147805,0.9739334869484768
1999-03-16,1306.3800048828125,1306.3800048828125,1311.1099853515625,1302.2900390625,1307.260009765625,751900000,-0.0006731674465971782,-0.06733941255370549
1999-03-17,1297.8199462890625,1297.8199462890625,1306.550048828125,1292.6300048828125,1306.3800048828125,752300000,-0.006552502764704982,-0.6574064652108874
1999-03-18,1316.550048828125,1316.550048828125,1317.6199951171875,1294.75,1297.8199462890625,831000000,0.014431973088885552,1.432882341633394
1999-03-19,1299.2900390625,1299.2900390625,1323.8199462890625,1298.9200439453125,1316.550048828125,914700000,-0.013110029338412432,-1.3196724322540323
1999-03-22,1297.010009765625,1297.010009765625,1303.8399658203125,1294.260009765625,1299.2900390625,658200000,-0.0017548270427133472,-0.17563685553442676
1999-03-23,1262.1400146484375,1262.1400146484375,1297.010009765625,1257.4599609375,1297.010009765625,811300000,-0.026884908254091733,-2.725291833816146
1999-03-24,1268.5899658203125,1268.5899658203125,1269.02001953125,1256.4300537109375,1262.1400146484375,761900000,0.005110329358879895,0.5097315942202638
1999-03-25,1289.989990234375,1289.989990234375,1289.989990234375,1268.5899658203125,1268.5899658203125,784200000,0.01686914211104029,1.6728438297045976
1999-03-26,1282.800048828125,1282.800048828125,1289.989990234375,1277.25,1289.989990234375,707200000,-0.005573641238056148,-0.5589231934668772
1999-03-29,1310.1700439453125,1310.1700439453125,1311.760009765625,1282.800048828125,1282.800048828125,747900000,0.02133613507591514,2.1111706427016097
1999-03-30,1300.75,1300.75,1310.1700439453125,1295.469970703125,1310.1700439453125,729000000,-0.0071899399538596365,-0.7215912139310645
1999-03-31,1286.3699951171875,1286.3699951171875,1313.5999755859375,1285.8699951171875,1300.75,924300000,-0.011055164238179871,-1.1116726708976845
1999-04-01,1293.719970703125,1293.719970703125,1294.5400390625,1282.56005859375,1286.3699951171875,703000000,0.005713733695466017,0.569747223213796
1999-04-05,1321.1199951171875,1321.1199951171875,1321.1199951171875,1293.719970703125,1293.719970703125,695800000,0.02117925442487434,2.095809127958003
1999-04-06,1317.8900146484375,1317.8900146484375,1326.760009765625,1311.0699462890625,1321.1199951171875,787500000,-0.0024448804655806677,-0.24478740661519424
1999-04-07,1326.8900146484375,1326.8900146484375,1329.5799560546875,1312.5899658203125,1317.8900146484375,816400000,0.006829097952002261,0.6805885283716107
1999-04-08,1343.97998046875,1343.97998046875,1344.0799560546875,1321.5999755859375,1326.8900146484375,850500000,0.012879715448639084,1.2797477296876645
1999-04-09,1348.3499755859375,1348.3499755859375,1351.219970703125,1335.239990234375,1343.97998046875,716100000,0.0032515328953510725,0.3246258093301708
1999-04-12,1358.6300048828125,1358.6300048828125,1358.68994140625,1333.47998046875,1348.3499755859375,810800000,0.007624155065829807,0.7595238080975959
1999-04-13,1349.8199462890625,1349.8199462890625,1362.3800048828125,1344.030029296875,1358.6400146484375,810900000,-0.0064845164335303185,-0.6505632243595896
1999-04-14,1328.43994140625,1328.43994140625,1357.239990234375,1326.4100341796875,1349.8199462890625,952000000,-0.015839153171199327,-1.5965933063986384
1999-04-15,1322.8499755859375,1322.8499755859375,1332.4100341796875,1308.3800048828125,1328.43994140625,1089800000,-0.004207917607773171,-0.4216795807645577
1999-04-16,1319.0,1319.0,1325.030029296875,1311.4000244140625,1322.8599853515625,1002300000,-0.0029103644834950204,-0.29146078293303096
1999-04-19,1289.47998046875,1289.47998046875,1340.0999755859375,1284.47998046875,1319.0,1214400000,-0.02238060616470816,-2.2634852550357647
1999-04-20,1306.1700439453125,1306.1700439453125,1306.300048828125,1284.2099609375,1289.47998046875,985400000,0.012943251333374928,1.2860203295938253
1999-04-21,1336.1199951171875,1336.1199951171875,1336.1199951171875,1301.8399658203125,1306.1700439453125,920000000,0.022929595813888426,2.2670663304898606
1999-04-22,1358.8199462890625,1358.8199462890625,1358.8399658203125,1336.1199951171875,1336.1199951171875,927900000,0.016989455479172078,1.684674875227101
1999-04-23,1356.8499755859375,1356.8499755859375,1363.6500244140625,1348.449951171875,1358.8299560546875,744900000,-0.001449765812243875,-0.14508177395207789
1999-04-26,1360.0400390625,1360.0400390625,1363.56005859375,1353.719970703125,1356.8499755859375,712000000,0.0023510804687045805,0.23483210033231894
1999-04-27,1362.800048828125,1362.800048828125,1371.56005859375,1356.550048828125,1360.0400390625,891700000,0.0020293591999891447,0.20273028322104575
1999-04-28,1350.9100341796875,1350.9100341796875,1368.6199951171875,1348.2900390625,1362.800048828125,951700000,-0.008724694909324149,-0.8762977894182675
1999-04-29,1342.8299560546875,1342.8299560546875,1356.75,1336.81005859375,1350.9100341796875,1003600000,-0.005981211124770791,-0.5999170215246042
1999-04-30,1335.1800537109375,1335.1800537109375,1351.8299560546875,1314.5799560546875,1342.8299560546875,936500000,-0.005696851123448199,-0.5713140073082221
1999-05-03,1354.6300048828125,1354.6300048828125,1354.6300048828125,1329.010009765625,1335.1800537109375,811400000,0.014567287099456427,1.4462203465727277
1999-05-04,1332.0,1332.0,1354.6400146484375,1330.6400146484375,1354.6300048828125,933100000,-0.016705672250903802,-1.6846785798959794
1999-05-05,1347.31005859375,1347.31005859375,1347.3199462890625,1317.43994140625,1332.0,913500000,0.011494037983295735,1.1428483375267562
1999-05-06,1332.050048828125,1332.050048828125,1348.3599853515625,1322.56005859375,1347.31005859375,875400000,-0.011326279105755788,-1.1390909885870972
1999-05-07,1345.0,1345.0,1345.989990234375,1332.050048828125,1332.050048828125,814900000,0.009721820274897208,0.967486744620845
1999-05-10,1340.300048828125,1340.300048828125,1352.010009765625,1334.0,1345.0,773300000,-0.003494387488382933,-0.3500507120746083
1999-05-11,1355.6099853515625,1355.6099853515625,1360.0,1340.300048828125,1340.300048828125,836100000,0.011422768011404294,1.13580207920217
1999-05-12,1364.0,1364.0,1367.3599853515625,1333.0999755859375,1355.6099853515625,825500000,0.006189106556530488,0.6170032696192335
1999-05-13,1367.56005859375,1367.56005859375,1375.97998046875,1364.0,1364.0,796900000,0.0026100136317814826,0.2606613461245054
1999-05-14,1337.800048828125,1337.800048828125,1367.56005859375,1332.6300048828125,1367.56005859375,727800000,-0.02176139144940148,-2.2001662681522824
1999-05-17,1339.489990234375,1339.489990234375,1339.949951171875,1321.18994140625,1337.800048828125,665500000,0.0012632242073322697,0.12624270109211855
1999-05-18,1333.3199462890625,1333.3199462890625,1345.43994140625,1323.4599609375,1339.489990234375,753400000,-0.004606263570684055,-0.4616905093740054
1999-05-19,1344.22998046875,1344.22998046875,1344.22998046875,1327.050048828125,1333.3199462890625,801100000,0.008182607790465202,0.8149311764240189
1999-05-20,1338.8299560546875,1338.8299560546875,1350.489990234375,1338.8299560546875,1344.22998046875,752200000,-0.004017187901269259,-0.402527847542653
1999-05-21,1330.2900390625,1330.2900390625,1340.8800048828125,1326.18994140625,1338.8299560546875,686600000,-0.006378642002717982,-0.6399072465026039
1999-05-24,1306.6500244140625,1306.6500244140625,1333.02001953125,1303.530029296875,1330.2900390625,754700000,-0.01777057179582986,-1.793036430661807
1999-05-25,1284.4000244140625,1284.4000244140625,1317.52001953125,1284.3800048828125,1306.6500244140625,826700000,-0.01702827810375429,-1.7174926393975842
1999-05-26,1304.760009765625,1304.760009765625,1304.8499755859375,1278.4300537109375,1284.4000244140625,870800000,0.015851747870256006,1.57274210587678
1999-05-27,1281.4100341796875,1281.4100341796875,1304.760009765625,1277.31005859375,1304.760009765625,811400000,-0.017895992681544404,-1.8058062469890037
1999-05-28,1301.8399658203125,1301.8399658203125,1304.0,1281.4100341796875,1281.4100341796875,649960000,0.015943321103852215,1.5817561285069712
1999-06-01,1294.260009765625,1294.260009765625,1301.8399658203125,1281.43994140625,1301.8399658203125,683800000,-0.005822494510614673,-0.5839511317436866
1999-06-02,1294.81005859375,1294.81005859375,1297.0999755859375,1277.469970703125,1294.260009765625,728000000,0.00042499097860915214,0.04249006955219619
1999-06-03,1299.5400390625,1299.5400390625,1304.1500244140625,1294.199951171875,1294.81005859375,719600000,0.0036530303710238243,0.3646374260635243
1999-06-04,1327.75,1327.75,1327.75,1299.5400390625,1299.5400390625,694500000,0.021707650468277162,2.147539456633619
1999-06-07,1334.52001953125,1334.52001953125,1336.4200439453125,1325.8900146484375,1327.75,664300000,0.005098866150442527,0.5085910951654291
1999-06-08,1317.3299560546875,1317.3299560546875,1334.52001953125,1312.8299560546875,1334.52001953125,685900000,-0.012881083254637549,-1.296476378146882
1999-06-09,1318.6400146484375,1318.6400146484375,1326.010009765625,1314.72998046875,1317.3299560546875,662000000,0.000994480227014316,0.09939860591529956
1999-06-10,1302.8199462890625,1302.8199462890625,1318.6400146484375,1293.280029296875,1318.6400146484375,716500000,-0.011997260953432232,-1.2069808923772247
1999-06-11,1293.6400146484375,1293.6400146484375,1311.969970703125,1287.8800048828125,1302.8199462890625,698200000,-0.007046201331790347,-0.7071143040316779
1999-06-14,1294.0,1294.0,1301.989990234375,1292.199951171875,1293.6400146484375,669400000,0.00027827320389461896,0.027823449308790306
1999-06-15,1301.1600341796875,1301.1600341796875,1310.760009765625,1294.0,1294.0,696600000,0.005533256707640932,0.5518004479872165
1999-06-16,1330.4100341796875,1330.4100341796875,1332.8299560546875,1301.1600341796875,1301.1600341796875,806800000,0.022479940385227604,2.2230990537223874
1999-06-17,1339.9000244140625,1339.9000244140625,1343.5400390625,1322.75,1330.4100341796875,700300000,0.007133131884581978,0.7107811437429541
1999-06-18,1342.8399658203125,1342.8399658203125,1344.47998046875,1333.52001953125,1339.9000244140625,914500000,0.002194149826615366,0.21917461951940662
1999-06-21,1349.0,1349.0,1349.06005859375,1337.6300048828125,1342.8399658203125,686600000,0.004587318173781441,0.4576828497190345
1999-06-22,1335.8800048828125,1335.8800048828125,1351.1199951171875,1335.52001953125,1349.0,716500000,-0.009725719138018896,-0.9773322849408237
1999-06-23,1333.06005859375,1333.06005859375,1335.8800048828125,1322.550048828125,1335.8699951171875,731800000,-0.0021109278368979245,-0.21131589854796107
1999-06-24,1315.780029296875,1315.780029296875,1333.06005859375,1308.469970703125,1333.06005859375,690400000,-0.012962678752151513,-1.3047427449105757
1999-06-25,1315.31005859375,1315.31005859375,1329.1300048828125,1312.6400146484375,1315.780029296875,623460000,-0.0003571802981202632,-0.035724410219643746
1999-06-28,1331.3499755859375,1331.3499755859375,1333.6800537109375,1315.31005859375,1315.31005859375,652910000,0.012194780148899964,1.2121022848068481
1999-06-29,1351.449951171875,1351.449951171875,1351.510009765625,1328.4000244140625,1331.3499755859375,820100000,0.015097439407013358,1.4984607301878332
1999-06-30,1372.7099609375,1372.7099609375,1372.9300537109375,1338.780029296875,1351.449951171875,1117000000,0.0157312594130401,1.5608805716027467
1999-07-01,1380.9599609375,1380.9599609375,1382.800048828125,1360.800048828125,1372.7099609375,843400000,0.006010009568492958,0.5992021497325137
1999-07-02,1391.219970703125,1391.219970703125,1391.219970703125,1379.5699462890625,1380.9599609375,613570000,0.00742962146321724,0.7402157771673241
1999-07-06,1388.1199951171875,1388.1199951171875,1405.2900390625,1387.0799560546875,1391.219970703125,722900000,-0.0022282425865197686,-0.22307288129957104
1999-07-07,1395.8599853515625,1395.8599853515625,1395.8800048828125,1384.949951171875,1388.1199951171875,791200000,0.005575879795407523,0.5560392122590638
1999-07-08,1394.4200439453125,1394.4200439453125,1403.25,1386.68994140625,1395.8599853515625,830600000,-0.0010315801164594296,-0.10321125614323604
1999-07-09,1403.280029296875,1403.280029296875,1403.280029296875,1394.4200439453125,1394.4200439453125,701000000,0.006353885538316284,0.6333784708249962
1999-07-12,1399.0999755859375,1399.0999755859375,1406.8199462890625,1394.699951171875,1403.280029296875,685300000,-0.002978773746984742,-0.2983219123544768
1999-07-13,1393.56005859375,1393.56005859375,1399.0999755859375,1386.8399658203125,1399.0999755859375,736000000,-0.003959629110755536,-0.39674891976497473
1999-07-14,1398.1700439453125,1398.1700439453125,1400.050048828125,1386.510009765625,1393.56005859375,756100000,0.0033080636339524183,0.3302604028617143
1999-07-15,1409.6199951171875,1409.6199951171875,1409.8399658203125,1398.1700439453125,1398.1700439453125,818800000,0.008189240801902642,0.8155890919213112
1999-07-16,1418.780029296875,1418.780029296875,1418.780029296875,1407.0699462890625,1409.6199951171875,714100000,0.006498229460008442,0.6477206990358061
1999-07-19,1407.6500244140625,1407.6500244140625,1420.3299560546875,1404.56005859375,1418.780029296875,642330000,-0.00784477131971495,-0.787570341458358
1999-07-20,1377.0999755859375,1377.0999755859375,1407.6500244140625,1375.1500244140625,1407.6500244140625,754800000,-0.021702872374716575,-2.1941843610886544
1999-07-21,1379.2900390625,1379.2900390625,1386.6600341796875,1372.6300048828125,1377.0999755859375,785500000,0.0015903445758400636,0.15890813170722468
1999-07-22,1360.969970703125,1360.969970703125,1379.2900390625,1353.97998046875,1379.2900390625,771700000,-0.013282245097504752,-1.3371243055213193
1999-07-23,1356.93994140625,1356.93994140625,1367.4100341796875,1349.9100341796875,1360.969970703125,630580000,-0.0029611449066675455,-0.29655377703272123
1999-07-26,1347.760009765625,1347.760009765625,1358.6099853515625,1346.199951171875,1356.93994140625,613450000,-0.006765171663464686,-0.6788159172238883
1999-07-27,1362.8399658203125,1362.8399658203125,1368.699951171875,1347.75,1347.75,723800000,0.011188903028299446,1.1126770288036592
1999-07-28,1365.4000244140625,1365.4000244140625,1370.530029296875,1355.5400390625,1362.8399658203125,690900000,0.001878473377620038,0.18767112528959837
1999-07-29,1341.030029296875,1341.030029296875,1365.4000244140625,1332.8199462890625,1365.4000244140625,770100000,-0.01784824570194765,-1.8009446622056797
1999-07-30,1328.719970703125,1328.719970703125,1350.9200439453125,1328.489990234375,1341.030029296875,736800000,-0.009179554763739661,-0.9221946500845855
1999-08-02,1328.050048828125,1328.050048828125,1344.68994140625,1325.2099609375,1328.719970703125,649550000,-0.0005041859005442406,-0.050431304499348295
1999-08-03,1322.1800537109375,1322.1800537109375,1336.1300048828125,1314.9100341796875,1328.050048828125,739600000,-0.004420010467502511,-0.44298075933600417
1999-08-04,1305.3299560546875,1305.3299560546875,1330.1600341796875,1304.5,1322.1800537109375,789300000,-0.01274417777590664,-1.282608141661868
1999-08-05,1313.7099609375,1313.7099609375,1313.7099609375,1287.22998046875,1305.3299560546875,859300000,0.006419836489572894,0.6399317113168053
1999-08-06,1300.2900390625,1300.2900390625,1316.739990234375,1293.18994140625,1313.7099609375,698900000,-0.010215285164940968,-1.0267819263870603
1999-08-09,1297.800048828125,1297.800048828125,1306.6800537109375,1295.989990234375,1300.2900390625,684300000,-0.0019149498647011987,-0.19167857252884052
1999-08-10,1281.4300537109375,1281.4300537109375,1298.6199951171875,1267.72998046875,1297.800048828125,836200000,-0.012613649638840041,-1.2693877071883328
1999-08-11,1301.9300537109375,1301.9300537109375,1301.9300537109375,1281.4300537109375,1281.4300537109375,792300000,0.015997751840323593,1.5871136398254986
1999-08-12,1298.1600341796875,1298.1600341796875,1313.6099853515625,1298.06005859375,1301.9300537109375,745600000,-0.002895715880053773,-0.2899916576591778
1999-08-13,1327.6800537109375,1327.6800537109375,1327.719970703125,1298.1600341796875,1298.1600341796875,691700000,0.022739892427749764,2.2485195038619175
1999-08-16,1330.77001953125,1330.77001953125,1331.050048828125,1320.510009765625,1327.6800537109375,583550000,0.002327342202419924,0.23246381362684965
1999-08-17,1344.1600341796875,1344.1600341796875,1344.1600341796875,1328.760009765625,1330.77001953125,691500000,0.010061854754703559,1.0011571309322729
1999-08-18,1332.8399658203125,1332.8399658203125,1344.1600341796875,1332.1300048828125,1344.1600341796875,682800000,-0.008421667116656484,-0.8457329722049935
1999-08-19,1323.5899658203125,1323.5899658203125,1332.8399658203125,1315.3499755859375,1332.8399658203125,684200000,-0.006940068003068123,-0.6964262279942868
1999-08-20,1336.6099853515625,1336.6099853515625,1336.6099853515625,1323.5899658203125,1323.5899658203125,661200000,0.009836898032980157,0.9788830716663808
1999-08-23,1360.219970703125,1360.219970703125,1360.239990234375,1336.6099853515625,1336.6099853515625,682600000,0.017664079731794402,1.7509883055649478
1999-08-24,1363.5,1363.5,1373.3199462890625,1353.6300048828125,1360.219970703125,732700000,0.002411396220847628,0.2408493470498299
1999-08-25,1381.7900390625,1381.7900390625,1382.8399658203125,1359.199951171875,1363.5,864600000,0.013414036716171696,1.332486507502712
1999-08-26,1362.010009765625,1362.010009765625,1381.7900390625,1361.530029296875,1381.7900390625,719000000,-0.014314786427535031,-1.441823136425021
1999-08-27,1348.27001953125,1348.27001953125,1365.6300048828125,1347.3499755859375,1362.010009765625,570050000,-0.010088024416751051,-1.013925335881944
1999-08-30,1324.02001953125,1324.02001953125,1350.699951171875,1322.800048828125,1348.27001953125,597900000,-0.017986011443339,-1.8149725763079831
1999-08-31,1320.4100341796875,1320.4100341796875,1333.27001953125,1306.9599609375,1324.02001953125,861700000,-0.0027265338124121685,-0.2730257575912162
1999-09-01,1331.0699462890625,1331.0699462890625,1331.1800537109375,1320.3900146484375,1320.4100341796875,708200000,0.00807318320327477,0.8040769397952495
1999-09-02,1319.1099853515625,1319.1099853515625,1331.0699462890625,1304.8800048828125,1331.0699462890625,687100000,-0.008985223481939197,-0.9025834048821436
1999-09-03,1357.239990234375,1357.239990234375,1357.739990234375,1319.1099853515625,1319.1099853515625,663200000,0.0289058572114822,2.849596307608839
1999-09-07,1350.449951171875,1350.449951171875,1361.3900146484375,1349.5899658203125,1357.239990234375,715300000,-0.005002828616424315,-0.5015384658162334
1999-09-08,1344.1500244140625,1344.1500244140625,1355.1800537109375,1337.3599853515625,1350.449951171875,791200000,-0.004665057562737274,-0.46759729041297526
1999-09-09,1347.6600341796875,1347.6600341796875,1347.6600341796875,1333.9100341796875,1344.1500244140625,773900000,0.0026113229192217258,0.26079193394704425
1999-09-10,1351.6600341796875,1351.6600341796875,1357.6199951171875,1346.199951171875,1347.6600341796875,808500000,0.0029681076076688573,0.2963711472935955
1999-09-13,1344.1300048828125,1344.1300048828125,1351.6600341796875,1341.699951171875,1351.6600341796875,657900000,-0.00557094913399947,-0.5586524745354107
1999-09-14,1336.2900390625,1336.2900390625,1344.1800537109375,1330.6099853515625,1344.1300048828125,734500000,-0.005832743701749354,-0.5849820587068314
1999-09-15,1317.969970703125,1317.969970703125,1347.2099609375,1317.969970703125,1336.2900390625,787300000,-0.01370964971962807,-1.3804494827150822
1999-09-16,1318.47998046875,1318.47998046875,1322.510009765625,1299.969970703125,1317.969970703125,739000000,0.00038696615018696257,0.03868912980957951
1999-09-17,1335.4200439453125,1335.4200439453125,1337.5899658203125,1318.47998046875,1318.47998046875,861900000,0.012848176481633056,1.2766338892617892
1999-09-20,1335.530029296875,1335.530029296875,1338.3800048828125,1330.6099853515625,1335.4200439453125,568000000,8.236011737361437e-05,0.008235672596535739
1999-09-21,1307.5799560546875,1307.5799560546875,1335.530029296875,1301.969970703125,1335.52001953125,817300000,-0.02092807546746256,-2.1150171803399345
1999-09-22,1310.510009765625,1310.510009765625,1316.1800537109375,1297.81005859375,1307.5799560546875,822200000,0.002240821830718609,0.22383149337878533
1999-09-23,1280.4100341796875,1280.4100341796875,1315.25,1277.300048828125,1310.510009765625,890800000,-0.022968138634302138,-2.3236016042540766
1999-09-24,1277.3599853515625,1277.3599853515625,1281.1700439453125,1263.8399658203125,1280.4100341796875,872800000,-0.00238208757093894,-0.2384929255194203
1999-09-27,1283.31005859375,1283.31005859375,1295.030029296875,1277.3599853515625,1277.3599853515625,780600000,0.004658102109367235,0.46472867248419003
1999-09-28,1282.199951171875,1282.199951171875,1285.550048828125,1256.260009765625,1283.31005859375,885400000,-0.0008650344586961234,-0.08654088169075608
1999-09-29,1268.3699951171875,1268.3699951171875,1288.8299560546875,1268.1600341796875,1282.199951171875,856000000,-0.010786114944122072,-1.084470678167232
1999-09-30,1282.7099609375,1282.7099609375,1291.31005859375,1268.3699951171875,1268.3699951171875,1017600000,0.011305822335372806,1.1242389187544557
1999-10-01,1282.81005859375,1282.81005859375,1283.1700439453125,1265.780029296875,1282.7099609375,896200000,7.803607931511358e-05,0.007803303465867048
1999-10-04,1304.5999755859375,1304.5999755859375,1304.5999755859375,1282.81005859375,1282.81005859375,803300000,0.016986082114194057,1.6843431735998522
1999-10-05,1301.3499755859375,1301.3499755859375,1316.4100341796875,1286.43994140625,1304.5999755859375,965700000,-0.002491185084179004,-0.24942932488228076
1999-10-06,1325.4000244140625,1325.4000244140625,1325.4599609375,1301.3499755859375,1301.3499755859375,895200000,0.018480846259129047,1.8312150674930392
1999-10-07,1317.6400146484375,1317.6400146484375,1328.050048828125,1314.1300048828125,1325.4000244140625,827800000,-0.005854843536052923,-0.5872050327387418
1999-10-08,1336.02001953125,1336.02001953125,1336.6099853515625,1311.8800048828125,1317.6400146484375,897300000,0.01394918542126744,1.3852790916515574
1999-10-11,1335.2099609375,1335.2099609375,1339.22998046875,1332.9599609375,1336.02001953125,655900000,-0.0006063221972034682,-0.06065060848407402
1999-10-12,1313.0400390625,1313.0400390625,1335.2099609375,1311.800048828125,1335.2099609375,778300000,-0.01660407166183342,-1.6743464405215867
1999-10-13,1285.550048828125,1285.550048828125,1313.0400390625,1282.800048828125,1313.0400390625,821500000,-0.020936140114967583,-2.115840887007189
1999-10-14,1283.4200439453125,1283.4200439453125,1289.6300048828125,1267.6199951171875,1285.550048828125,892300000,-0.001656882114200231,-0.16582562614468355
1999-10-15,1247.4100341796875,1247.4100341796875,1283.4200439453125,1245.3900146484375,1283.4200439453125,912600000,-0.028057852092544855,-2.8458994906730224
1999-10-18,1254.1300048828125,1254.1300048828125,1254.1300048828125,1233.699951171875,1247.4100341796875,818700000,0.005387138566304905,0.5372679839536734
1999-10-19,1261.3199462890625,1261.3199462890625,1279.3199462890625,1254.1300048828125,1254.1300048828125,905700000,0.005733011233489904,0.5716640065512697
1999-10-20,1289.4300537109375,1289.4300537109375,1289.43994140625,1261.3199462890625,1261.3199462890625,928800000,0.022286262501895582,2.2041552856145463
1999-10-21,1283.6099853515625,1283.6099853515625,1289.4300537109375,1265.6099853515625,1289.4300537109375,1012500000,-0.004513675125397465,-0.4523892513873539
1999-10-22,1301.6500244140625,1301.6500244140625,1308.81005859375,1283.6099853515625,1283.6099853515625,959200000,0.014054143601538893,1.3956299800217198
1999-10-25,1293.6300048828125,1293.6300048828125,1301.6800537109375,1286.0699462890625,1301.6500244140625,777000000,-0.0061614254068487195,-0.6180485319522144
1999-10-26,1281.9100341796875,1281.9100341796875,1303.4599609375,1281.8599853515625,1293.6300048828125,878300000,-0.009059754844034207,-0.9101043991847481
1999-10-27,1296.7099609375,1296.7099609375,1299.3900146484375,1280.47998046875,1281.9100341796875,950100000,0.011545214845972485,1.1479077413535572
1999-10-28,1342.43994140625,1342.43994140625,1342.469970703125,1296.7099609375,1296.7099609375,1135100000,0.03526615962422919,3.4658552714835924
1999-10-29,1362.9300537109375,1362.9300537109375,1373.1700439453125,1342.43994140625,1342.43994140625,1120500000,0.01526333631225496,1.5148023486425162
1999-11-01,1354.1199951171875,1354.1199951171875,1367.300048828125,1354.050048828125,1362.9300537109375,861000000,-0.00646405776273129,-0.6485040254345817
1999-11-02,1347.739990234375,1347.739990234375,1369.3199462890625,1346.4100341796875,1354.1199951171875,904500000,-0.004711550605425052,-0.47226849470877613
1999-11-03,1354.9300537109375,1354.9300537109375,1360.3299560546875,1347.739990234375,1347.739990234375,914400000,0.005334904008682084,0.5320723819233024
1999-11-04,1362.6400146484375,1362.6400146484375,1369.4100341796875,1354.9300537109375,1354.9300537109375,981700000,0.005690301810328702,0.5674173198502998
1999-11-05,1370.22998046875,1370.22998046875,1387.47998046875,1362.6400146484375,1362.6400146484375,1007300000,0.005570044721070921,0.5554589386682232
1999-11-08,1377.010009765625,1377.010009765625,1380.780029296875,1365.8699951171875,1370.22998046875,806800000,0.004948095862386204,0.4935894269269814
1999-11-09,1365.280029296875,1365.280029296875,1383.81005859375,1361.449951171875,1377.010009765625,854300000,-0.008518442411864946,-0.855493171153123
1999-11-10,1373.4599609375,1373.4599609375,1379.1800537109375,1359.97998046875,1365.280029296875,984700000,0.00599139477989552,0.5973517744238546
1999-11-11,1381.4599609375,1381.4599609375,1382.1199951171875,1372.18994140625,1373.4599609375,891300000,0.005824705653988849,0.5807807641558524
1999-11-12,1396.06005859375,1396.06005859375,1396.1199951171875,1368.5400390625,1381.4599609375,900200000,0.010568599937085255,1.0513142679613339
1999-11-15,1394.3900146484375,1394.3900146484375,1398.5799560546875,1392.280029296875,1396.06005859375,795700000,-0.00119625508589849,-0.1196971170150344
1999-11-16,1420.0699462890625,1420.0699462890625,1420.3599853515625,1394.3900146484375,1394.3900146484375,942200000,0.018416606093596855,1.8249074190172367
1999-11-17,1410.7099609375,1410.7099609375,1423.43994140625,1410.68994140625,1420.0699462890625,960000000,-0.006591214310268323,-0.6613032287464209
1999-11-18,1424.93994140625,1424.93994140625,1425.31005859375,1410.7099609375,1410.7099609375,1022800000,0.010087105686340525,1.0036570388234978
1999-11-19,1422.0,1422.0,1424.93994140625,1417.5400390625,1424.93994140625,893800000,-0.0020632037328875974,-0.20653350698020775
1999-11-22,1420.93994140625,1420.93994140625,1425.0,1412.4000244140625,1422.0,873500000,-0.0007454701784458395,-0.07457481795089033
1999-11-23,1404.6400146484375,1404.6400146484375,1423.9100341796875,1402.199951171875,1420.93994140625,926100000,-0.0114712285036348,-1.153753057717248
1999-11-24,1417.0799560546875,1417.0799560546875,1419.7099609375,1399.1700439453125,1404.6400146484375,734800000,0.008856319965627302,0.8817332783512611
1999-11-26,1416.6199951171875,1416.6199951171875,1425.239990234375,1416.1400146484375,1417.0799560546875,312120000,-0.00032458361684872816,-0.032463630551245126
1999-11-29,1407.8299560546875,1407.8299560546875,1416.6199951171875,1404.1500244140625,1416.6199951171875,866100000,-0.0062049378752223605,-0.6224268507305625
1999-11-30,1388.9100341796875,1388.9100341796875,1410.5899658203125,1386.949951171875,1407.8299560546875,951500000,-0.01343906754763291,-1.3530189129544474
1999-12-01,1397.719970703125,1397.719970703125,1400.1199951171875,1387.3800048828125,1388.9100341796875,884000000,0.00634305772629884,0.6323025202648501
1999-12-02,1409.0400390625,1409.0400390625,1409.0400390625,1397.719970703125,1397.719970703125,900700000,0.008098953006788978,0.806633249651218
1999-12-03,1433.300048828125,1433.300048828125,1447.4200439453125,1409.0400390625,1409.0400390625,1006400000,0.01721740269479244,1.7070862849279884
1999-12-06,1423.3299560546875,1423.3299560546875,1434.1500244140625,1418.25,1433.300048828125,916800000,-0.006956040210554071,-0.6980346239651467
1999-12-07,1409.1700439453125,1409.1700439453125,1426.81005859375,1409.1700439453125,1423.3299560546875,1085800000,-0.00994843960751357,-0.999825600514854
1999-12-08,1403.8800048828125,1403.8800048828125,1415.6600341796875,1403.8800048828125,1409.1700439453125,957000000,-0.0037540104441117217,-0.376107442570106
1999-12-09,1408.1099853515625,1408.1099853515625,1418.4300537109375,1391.469970703125,1403.8800048828125,1122100000,0.0030130641180425854,0.3008533937887188
1999-12-10,1417.0400390625,1417.0400390625,1421.5799560546875,1405.6500244140625,1408.1099853515625,987200000,0.0063418722996329,0.6321847247124261
1999-12-13,1415.219970703125,1415.219970703125,1421.5799560546875,1410.0999755859375,1417.0400390625,977600000,-0.001284415619320911,-0.12852411880537887
1999-12-14,1403.1700439453125,1403.1700439453125,1418.300048828125,1401.5899658203125,1415.219970703125,1027800000,-0.008514525661919348,-0.8550981318123226
1999-12-15,1413.3299560546875,1413.3299560546875,1417.4000244140625,1396.199951171875,1403.1700439453125,1033900000,0.007240684871527181,0.721459696666225
1999-12-16,1418.780029296875,1418.780029296875,1423.1099853515625,1408.3499755859375,1413.3199462890625,1070300000,0.003856193112471429,0.38487770588536724
1999-12-17,1421.030029296875,1421.030029296875,1431.77001953125,1418.780029296875,1418.780029296875,1349800000,0.0015858695171477866,0.15846133539836266
1999-12-20,1418.0899658203125,1418.0899658203125,1429.1600341796875,1411.0999755859375,1421.030029296875,904600000,-0.002068966465133215,-0.2071109732993282
1999-12-21,1433.4300537109375,1433.4300537109375,1436.469970703125,1414.800048828125,1418.0899658203125,963500000,0.010817429260739031,1.0759339419193434
1999-12-22,1436.1300048828125,1436.1300048828125,1440.02001953125,1429.1300048828125,1433.4300537109375,850000000,0.0018835597627420153,0.1881788088406253
1999-12-23,1458.3399658203125,1458.3399658203125,1461.43994140625,1436.1300048828125,1436.1300048828125,728600000,0.01546514651318942,1.534677994579981
1999-12-27,1457.0999755859375,1457.0999755859375,1463.18994140625,1450.8299560546875,1458.3399658203125,722600000,-0.0008502751508133732,-0.08506368397673723
1999-12-28,1457.6600341796875,1457.6600341796875,1462.6800537109375,1452.780029296875,1457.0899658203125,655400000,0.0003843652481874127,0.0384291398788228
1999-12-29,1463.4599609375,1463.4599609375,1467.469970703125,1457.6600341796875,1457.6600341796875,567860000,0.003978929669342657,0.3971034664203317
1999-12-30,1464.469970703125,1464.469970703125,1473.0999755859375,1462.5999755859375,1463.4599609375,554680000,0.0006901519635549302,0.06899139182072103
1999-12-31,1469.25,1469.25,1472.4200439453125,1458.18994140625,1464.469970703125,374050000,0.0032639995305467906,0.3258684246993932
2000-01-03,1455.219970703125,1455.219970703125,1478.0,1438.3599853515625,1469.25,931800000,-0.009549109611621587,-0.9594994700275007
2000-01-04,1399.4200439453125,1399.4200439453125,1455.219970703125,1397.4300537109375,1455.219970703125,1009000000,-0.03834466807849768,-3.909917534093802
2000-01-05,1402.1099853515625,1402.1099853515625,1413.27001953125,1377.6800537109375,1399.4200439453125,1085500000,0.0019221829913671495,0.19203379615859076
2000-01-06,1403.449951171875,1403.449951171875,1411.9000244140625,1392.0999755859375,1402.1099853515625,1092300000,0.0009556781096431433,0.09552217400569889
2000-01-07,1441.469970703125,1441.469970703125,1441.469970703125,1400.72998046875,1403.449951171875,1225200000,0.027090399268961063,2.672994972987063
2000-01-10,1457.5999755859375,1457.5999755859375,1464.3599853515625,1441.469970703125,1441.469970703125,1064800000,0.011189969413615053,1.1127824873139451
2000-01-11,1438.56005859375,1438.56005859375,1458.6600341796875,1434.4200439453125,1457.5999755859375,1014000000,-0.013062511876438365,-1.3148576788902815
2000-01-12,1432.25,1432.25,1442.5999755859375,1427.0799560546875,1438.56005859375,974600000,-0.004386371327394056,-0.43960196786097144
2000-01-13,1449.6800537109375,1449.6800537109375,1454.199951171875,1432.25,1432.25,1030400000,0.012169700618563484,1.2096245165416932
2000-01-14,1465.1500244140625,1465.1500244140625,1473.0,1449.6800537109375,1449.6800537109375,1085900000,0.010671299962722536,1.0614763497340867
2000-01-18,1455.1400146484375,1455.1400146484375,1465.1500244140625,1451.300048828125,1465.1500244140625,1056700000,-0.00683207152771137,-0.6855516976735141
2000-01-19,1455.9000244140625,1455.9000244140625,1461.3900146484375,1448.6800537109375,1455.1400146484375,1087800000,0.0005222932212531894,0.05221568736222691
2000-01-20,1445.5699462890625,1445.5699462890625,1465.7099609375,1438.5400390625,1455.9000244140625,1100700000,-0.007095321074094607,-0.7120612569861287
2000-01-21,1441.3599853515625,1441.3599853515625,1453.1800537109375,1439.5999755859375,1445.5699462890625,1209800000,-0.0029123190810015354,-0.29165681339535804
2000-01-24,1401.530029296875,1401.530029296875,1454.0899658203125,1395.4200439453125,1441.3599853515625,1115800000,-0.027633593591799732,-2.8022584228459113
2000-01-25,1410.030029296875,1410.030029296875,1414.260009765625,1388.489990234375,1401.530029296875,1073700000,0.006064800483985611,0.6046483603040548
2000-01-26,1404.0899658203125,1404.0899658203125,1412.72998046875,1400.1600341796875,1410.030029296875,1117300000,-0.00421272125638672,-0.4221619766667546
2000-01-27,1398.56005859375,1398.56005859375,1418.8599853515625,1370.989990234375,1404.0899658203125,1129500000,-0.00393842799334565,-0.3946204024482488
2000-01-28,1360.1600341796875,1360.1600341796875,1398.56005859375,1356.199951171875,1398.56005859375,1095800000,-0.027456829027902918,-2.784081272973308
2000-01-31,1394.4599609375,1394.4599609375,1394.47998046875,1350.1400146484375,1360.1600341796875,993800000,0.025217566974388372,2.4904850529124642
2000-02-01,1409.280029296875,1409.280029296875,1412.489990234375,1384.7900390625,1394.4599609375,981000000,0.01062781920924527,1.0571740915406744
2000-02-02,1409.1199951171875,1409.1199951171875,1420.6099853515625,1403.489990234375,1409.280029296875,1038600000,-0.00011355740261742575,-0.011356385074743024
2000-02-03,1424.969970703125,1424.969970703125,1425.780029296875,1398.52001953125,1409.1199951171875,1146500000,0.011248137590027962,1.1185347697919614
2000-02-04,1424.3699951171875,1424.3699951171875,1435.9100341796875,1420.6300048828125,1424.969970703125,1045100000,-0.000421044371651913,-0.042113303572190806
2000-02-07,1424.239990234375,1424.239990234375,1427.1500244140625,1413.3299560546875,1424.3699951171875,918100000,-9.127184878798822e-05,-0.00912760143166444
2000-02-08,1441.719970703125,1441.719970703125,1441.8299560546875,1424.239990234375,1424.239990234375,1047700000,0.012273198750635705,1.219849367259354
2000-02-09,1411.7099609375,1411.7099609375,1444.550048828125,1411.6500244140625,1441.719970703125,1050500000,-0.02081542211764542,-2.103511705975112
2000-02-10,1416.8299560546875,1416.8299560546875,1422.0999755859375,1406.4300537109375,1411.699951171875,1058800000,0.0036268038470079755,0.36202428527764496
2000-02-11,1387.1199951171875,1387.1199951171875,1416.8299560546875,1378.8900146484375,1416.8299560546875,1025700000,-0.02096932014356223,-2.119229898918964
2000-02-14,1389.93994140625,1389.93994140625,1394.9300537109375,1380.530029296875,1387.1199951171875,927300000,0.0020329505010301396,0.20308868535491303
2000-02-15,1402.050048828125,1402.050048828125,1407.719970703125,1376.25,1389.93994140625,1092100000,0.008712683952101452,0.8674947553079746
2000-02-16,1387.6700439453125,1387.6700439453125,1404.550048828125,1385.5799560546875,1402.050048828125,1018800000,-0.01025641338184169,-1.0309372816680578
2000-02-17,1388.260009765625,1388.260009765625,1399.8800048828125,1380.0699462890625,1387.6700439453125,1034800000,0.0004251484874857603,0.04250581374747612
2000-02-18,1346.0899658203125,1346.0899658203125,1388.5899658203125,1345.3199462890625,1388.260009765625,1042300000,-0.030376185763956398,-3.084710308169203
2000-02-22,1352.1700439453125,1352.1700439453125,1358.1099853515625,1331.8800048828125,1346.0899658203125,980000000,0.0045168438064202565,0.4506673481115292
2000-02-23,1360.68994140625,1360.68994140625,1370.1099853515625,1342.43994140625,1352.1700439453125,993700000,0.006300906826835595,0.6281139106337607
2000-02-24,1353.4300537109375,1353.4300537109375,1364.800048828125,1329.8800048828125,1360.68994140625,1215000000,-0.005335445992795007,-0.5349730316245382
2000-02-25,1333.3599853515625,1333.3599853515625,1362.1400146484375,1329.1500244140625,1353.4300537109375,1065200000,-0.01482903996726348,-1.4940089385435542
2000-02-28,1348.050048828125,1348.050048828125,1360.8199462890625,1325.0699462890625,1333.3599853515625,1026500000,0.0110173273819143,1.0957078745980513
2000-02-29,1366.4200439453125,1366.4200439453125,1369.6300048828125,1348.050048828125,1348.050048828125,1204300000,0.013627086867551208,1.3535073096645704
2000-03-01,1379.18994140625,1379.18994140625,1383.4599609375,1366.4200439453125,1366.4200439453125,1274100000,0.009345513861218402,0.9302114728482016
2000-03-02,1381.760009765625,1381.760009765625,1386.56005859375,1370.3499755859375,1379.18994140625,1198600000,0.001863462226787016,0.18617281349938522
2000-03-03,1409.1700439453125,1409.1700439453125,1410.8800048828125,1381.760009765625,1381.760009765625,1150300000,0.019837044049593633,1.9642853797381483
2000-03-06,1391.280029296875,1391.280029296875,1409.739990234375,1384.75,1409.1700439453125,1029000000,-0.012695426449990443,-1.2776701994211102
2000-03-07,1355.6199951171875,1355.6199951171875,1399.2099609375,1349.989990234375,1391.280029296875,1314100000,-0.02563109757114057,-2.5965297120289534
2000-03-08,1366.699951171875,1366.699951171875,1373.7900390625,1346.6199951171875,1355.6199951171875,1203000000,0.008173349533495022,0.8140128606934441
2000-03-09,1401.68994140625,1401.68994140625,1401.8199462890625,1357.8800048828125,1366.699951171875,1123000000,0.025601808359159595,2.5279570403423506
2000-03-10,1395.0699462890625,1395.0699462890625,1413.4599609375,1392.0699462890625,1401.68994140625,1138800000,-0.004722866963392747,-0.47340549396845333
2000-03-13,1383.6199951171875,1383.6199951171875,1398.3900146484375,1364.8399658203125,1395.0699462890625,1016100000,-0.008207438775620024,-0.8241305233129576
2000-03-14,1359.1500244140625,1359.1500244140625,1395.1500244140625,1359.1500244140625,1383.6199951171875,1094000000,-0.017685470569578254,-1.7843727175416073
2000-03-15,1392.1400146484375,1392.1400146484375,1397.989990234375,1356.989990234375,1359.1500244140625,1302800000,0.02427251564712085,2.3982619773033385
2000-03-16,1458.469970703125,1458.469970703125,1458.469970703125,1392.1500244140625,1392.1500244140625,1482300000,0.047646038011081915,4.654577885905089
2000-03-17,1464.469970703125,1464.469970703125,1477.3299560546875,1453.3199462890625,1458.469970703125,1295100000,0.0041139002657062385,0.41054613147593033
2000-03-20,1456.6300048828125,1456.6300048828125,1470.300048828125,1448.489990234375,1464.469970703125,920800000,-0.005353449355160467,-0.5367830413634725
2000-03-21,1493.8699951171875,1493.8699951171875,1493.9200439453125,1446.06005859375,1456.6300048828125,1065900000,0.025565854135601862,2.5244513080495854
2000-03-22,1500.6400146484375,1500.6400146484375,1505.0799560546875,1487.3299560546875,1493.8699951171875,1075000000,0.004531866597078826,0.4521628609461416
2000-03-23,1527.3499755859375,1527.3499755859375,1532.5,1492.3900146484375,1500.6400146484375,1078300000,0.017799046191472767,1.7642498044501167
2000-03-24,1527.4599609375,1527.4599609375,1552.8699951171875,1516.8299560546875,1527.3499755859375,1052200000,7.20105760438905e-05,0.007200798340682352
2000-03-27,1523.8599853515625,1523.8599853515625,1534.6300048828125,1518.4599609375,1527.4599609375,901000000,-0.0023568379388013705,-0.2359619652895298
2000-03-28,1507.72998046875,1507.72998046875,1527.3599853515625,1507.0899658203125,1523.8599853515625,959100000,-0.01058496517912777,-1.0641384406600805
2000-03-29,1508.52001953125,1508.52001953125,1521.449951171875,1497.449951171875,1507.72998046875,1061900000,0.0005239924076154701,0.052385517153220165
2000-03-30,1487.9200439453125,1487.9200439453125,1517.3800048828125,1474.6300048828125,1508.52001953125,1193400000,-0.013655752206946925,-1.3749849620433678
2000-03-31,1498.5799560546875,1498.5799560546875,1519.81005859375,1484.3800048828125,1487.9200439453125,1227400000,0.007164304394414511,0.7138762685515928
2000-04-03,1505.969970703125,1505.969970703125,1507.18994140625,1486.9599609375,1498.5799560546875,1021700000,0.004931344916619063,0.4919225661762653
2000-04-04,1494.72998046875,1494.72998046875,1526.449951171875,1416.4100341796875,1505.97998046875,1515460000,-0.007463621754109195,-0.7491613948027298
2000-04-05,1487.3699951171875,1487.3699951171875,1506.550048828125,1478.050048828125,1494.72998046875,1110300000,-0.004923956465537893,-0.49361190810604716
2000-04-06,1501.3399658203125,1501.3399658203125,1511.760009765625,1487.3699951171875,1487.3699951171875,1008000000,0.009392397822321596,0.9348563512982749
2000-04-07,1516.3499755859375,1516.3499755859375,1518.6800537109375,1501.3399658203125,1501.3399658203125,891600000,0.009997742088630579,0.9948095294857916
2000-04-10,1504.4599609375,1504.4599609375,1527.18994140625,1503.3499755859375,1516.3499755859375,853700000,-0.007841207399263528,-0.7872111321383407
2000-04-11,1500.5899658203125,1500.5899658203125,1512.800048828125,1486.780029296875,1504.4599609375,971400000,-0.0025723483626483024,-0.2575662535388924
2000-04-12,1467.1700439453125,1467.1700439453125,1509.0799560546875,1466.1500244140625,1500.5899658203125,1175900000,-0.022271188423368282,-2.2522936175410977
2000-04-13,1440.510009765625,1440.510009765625,1477.52001953125,1439.3399658203125,1467.1700439453125,1032000000,-0.018171059509909937,-1.8338180821660741
2000-04-14,1356.56005859375,1356.56005859375,1440.510009765625,1339.4000244140625,1440.510009765625,1279700000,-0.05827793670488546,-6.0045097522022965
2000-04-17,1401.43994140625,1401.43994140625,1401.530029296875,1346.5,1356.56005859375,1204700000,0.033083594440355135,3.2548110813340263
2000-04-18,1441.6099853515625,1441.6099853515625,1441.6099853515625,1397.81005859375,1401.43994140625,1109400000,0.02866340737013995,2.8260296800704303
2000-04-19,1427.469970703125,1427.469970703125,1447.68994140625,1424.260009765625,1441.6099853515625,1001400000,-0.00980848828193237,-0.985690838193474
2000-04-20,1434.5400390625,1434.5400390625,1435.489990234375,1422.0799560546875,1427.469970703125,896200000,0.00495286661329386,0.49406415190067254
2000-04-24,1429.8599853515625,1429.8599853515625,1434.5400390625,1407.1300048828125,1434.5400390625,868700000,-0.0032624071712881175,-0.3267740424217845
2000-04-25,1477.43994140625,1477.43994140625,1477.6700439453125,1429.8599853515625,1429.8599853515625,1071100000,0.03327595466837896,3.2734293540990405
2000-04-26,1460.989990234375,1460.989990234375,1482.93994140625,1456.97998046875,1477.43994140625,999600000,-0.011134091282396064,-1.1196539243597152
2000-04-27,1464.9200439453125,1464.9200439453125,1469.2099609375,1434.81005859375,1460.989990234375,1111000000,0.002689993591473483,0.2686382033973639
2000-04-28,1452.4300537109375,1452.4300537109375,1473.6199951171875,1448.1500244140625,1464.9200439453125,984600000,-0.008526055934586774,-0.8562610676304283
2000-05-01,1468.25,1468.25,1481.510009765625,1452.4300537109375,1452.4300537109375,966300000,0.010892053802276314,1.0833162628904172
2000-05-02,1446.2900390625,1446.2900390625,1468.25,1445.219970703125,1468.25,1011500000,-0.01495655435893073,-1.5069531532927793
2000-05-03,1415.0999755859375,1415.0999755859375,1446.2900390625,1398.3599853515625,1446.2900390625,991600000,-0.02156556612723426,-2.180150116391077
2000-05-04,1409.5699462890625,1409.5699462890625,1420.989990234375,1404.93994140625,1415.0999755859375,925800000,-0.0039078718057253825,-0.39155274882096275
2000-05-05,1432.6300048828125,1432.6300048828125,1436.030029296875,1405.0799560546875,1409.5699462890625,805500000,0.016359641218557153,1.6227264098328114
2000-05-08,1424.1700439453125,1424.1700439453125,1432.6300048828125,1417.050048828125,1432.6300048828125,787600000,-0.005905195974303279,-0.592270059019445
2000-05-09,1412.1400146484375,1412.1400146484375,1430.280029296875,1401.8499755859375,1424.1700439453125,896600000,-0.0084470455954464,-0.8482924072715453
2000-05-10,1383.050048828125,1383.050048828125,1412.1400146484375,1375.1400146484375,1412.1400146484375,1006400000,-0.020599916097947757,-2.0815054047135644
2000-05-11,1407.81005859375,1407.81005859375,1410.260009765625,1383.050048828125,1383.050048828125,953600000,0.01790246837893128,1.774410644515053
2000-05-12,1420.9599609375,1420.9599609375,1430.1300048828125,1407.81005859375,1407.81005859375,858200000,0.009340679350512193,0.9297324968961715
2000-05-15,1452.3599853515625,1452.3599853515625,1452.3900146484375,1416.5400390625,1420.9599609375,854600000,0.022097754530216118,2.1857137432581966
2000-05-16,1466.0400390625,1466.0400390625,1470.4000244140625,1450.760009765625,1452.3599853515625,955500000,0.009419189353131463,0.9375105396318106
2000-05-17,1447.800048828125,1447.800048828125,1466.0400390625,1441.6700439453125,1466.0400390625,820500000,-0.012441672634015521,-1.2519718264096238
2000-05-18,1437.2099609375,1437.2099609375,1458.0400390625,1436.5899658203125,1447.800048828125,807900000,-0.0073146066676795796,-0.7341489575181015
2000-05-19,1406.949951171875,1406.949951171875,1437.2099609375,1401.739990234375,1437.2099609375,853700000,-0.021054689703017493,-2.1279500834297727
2000-05-22,1400.719970703125,1400.719970703125,1410.550048828125,1368.72998046875,1406.949951171875,869000000,-0.004428004324930623,-0.4437836972822325
2000-05-23,1373.8599853515625,1373.8599853515625,1403.77001953125,1373.4300537109375,1400.719970703125,869900000,-0.01917584236203862,-1.9362083559102845
2000-05-24,1399.050048828125,1399.050048828125,1401.75,1361.0899658203125,1373.8599853515625,1152300000,0.01833524794749475,1.8169184098520845
2000-05-25,1381.52001953125,1381.52001953125,1411.6500244140625,1373.9300537109375,1399.050048828125,984500000,-0.012529951527866068,-1.2609113327974117
2000-05-26,1378.02001953125,1378.02001953125,1391.4200439453125,1369.75,1381.52001953125,722600000,-0.0025334413910176323,-0.25366559841284453
2000-05-30,1422.449951171875,1422.449951171875,1422.449951171875,1378.02001953125,1378.02001953125,844200000,0.03224186224503356,3.1733002241273844
2000-05-31,1420.5999755859375,1420.5999755859375,1434.489990234375,1415.5,1422.43994140625,960500000,-0.0013005558363676784,-0.1301402293098524
2000-06-01,1448.81005859375,1448.81005859375,1448.81005859375,1420.5999755859375,1420.5999755859375,960100000,0.01985786533339695,1.9663269874029277
2000-06-02,1477.260009765625,1477.260009765625,1483.22998046875,1448.81005859375,1448.81005859375,1162400000,0.01963677088181548,1.9446456896420408
2000-06-05,1467.6300048828125,1467.6300048828125,1477.280029296875,1464.6800537109375,1477.260009765625,838600000,-0.0065188286551806085,-0.6540169012008555
2000-06-06,1457.8399658203125,1457.8399658203125,1471.3599853515625,1454.739990234375,1467.6300048828125,950100000,-0.006670645210256287,-0.6692993404042076
2000-06-07,1471.3599853515625,1471.3599853515625,1474.6400146484375,1455.06005859375,1457.8399658203125,854600000,0.009274008017500446,0.923126844668116
2000-06-08,1461.6700439453125,1461.6700439453125,1475.6500244140625,1456.489990234375,1471.3599853515625,854300000,-0.006585704044367313,-0.6607485476626416
2000-06-09,1456.949951171875,1456.949951171875,1472.6700439453125,1454.9599609375,1461.6700439453125,786000000,-0.00322924643149769,-0.3234471699907343
2000-06-12,1446.0,1446.0,1462.9300537109375,1445.989990234375,1456.949951171875,774100000,-0.007515667345379673,-0.754405228380546
2000-06-13,1469.43994140625,1469.43994140625,1470.4200439453125,1442.3800048828125,1446.0,935900000,0.0162101946101314,1.608021221744243
2000-06-14,1470.5400390625,1470.5400390625,1483.6199951171875,1467.7099609375,1469.43994140625,929700000,0.0007486509827663301,0.07483708834083866
2000-06-15,1478.72998046875,1478.72998046875,1482.0400390625,1464.6199951171875,1470.5400390625,1011400000,0.00556934268275433,0.5553891236846383
2000-06-16,1464.4599609375,1464.4599609375,1480.77001953125,1460.4200439453125,1478.72998046875,1250800000,-0.00965018611898738,-0.9697050911417971
2000-06-19,1486.0,1486.0,1488.9300537109375,1459.050048828125,1464.4599609375,921700000,0.01470852029898495,1.460139913271512
2000-06-20,1475.949951171875,1475.949951171875,1487.3199462890625,1470.1800537109375,1486.0,1031500000,-0.00676315533521199,-0.6786129112329043
2000-06-21,1479.1300048828125,1479.1300048828125,1482.18994140625,1468.0,1475.949951171875,1009600000,0.0021545809926770687,0.2152263211684242
2000-06-22,1452.1800537109375,1452.1800537109375,1479.1300048828125,1448.030029296875,1479.1300048828125,1022700000,-0.01822013689324775,-1.8388167747017907
2000-06-23,1441.47998046875,1441.47998046875,1459.93994140625,1438.31005859375,1452.1800537109375,847600000,-0.007368282751745725,-0.7395562633629121
2000-06-26,1455.31005859375,1455.31005859375,1459.6600341796875,1441.47998046875,1441.47998046875,889000000,0.009594360180085637,0.9548626596742145
2000-06-27,1450.550048828125,1450.550048828125,1463.3499755859375,1450.550048828125,1455.31005859375,1042500000,-0.0032707873744957094,-0.32761480918897745
2000-06-28,1454.8199462890625,1454.8199462890625,1467.6300048828125,1450.550048828125,1450.550048828125,1095100000,0.002943640217300425,0.29393161919409894
2000-06-29,1442.3900146484375,1442.3900146484375,1455.1400146484375,1434.6300048828125,1454.8199462890625,1110900000,-0.008543965644911,-0.8580674562089075
2000-06-30,1454.5999755859375,1454.5999755859375,1454.6800537109375,1438.7099609375,1442.3900146484375,1459700000,0.00846508975623772,0.8429461805284734
2000-07-03,1469.5400390625,1469.5400390625,1469.5799560546875,1450.8499755859375,1454.5999755859375,451900000,0.010270908653456035,1.0218521276461743
2000-07-05,1446.22998046875,1446.22998046875,1469.5400390625,1442.449951171875,1469.5400390625,1019300000,-0.015862145960052088,-1.598929617329866
2000-07-06,1456.6700439453125,1456.6700439453125,1461.6500244140625,1439.56005859375,1446.22998046875,947300000,0.00721881278742309,0.7192881877199921
2000-07-07,1478.9000244140625,1478.9000244140625,1484.1199951171875,1456.6700439453125,1456.6700439453125,931700000,0.015260820774855244,1.5145545764216402
2000-07-10,1475.6199951171875,1475.6199951171875,1486.56005859375,1474.760009765625,1478.9000244140625,838700000,-0.002217884402412218,-0.22203475506827924
2000-07-11,1480.8800048828125,1480.8800048828125,1488.77001953125,1470.47998046875,1475.6199951171875,980500000,0.0035646099829429456,0.3558271818368465
2000-07-12,1492.9200439453125,1492.9200439453125,1497.68994140625,1480.8800048828125,1480.8800048828125,1001200000,0.008130327253255576,0.8097454201544736
2000-07-13,1495.8399658203125,1495.8399658203125,1501.3900146484375,1489.6500244140625,1492.9200439453125,1026800000,0.0019558461197182186,0.1953935942965212
2000-07-14,1509.97998046875,1509.97998046875,1509.989990234375,1494.56005859375,1495.8399658203125,960600000,0.009452892670027913,0.9408493660190482
2000-07-17,1510.489990234375,1510.489990234375,1517.3199462890625,1505.260009765625,1509.97998046875,906000000,0.0003377592896738335,0.03377022618457108
2000-07-18,1493.739990234375,1493.739990234375,1510.489990234375,1491.3499755859375,1510.489990234375,908300000,-0.011089116848368552,-1.115105945617103
2000-07-19,1481.9599609375,1481.9599609375,1495.6300048828125,1479.9200439453125,1493.739990234375,909400000,-0.007886264928226638,-0.7917525979241625
2000-07-20,1495.5699462890625,1495.5699462890625,1501.9200439453125,1481.9599609375,1481.9599609375,1064600000,0.009183773995454336,0.914185956935876
2000-07-21,1480.18994140625,1480.18994140625,1495.5699462890625,1477.9100341796875,1495.5699462890625,968300000,-0.01028370817491664,-1.033695083770937
2000-07-24,1464.2900390625,1464.2900390625,1485.8800048828125,1463.800048828125,1480.18994140625,880300000,-0.010741798669868241,-1.07999082984729
2000-07-25,1474.469970703125,1474.469970703125,1476.22998046875,1464.2900390625,1464.2900390625,969400000,0.006952127904347849,0.6928073285986649
2000-07-26,1452.4200439453125,1452.4200439453125,1474.469970703125,1452.4200439453125,1474.469970703125,1235800000,-0.01495447665665084,-1.5067422285769314
2000-07-27,1449.6199951171875,1449.6199951171875,1464.9100341796875,1445.3299560546875,1452.4200439453125,1156400000,-0.0019278505827550196,-0.19297112785032444
2000-07-28,1419.8900146484375,1419.8900146484375,1456.6800537109375,1413.8900146484375,1449.6199951171875,980000000,-0.020508809597612254,-2.072203561206855
2000-07-31,1430.8299560546875,1430.8299560546875,1437.6500244140625,1418.7099609375,1419.8900146484375,952600000,0.007704780858649007,0.7675250620293993
2000-08-01,1438.0999755859375,1438.0999755859375,1443.5400390625,1428.9599609375,1430.8299560546875,938700000,0.0050809807975338295,0.5068116172807686
2000-08-02,1438.699951171875,1438.699951171875,1451.5899658203125,1433.489990234375,1438.0999755859375,994500000,0.00041720019200552905,0.04171131882032519
2000-08-03,1452.56005859375,1452.56005859375,1454.18994140625,1425.4300537109375,1438.699951171875,1095600000,0.009633772080540837,0.9587663196748386
2000-08-04,1462.9300537109375,1462.9300537109375,1462.9300537109375,1451.31005859375,1452.56005859375,956000000,0.007139116249160082,0.711375339942963
2000-08-07,1479.3199462890625,1479.3199462890625,1480.800048828125,1460.719970703125,1462.9300537109375,854800000,0.01120346973291686,1.1141175706899775
2000-08-08,1482.800048828125,1482.800048828125,1484.52001953125,1472.6099853515625,1479.3199462890625,992200000,0.002352501598989809,0.2349738799248673
2000-08-09,1472.8699951171875,1472.8699951171875,1490.3299560546875,1471.1600341796875,1482.800048828125,1054000000,-0.006696825859147548,-0.6719350214888085
2000-08-10,1460.25,1460.25,1475.1500244140625,1459.8900146484375,1472.8699951171875,940800000,-0.008568302130551153,-0.8605221070946711
2000-08-11,1471.8399658203125,1471.8399658203125,1475.719970703125,1453.06005859375,1460.25,835500000,0.00793697368280255,0.7905641586007474
2000-08-14,1491.56005859375,1491.56005859375,1491.6400146484375,1468.56005859375,1471.8399658203125,783800000,0.013398258799452334,1.3309295881220085
2000-08-15,1484.4300537109375,1484.4300537109375,1493.1199951171875,1482.739990234375,1491.56005859375,895900000,-0.004780233180509463,-0.4791695036623892
2000-08-16,1479.8499755859375,1479.8499755859375,1496.0899658203125,1475.739990234375,1484.4300537109375,929800000,-0.0030854118815165643,-0.3090181578268623
2000-08-17,1496.0699462890625,1496.0699462890625,1499.3199462890625,1479.8499755859375,1479.8499755859375,922400000,0.010960550711704986,1.090091920947978
2000-08-18,1491.719970703125,1491.719970703125,1499.469970703125,1488.989990234375,1496.0699462890625,821400000,-0.0029076017446426627,-0.2911837030270272
2000-08-21,1499.47998046875,1499.47998046875,1502.8399658203125,1491.1300048828125,1491.719970703125,731600000,0.0052020552905565065,0.5188571343542924
2000-08-22,1498.1300048828125,1498.1300048828125,1508.449951171875,1497.4200439453125,1499.47998046875,818800000,-0.000900295838238141,-0.09007013479403823
2000-08-23,1505.969970703125,1505.969970703125,1507.199951171875,1489.52001953125,1498.1300048828125,871000000,0.005233167879129308,0.5219522441311926
2000-08-24,1508.31005859375,1508.31005859375,1511.1600341796875,1501.25,1505.969970703125,837100000,0.0015538742047640497,0.15526681914089885
2000-08-25,1506.449951171875,1506.449951171875,1513.469970703125,1505.0899658203125,1508.31005859375,685600000,-0.001233239420022958,-0.12340004855381842
2000-08-28,1514.0899658203125,1514.0899658203125,1523.949951171875,1506.449951171875,1506.449951171875,733600000,0.005071535660706283,0.5058718739776826
2000-08-29,1509.8399658203125,1509.8399658203125,1514.81005859375,1505.4599609375,1514.0899658203125,795600000,-0.002806966624138041,-0.2810913542595063
2000-08-30,1502.5899658203125,1502.5899658203125,1510.489990234375,1500.0899658203125,1509.8399658203125,818400000,-0.004801833415544188,-0.4813399257303448
2000-08-31,1517.6800537109375,1517.6800537109375,1525.2099609375,1502.5899658203125,1502.5899658203125,1056600000,0.010042718395491868,0.9992625399822193
2000-09-01,1520.77001953125,1520.77001953125,1530.0899658203125,1515.530029296875,1517.6800537109375,767700000,0.0020359797262652357,0.20339099284438192
2000-09-05,1507.0799560546875,1507.0799560546875,1520.77001953125,1504.2099609375,1520.77001953125,838500000,-0.009002060338342388,-0.9042823704100792
2000-09-06,1492.25,1492.25,1512.6099853515625,1492.1199951171875,1507.0799560546875,995100000,-0.009840191952064758,-0.9888926610032613
2000-09-07,1502.510009765625,1502.510009765625,1505.3399658203125,1492.25,1492.25,985500000,0.006875530082509629,0.6852001412039173
2000-09-08,1494.5,1494.5,1502.510009765625,1489.8800048828125,1502.510009765625,961000000,-0.0053310857921502475,-0.5345346736805905
2000-09-11,1489.260009765625,1489.260009765625,1506.760009765625,1483.010009765625,1494.5,899300000,-0.0035061828266143014,-0.35123438910489935
2000-09-12,1481.989990234375,1481.989990234375,1496.9300537109375,1479.6700439453125,1489.260009765625,991200000,-0.00488163214185422,-0.489358622753845
2000-09-13,1484.9100341796875,1484.9100341796875,1487.449951171875,1473.6099853515625,1481.989990234375,1068300000,0.001970353352285903,0.196841475218659
2000-09-14,1480.8699951171875,1480.8699951171875,1494.1600341796875,1476.72998046875,1484.9100341796875,1014000000,-0.002720729855348991,-0.27244377678344206
2000-09-15,1465.81005859375,1465.81005859375,1480.9599609375,1460.219970703125,1480.8699951171875,1268400000,-0.010169654711820741,-1.0221718934521251
2000-09-18,1444.510009765625,1444.510009765625,1467.77001953125,1441.9200439453125,1465.81005859375,962500000,-0.014531247553697058,-1.4637860201737054
2000-09-19,1459.9000244140625,1459.9000244140625,1461.1600341796875,1444.510009765625,1444.510009765625,1024900000,0.010654141919677285,1.0597786475541067
2000-09-20,1451.3399658203125,1451.3399658203125,1460.489990234375,1430.949951171875,1459.9000244140625,1104000000,-0.005863455339817247,-0.5880712886379447
2000-09-21,1449.050048828125,1449.050048828125,1452.77001953125,1436.300048828125,1451.3399658203125,1105400000,-0.0015777950350132075,-0.15790410644246164
2000-09-22,1448.719970703125,1448.719970703125,1449.050048828125,1421.8800048828125,1449.050048828125,1185500000,-0.0002277893198147085,-0.02278152677423347
2000-09-25,1439.030029296875,1439.030029296875,1457.4200439453125,1435.9300537109375,1448.719970703125,982400000,-0.006688622785773424,-0.6711091870692856
2000-09-26,1427.2099609375,1427.2099609375,1448.0400390625,1425.25,1439.030029296875,1106600000,-0.008213913621490154,-0.8247833681979313
2000-09-27,1426.5699462890625,1426.5699462890625,1437.219970703125,1419.43994140625,1427.2099609375,1174700000,-0.0004484376272270163,-0.0448538205449603
2000-09-28,1458.2900390625,1458.2900390625,1461.68994140625,1425.780029296875,1426.5699462890625,1206200000,0.02223521731685918,2.1991619230550556
2000-09-29,1436.510009765625,1436.510009765625,1458.2900390625,1436.2900390625,1458.2900390625,1197100000,-0.014935320624473891,-1.504797562522097
2000-10-02,1436.22998046875,1436.22998046875,1445.5999755859375,1429.8299560546875,1436.52001953125,1051200000,-0.00019493724023589287,-0.019495624296930865
2000-10-03,1426.4599609375,1426.4599609375,1454.8199462890625,1425.280029296875,1436.22998046875,1098100000,-0.006802545319421149,-0.682578809750394
2000-10-04,1434.3199462890625,1434.3199462890625,1439.989990234375,1416.31005859375,1426.4599609375,1167400000,0.005510133874628176,0.5495008622973145
2000-10-05,1436.280029296875,1436.280029296875,1444.1700439453125,1431.800048828125,1434.3199462890625,1176100000,0.001366559122937483,0.13656262308240105
2000-10-06,1408.989990234375,1408.989990234375,1443.300048828125,1397.06005859375,1436.280029296875,1150100000,-0.01900050025471689,-1.9183329360550159
2000-10-09,1402.030029296875,1402.030029296875,1409.68994140625,1392.47998046875,1408.989990234375,716600000,-0.004939680896059673,-0.49519214459810945
2000-10-10,1387.02001953125,1387.02001953125,1408.8299560546875,1383.8499755859375,1402.030029296875,1044000000,-0.010705911750800823,-1.0763632361505893
2000-10-11,1364.5899658203125,1364.5899658203125,1387.02001953125,1349.6700439453125,1387.02001953125,1387500000,-0.016171398678526572,-1.6303582750874754
2000-10-12,1329.780029296875,1329.780029296875,1374.9300537109375,1328.06005859375,1364.5899658203125,1388600000,-0.025509447816078445,-2.5840455121106687
2000-10-13,1374.1700439453125,1374.1700439453125,1374.1700439453125,1327.0799560546875,1329.780029296875,1223900000,0.03338147187539642,3.283640742377901
2000-10-16,1374.6199951171875,1374.6199951171875,1379.47998046875,1365.06005859375,1374.1700439453125,1005400000,0.00032743485703057296,0.03273812619367224
2000-10-17,1349.969970703125,1349.969970703125,1380.989990234375,1342.3399658203125,1374.6199951171875,1161500000,-0.017932246367448723,-1.809497745525861
2000-10-18,1342.1300048828125,1342.1300048828125,1356.6500244140625,1305.7900390625,1349.969970703125,1441700000,-0.005807511270957466,-0.5824440440586927
2000-10-19,1388.760009765625,1388.760009765625,1389.9300537109375,1342.1300048828125,1342.1300048828125,1297900000,0.03474328471397525,3.4153361859011895
2000-10-20,1396.9300537109375,1396.9300537109375,1408.469970703125,1382.18994140625,1388.760009765625,1177400000,0.005882977539575895,0.5865740397982498
2000-10-23,1395.780029296875,1395.780029296875,1406.9599609375,1387.75,1396.9300537109375,1046800000,-0.0008232512508464795,-0.0823590308256553
2000-10-24,1398.1300048828125,1398.1300048828125,1415.6400146484375,1388.1300048828125,1395.780029296875,1158600000,0.001683628893244249,0.1682213178921447
2000-10-25,1364.9000244140625,1364.9000244140625,1398.1300048828125,1362.2099609375,1398.1300048828125,1315600000,-0.023767446770113,-2.4054449199316688
2000-10-26,1364.43994140625,1364.43994140625,1372.719970703125,1337.81005859375,1364.9000244140625,1303800000,-0.0003370818371917217,-0.03371386620443132
2000-10-27,1379.5799560546875,1379.5799560546875,1384.5699462890625,1364.1300048828125,1364.43994140625,1086300000,0.011096138561315971,1.1035028060664311
2000-10-30,1398.6600341796875,1398.6600341796875,1406.3599853515625,1376.8599853515625,1379.5799560546875,1186500000,0.013830353247205052,1.3735586682098206
2000-10-31,1429.4000244140625,1429.4000244140625,1432.219970703125,1398.6600341796875,1398.6600341796875,1366400000,0.021978171595075313,2.174013303587748
2000-11-01,1421.219970703125,1421.219970703125,1429.5999755859375,1410.449951171875,1429.4000244140625,1206800000,-0.0057227183232284595,-0.5739155817162054
2000-11-02,1428.3199462890625,1428.3199462890625,1433.4000244140625,1421.219970703125,1421.219970703125,1167700000,0.004995690837657607,0.49832537781229863
2000-11-03,1426.68994140625,1426.68994140625,1433.2099609375,1420.9200439453125,1428.3199462890625,997700000,-0.0011412043128343763,-0.11418559823153857
2000-11-06,1432.18994140625,1432.18994140625,1438.4599609375,1427.719970703125,1428.760009765625,930900000,0.003855077294915743,0.38476655269594884
2000-11-07,1431.8699951171875,1431.8699951171875,1436.219970703125,1423.260009765625,1432.18994140625,880900000,-0.00022339654805025866,-0.022342150477599916
2000-11-08,1409.280029296875,1409.280029296875,1437.280029296875,1408.780029296875,1431.8699951171875,909300000,-0.015776548078628938,-1.5902322423898214
2000-11-09,1400.1400146484375,1400.1400146484375,1409.280029296875,1369.6800537109375,1409.280029296875,1111000000,-0.006485591549181047,-0.6506714376939785
2000-11-10,1365.97998046875,1365.97998046875,1400.1400146484375,1365.969970703125,1400.1400146484375,962500000,-0.02439758440034645,-2.470013662903212
2000-11-13,1351.260009765625,1351.260009765625,1365.97998046875,1328.6199951171875,1365.97998046875,1129300000,-0.010776124770198847,-1.0834607728647911
2000-11-14,1382.949951171875,1382.949951171875,1390.06005859375,1351.260009765625,1351.260009765625,1118800000,0.023452141835934803,2.318136570591192
2000-11-15,1389.81005859375,1389.81005859375,1395.9599609375,1374.75,1382.949951171875,1066800000,0.0049604885672558385,0.4948225879737868
2000-11-16,1372.3199462890625,1372.3199462890625,1394.760009765625,1370.3900146484375,1389.81005859375,956300000,-0.01258453426534023,-1.266439019045086
2000-11-17,1367.719970703125,1367.719970703125,1384.8499755859375,1355.550048828125,1372.3199462890625,1070400000,-0.0033519702153833597,-0.33576006531063146
2000-11-20,1342.6199951171875,1342.6199951171875,1367.719970703125,1341.6700439453125,1367.719970703125,955800000,-0.018351691957114613,-1.852217322376188
2000-11-21,1347.3499755859375,1347.3499755859375,1355.8699951171875,1333.6199951171875,1342.6199951171875,1137100000,0.003522948031424944,0.35167569862350806
2000-11-22,1322.3599853515625,1322.3599853515625,1347.3499755859375,1321.8900146484375,1347.3499755859375,963200000,-0.01854751229242224,-1.872167427473288
2000-11-24,1341.77001953125,1341.77001953125,1343.8299560546875,1322.3599853515625,1322.3599853515625,404870000,0.014678328439080124,1.4571644470684244
2000-11-27,1348.969970703125,1348.969970703125,1362.5,1341.77001953125,1341.77001953125,946100000,0.005366009872832311,0.5351664138539549
2000-11-28,1336.0899658203125,1336.0899658203125,1358.81005859375,1334.969970703125,1348.969970703125,1028200000,-0.009548029357613563,-0.9593904031944647
2000-11-29,1341.9300537109375,1341.9300537109375,1352.3800048828125,1329.280029296875,1336.0899658203125,402100000,0.004371028927711018,0.43615037272983603
2000-11-30,1314.949951171875,1314.949951171875,1341.9100341796875,1294.9000244140625,1341.9100341796875,1186530000,-0.020105446229818358,-2.031031130031256
2000-12-01,1315.22998046875,1315.22998046875,1334.6700439453125,1307.02001953125,1314.949951171875,1195200000,0.00021295814082167297,0.021293546845558804
2000-12-04,1324.969970703125,1324.969970703125,1332.06005859375,1310.22998046875,1315.1800537109375,1103000000,0.007405541524307058,0.7378255132535632
2000-12-05,1376.5400390625,1376.5400390625,1376.56005859375,1324.969970703125,1324.969970703125,900300000,0.03892168841532939,3.8183337202680154
2000-12-06,1351.4599609375,1351.4599609375,1376.5400390625,1346.1500244140625,1376.5400390625,1399300000,-0.01821965029225081,-1.8387672115670557
2000-12-07,1343.550048828125,1343.550048828125,1353.5,1339.260009765625,1351.4599609375,1128000000,-0.005852864559811266,-0.5870059698293583
2000-12-08,1369.8900146484375,1369.8900146484375,1380.3299560546875,1343.550048828125,1343.550048828125,1358300000,0.01960475223329916,1.9415054389011632
2000-12-11,1380.199951171875,1380.199951171875,1389.050048828125,1364.1400146484375,1369.8900146484375,1202400000,0.007526105317355203,0.7497925487985166
2000-12-12,1371.1800537109375,1371.1800537109375,1380.27001953125,1370.27001953125,1380.199951171875,1083400000,-0.0065352106796403575,-0.6556658664756471
2000-12-13,1359.989990234375,1359.989990234375,1385.8199462890625,1358.47998046875,1371.1800537109375,1195100000,-0.008160900128526438,-0.8194382562943504
2000-12-14,1340.9300537109375,1340.9300537109375,1359.989990234375,1340.47998046875,1359.989990234375,1061300000,-0.01401476235876764,-1.4113896457878423
2000-12-15,1312.1500244140625,1312.1500244140625,1340.9300537109375,1305.3800048828125,1340.9300537109375,1561100000,-0.02146273716308178,-2.1696411279964054
2000-12-18,1322.739990234375,1322.739990234375,1332.3199462890625,1312.1500244140625,1312.1500244140625,1189900000,0.008070697422759565,0.8038303521842073
2000-12-19,1305.5999755859375,1305.5999755859375,1346.43994140625,1305.199951171875,1322.9599609375,1324900000,-0.012957962090040409,-1.3042648854882348
2000-12-20,1264.739990234375,1264.739990234375,1305.5999755859375,1261.1600341796875,1305.5999755859375,1421600000,-0.03129594524787349,-3.1796126791936357
2000-12-21,1274.8599853515625,1274.8599853515625,1285.31005859375,1254.0699462890625,1264.739990234375,1449900000,0.00800164080785648,0.7969797433423939
2000-12-22,1305.949951171875,1305.949951171875,1305.969970703125,1274.8599853515625,1274.8599853515625,1087100000,0.02438696498246351,2.409435072348548
2000-12-26,1315.18994140625,1315.18994140625,1315.93994140625,1301.6400146484375,1305.969970703125,806500000,0.007075301948657131,0.7050389439815639
2000-12-27,1328.9200439453125,1328.9200439453125,1332.030029296875,1310.9599609375,1315.18994140625,1092700000,0.010439634692143152,1.038551801890451
2000-12-28,1334.219970703125,1334.219970703125,1335.9300537109375,1325.780029296875,1328.9200439453125,1015300000,0.00398814569917838,0.398021412730193
2000-12-29,1320.280029296875,1320.280029296875,1340.0999755859375,1317.510009765625,1334.219970703125,1035500000,-0.010448008358699412,-1.050297197343172
2001-01-02,1283.27001953125,1283.27001953125,1320.280029296875,1276.050048828125,1320.280029296875,1129400000,-0.028031939394959182,-2.8432334521416402
2001-01-03,1347.56005859375,1347.56005859375,1347.760009765625,1274.6199951171875,1283.27001953125,1880700000,0.05009860597069338,4.888407020840131
2001-01-04,1333.3399658203125,1333.3399658203125,1350.239990234375,1329.1400146484375,1347.56005859375,2131000000,-0.010552474216456775,-1.0608546388114073
2001-01-05,1298.3499755859375,1298.3499755859375,1334.77001953125,1294.949951171875,1333.3399658203125,1430800000,-0.026242362136687403,-2.6592838065874322
2001-01-08,1295.8599853515625,1295.8599853515625,1298.3499755859375,1276.2900390625,1298.3499755859375,1115500000,-0.0019178112844737694,-0.19196526391590285
2001-01-09,1300.800048828125,1300.800048828125,1311.719970703125,1295.1400146484375,1295.8599853515625,1191300000,0.003812189227544005,0.38049412487950596
2001-01-10,1313.27001953125,1313.27001953125,1313.760009765625,1287.280029296875,1300.800048828125,1296500000,0.009586385482041715,0.954072765251826
2001-01-11,1326.8199462890625,1326.8199462890625,1332.18994140625,1309.719970703125,1313.27001953125,1411200000,0.010317700515731554,1.026483635719767
2001-01-12,1318.550048828125,1318.550048828125,1333.2099609375,1311.5899658203125,1326.8199462890625,1276000000,-0.006232870921233369,-0.6252376353325712
2001-01-16,1326.6500244140625,1326.6500244140625,1327.81005859375,1313.3299560546875,1318.3199462890625,1205700000,0.006143093008214917,0.6124301133249056
2001-01-17,1329.469970703125,1329.469970703125,1346.9200439453125,1325.4100341796875,1326.6500244140625,1349100000,0.0021256143196530797,0.21233583977827186
2001-01-18,1347.969970703125,1347.969970703125,1352.7099609375,1327.4100341796875,1329.8900146484375,1445000000,0.013915319945297933,1.3819390779688845
2001-01-19,1342.5400390625,1342.5400390625,1354.550048828125,1336.739990234375,1347.969970703125,1407800000,-0.004028228935836542,-0.4036364104246305
2001-01-22,1342.9000244140625,1342.9000244140625,1353.6199951171875,1333.8399658203125,1342.5400390625,1164000000,0.00026813751626653115,0.026810157382758368
2001-01-23,1360.4000244140625,1360.4000244140625,1362.9000244140625,1339.6300048828125,1342.9000244140625,1232600000,0.013031498757798854,1.2947319312044343
2001-01-24,1364.300048828125,1364.300048828125,1369.75,1357.280029296875,1360.4000244140625,1309000000,0.0028668217760010606,0.2862720279423331
2001-01-25,1357.510009765625,1357.510009765625,1367.3499755859375,1354.6300048828125,1364.300048828125,1258000000,-0.004976939690306659,-0.49893659014614644
2001-01-26,1354.949951171875,1354.949951171875,1357.510009765625,1342.75,1357.510009765625,1098000000,-0.0018858487785236022,-0.1887629230125118
2001-01-29,1364.1700439453125,1364.1700439453125,1365.5400390625,1350.3599853515625,1354.9200439453125,1053100000,0.006804747854681326,0.678170005523196
2001-01-30,1373.72998046875,1373.72998046875,1375.6800537109375,1356.199951171875,1364.1700439453125,1149800000,0.007007877475295743,0.6983436422109728
2001-01-31,1366.010009765625,1366.010009765625,1383.3699951171875,1364.6600341796875,1373.72998046875,1295300000,-0.005619714800495723,-0.5635564807286338
2001-02-01,1373.469970703125,1373.469970703125,1373.5,1359.3399658203125,1366.010009765625,1118800000,0.005461131971338906,0.5446274059599507
2001-02-02,1349.469970703125,1349.469970703125,1376.3800048828125,1348.719970703125,1373.469970703125,1048400000,-0.017473989611664797,-1.7628461911447508
2001-02-05,1354.31005859375,1354.31005859375,1354.56005859375,1344.47998046875,1349.469970703125,1013000000,0.003586658462731984,0.3580241741748479
2001-02-06,1352.260009765625,1352.260009765625,1363.550048828125,1350.0400390625,1354.31005859375,1059600000,-0.0015137219243971378,-0.15148687589011334
2001-02-07,1340.8900146484375,1340.8900146484375,1352.260009765625,1334.260009765625,1352.260009765625,1158300000,-0.008408142690811471,-0.844369052364719
2001-02-08,1332.530029296875,1332.530029296875,1350.3199462890625,1332.4200439453125,1341.0999755859375,1107200000,-0.0062346540433850794,-0.6254170660763811
2001-02-09,1314.760009765625,1314.760009765625,1332.530029296875,1309.97998046875,1332.530029296875,1075500000,-0.013335549023706816,-1.342526596679741
2001-02-12,1330.31005859375,1330.31005859375,1330.9599609375,1313.6400146484375,1314.760009765625,1039100000,0.011827290693833259,1.1757894931235195
2001-02-13,1318.800048828125,1318.800048828125,1336.6199951171875,1317.510009765625,1330.31005859375,1075200000,-0.008652125638884511,-0.8689772585958535
2001-02-14,1315.9200439453125,1315.9200439453125,1320.72998046875,1304.719970703125,1318.800048828125,1150300000,-0.002183807079300326,-0.21861950632109964
2001-02-15,1326.6099853515625,1326.6099853515625,1331.2900390625,1315.9200439453125,1315.9200439453125,1153700000,0.008123549341341407,0.8090730929249642
2001-02-16,1301.530029296875,1301.530029296875,1326.6099853515625,1293.1800537109375,1326.6099853515625,1257200000,-0.01890529720989631,-1.9086287083199487
2001-02-20,1278.93994140625,1278.93994140625,1307.1600341796875,1278.43994140625,1301.530029296875,1112200000,-0.01735656295447041,-1.7508953990654743
2001-02-21,1255.27001953125,1255.27001953125,1282.969970703125,1253.1600341796875,1278.93994140625,1208500000,-0.018507453797223627,-1.8680859586076646
2001-02-22,1252.8199462890625,1252.8199462890625,1259.93994140625,1228.3299560546875,1255.27001953125,1365900000,-0.0019518296494506204,-0.19537369511636415
2001-02-23,1245.8599853515625,1245.8599853515625,1252.8199462890625,1215.43994140625,1252.8199462890625,1231300000,-0.005555435925262753,-0.5570924750844155
2001-02-26,1267.6500244140625,1267.6500244140625,1267.68994140625,1241.7099609375,1245.8599853515625,1130800000,0.017489958196507338,1.7338769191571488
2001-02-27,1257.93994140625,1257.93994140625,1272.760009765625,1252.260009765625,1267.6500244140625,1114100000,-0.00765990835073016,-0.7689396127662075
2001-02-28,1239.93994140625,1239.93994140625,1263.469970703125,1229.6500244140625,1257.93994140625,1225300000,-0.014309109209043602,-1.4412471713944133
2001-03-01,1241.22998046875,1241.22998046875,1241.3599853515625,1214.5,1239.93994140625,1294900000,0.0010404044739755758,0.10398636283404812
2001-03-02,1234.1800537109375,1234.1800537109375,1251.010009765625,1219.739990234375,1241.22998046875,1294000000,-0.005679790908007298,-0.5695982258483536
2001-03-05,1241.4100341796875,1241.4100341796875,1242.550048828125,1234.0400390625,1234.1800537109375,929200000,0.0058581245475575194,0.5841032455202131
2001-03-06,1253.800048828125,1253.800048828125,1267.4200439453125,1241.4100341796875,1241.4100341796875,1091800000,0.00998059811609675,0.9931120882614959
2001-03-07,1261.8900146484375,1261.8900146484375,1263.8599853515625,1253.800048828125,1253.800048828125,1132200000,0.006452357238200701,0.6431629893613798
2001-03-08,1264.739990234375,1264.739990234375,1266.5,1257.5999755859375,1261.8900146484375,1114100000,0.0022584976129884637,0.2255951040818529
2001-03-09,1233.4200439453125,1233.4200439453125,1264.739990234375,1228.4200439453125,1264.739990234375,1085900000,-0.024763940834399034,-2.5075725323942804
2001-03-12,1180.1600341796875,1180.1600341796875,1233.4200439453125,1176.780029296875,1233.4200439453125,1229000000,-0.043180755839886786,-4.414078294443772
2001-03-13,1197.6600341796875,1197.6600341796875,1197.8299560546875,1171.5,1180.1600341796875,1360900000,0.014828497401341068,1.4719630139540336
2001-03-14,1166.7099609375,1166.7099609375,1197.6600341796875,1155.3499755859375,1197.6600341796875,1397400000,-0.02584211909800105,-2.6181893093709756
2001-03-15,1173.56005859375,1173.56005859375,1182.0400390625,1166.7099609375,1166.7099609375,1259500000,0.005871294396720295,0.5854125517359441
2001-03-16,1150.530029296875,1150.530029296875,1173.56005859375,1148.6400146484375,1173.56005859375,1543560000,-0.019624073883761306,-1.9819182794657755
2001-03-19,1170.81005859375,1170.81005859375,1173.5,1147.1800537109375,1150.530029296875,1126200000,0.017626684032983286,1.7473135776606017
2001-03-20,1142.6199951171875,1142.6199951171875,1180.56005859375,1142.18994140625,1170.81005859375,1235900000,-0.024077401171648027,-2.4372000192958607
2001-03-21,1122.1400146484375,1122.1400146484375,1149.3900146484375,1118.739990234375,1142.6199951171875,1346300000,-0.017923702154931664,-1.80862772659719
2001-03-22,1117.5799560546875,1117.5799560546875,1124.27001953125,1081.18994140625,1122.1400146484375,1723950000,-0.0040637162334672405,-0.4071995565797344
2001-03-23,1139.8299560546875,1139.8299560546875,1141.8299560546875,1117.5799560546875,1117.5799560546875,1364900000,0.019909090065061363,1.9713495936903382
2001-03-26,1152.68994140625,1152.68994140625,1160.02001953125,1139.8299560546875,1139.8299560546875,1114000000,0.011282371798750468,1.121920054569309
2001-03-27,1182.1700439453125,1182.1700439453125,1183.3499755859375,1150.9599609375,1152.68994140625,1314200000,0.025575049699052332,2.5253479371825076
2001-03-28,1153.2900390625,1153.2900390625,1182.1700439453125,1147.8299560546875,1182.1700439453125,1333400000,-0.02442965378011941,-2.4733008530898917
2001-03-29,1147.949951171875,1147.949951171875,1161.68994140625,1136.260009765625,1153.2900390625,1234500000,-0.00463030782349072,-0.4641060904985464
2001-03-30,1160.3299560546875,1160.3299560546875,1162.800048828125,1143.8299560546875,1147.949951171875,1280800000,0.010784446543313564,1.0726709139390915
2001-04-02,1145.8699951171875,1145.8699951171875,1169.510009765625,1137.510009765625,1160.3299560546875,1254900000,-0.012461938832180275,-1.254023999486656
2001-04-03,1106.4599609375,1106.4599609375,1145.8699951171875,1100.18994140625,1145.8699951171875,1386100000,-0.03439311121472999,-3.4998475022451245
2001-04-04,1103.25,1103.25,1117.5,1091.989990234375,1106.4599609375,1425590000,-0.002901108987965695,-0.2905325361392833
2001-04-05,1151.43994140625,1151.43994140625,1151.469970703125,1103.25,1103.25,1368000000,0.04367998314638566,4.275291291739027
2001-04-06,1128.4300537109375,1128.4300537109375,1151.43994140625,1119.2900390625,1151.43994140625,1266800000,-0.019983576101425315,-2.018594837777301
2001-04-09,1137.5899658203125,1137.5899658203125,1146.1300048828125,1126.3800048828125,1128.4300537109375,1062800000,0.008117394675240863,0.808462583936063
2001-04-10,1168.3800048828125,1168.3800048828125,1173.9200439453125,1137.5899658203125,1137.5899658203125,1349600000,0.027066025534338678,2.670621859203787
2001-04-11,1165.8900146484375,1165.8900146484375,1182.239990234375,1160.260009765625,1168.3800048828125,1290300000,-0.0021311475923663226,-0.21334217189706364
2001-04-12,1183.5,1183.5,1183.510009765625,1157.72998046875,1165.8900146484375,1102000000,0.015104328135851386,1.499139355233697
2001-04-16,1179.6800537109375,1179.6800537109375,1184.6400146484375,1167.3800048828125,1183.5,913900000,-0.0032276690232889704,-0.3232889182608421
2001-04-17,1191.81005859375,1191.81005859375,1192.25,1168.9000244140625,1179.6800537109375,1109600000,0.010282453148762638,1.0229948339488113
2001-04-18,1238.1600341796875,1238.1600341796875,1248.4200439453125,1191.81005859375,1191.81005859375,1918900000,0.03889040476854766,3.815322509881213
2001-04-19,1253.68994140625,1253.68994140625,1253.7099609375,1233.3900146484375,1238.1600341796875,1486800000,0.01254273017853591,1.246472175351813
2001-04-20,1242.97998046875,1242.97998046875,1253.699951171875,1234.4100341796875,1253.699951171875,1338700000,-0.008542750949638078,-0.8579449399815879
2001-04-23,1224.3599853515625,1224.3599853515625,1242.97998046875,1217.469970703125,1242.97998046875,1012600000,-0.014980124708175557,-1.5093460052377403
2001-04-24,1209.469970703125,1209.469970703125,1233.5400390625,1208.8900146484375,1224.3599853515625,1216500000,-0.012161467890639988,-1.2236023629359138
2001-04-25,1228.75,1228.75,1232.3599853515625,1207.3800048828125,1209.469970703125,1203600000,0.01594089126964149,1.581516957968027
2001-04-26,1234.52001953125,1234.52001953125,1248.300048828125,1228.75,1228.75,1345200000,0.004695844989827114,0.46848539046001564
2001-04-27,1253.050048828125,1253.050048828125,1253.0699462890625,1234.52001953125,1234.52001953125,1091300000,0.0150099058773554,1.4898371931206402
2001-04-30,1249.4599609375,1249.4599609375,1269.300048828125,1243.989990234375,1253.050048828125,1266800000,-0.0028650794068301177,-0.2869191603224831
2001-05-01,1266.43994140625,1266.43994140625,1266.469970703125,1243.550048828125,1249.4599609375,1181300000,0.013589855617309743,1.3498341704493846
2001-05-02,1267.4300537109375,1267.4300537109375,1272.9300537109375,1257.699951171875,1266.43994140625,1342200000,0.0007818075475320985,0.07815020952043317
2001-05-03,1248.5799560546875,1248.5799560546875,1267.4300537109375,1239.8800048828125,1267.4300537109375,1137900000,-0.01487269265949498,-1.4984400130627271
2001-05-04,1266.6099853515625,1266.6099853515625,1267.510009765625,1232.0,1248.5799560546875,1082100000,0.0144404282716879,1.4337158275437674
2001-05-07,1263.510009765625,1263.510009765625,1270.0,1259.18994140625,1266.6099853515625,949000000,-0.0024474586666685116,-0.24504585894219535
2001-05-08,1261.199951171875,1261.199951171875,1267.010009765625,1253.0,1266.7099609375,1006300000,-0.0018282867376558931,-0.18299600937476526
2001-05-09,1255.5400390625,1255.5400390625,1261.6500244140625,1247.8299560546875,1261.199951171875,1132400000,-0.004487719892564135,-0.4497819936253592
2001-05-10,1255.1800537109375,1255.1800537109375,1268.1400146484375,1254.56005859375,1255.5400390625,1056700000,-0.0002867175401520816,-0.028675865148441157
2001-05-11,1245.6700439453125,1245.6700439453125,1259.8399658203125,1240.7900390625,1255.1800537109375,906200000,-0.007576610015040175,-0.76054583320409
2001-05-14,1248.9200439453125,1248.9200439453125,1249.6800537109375,1241.02001953125,1245.6700439453125,858200000,0.0026090376145728733,0.2605639984349348
2001-05-15,1249.43994140625,1249.43994140625,1257.449951171875,1245.3599853515625,1248.9200439453125,1071800000,0.0004162776179772454,0.04161909984873006
2001-05-16,1284.989990234375,1284.989990234375,1286.3900146484375,1243.02001953125,1249.43994140625,1405300000,0.02845278724491007,2.8055524579750335
2001-05-17,1288.489990234375,1288.489990234375,1296.47998046875,1282.6500244140625,1284.989990234375,1355600000,0.0027237566258095924,0.2720053922715442
2001-05-18,1291.9599609375,1291.9599609375,1292.06005859375,1281.1500244140625,1288.489990234375,1130800000,0.0026930521225809745,0.26894323550721744
2001-05-21,1312.8299560546875,1312.8299560546875,1312.949951171875,1287.8699951171875,1291.9599609375,1174900000,0.01615374759914645,1.6024664084721572
2001-05-22,1309.3800048828125,1309.3800048828125,1315.9300537109375,1306.8900146484375,1312.8299560546875,1260400000,-0.002627873591674268,-0.2631332512547939
2001-05-23,1289.050048828125,1289.050048828125,1309.3800048828125,1288.699951171875,1309.3800048828125,1134800000,-0.015526398737474967,-1.5648195622524033
2001-05-24,1293.1700439453125,1293.1700439453125,1295.0400390625,1281.219970703125,1289.050048828125,1100700000,0.003196148296129353,0.31910514714147153
2001-05-25,1277.8900146484375,1277.8900146484375,1293.1700439453125,1276.4200439453125,1293.1700439453125,828100000,-0.011815947460596443,-1.1886310588375482
2001-05-29,1267.9300537109375,1267.9300537109375,1278.4200439453125,1265.4100341796875,1277.8900146484375,1026000000,-0.007794067426248774,-0.782459992146223
2001-05-30,1248.0799560546875,1248.0799560546875,1267.9300537109375,1245.9599609375,1267.9300537109375,1158600000,-0.015655514748746047,-1.5779356558458757
2001-05-31,1255.8199462890625,1255.8199462890625,1261.9100341796875,1248.0699462890625,1248.0799560546875,1226600000,0.006201517937073353,0.6182367657796666
2001-06-01,1260.6700439453125,1260.6700439453125,1265.3399658203125,1246.8800048828125,1255.8199462890625,1015000000,0.0038620963702495903,0.3854657622684866
2001-06-04,1267.1099853515625,1267.1099853515625,1267.1700439453125,1256.3599853515625,1260.6700439453125,836500000,0.005108348086146242,0.50953447410036
2001-06-05,1283.5699462890625,1283.5699462890625,1286.6199951171875,1267.1099853515625,1267.1099853515625,1116800000,0.012990159597655815,1.2906511100564182
2001-06-06,1270.030029296875,1270.030029296875,1283.8499755859375,1269.010009765625,1283.5699462890625,1061900000,-0.010548639777156588,-1.060467106196446
2001-06-07,1276.9599609375,1276.9599609375,1277.0799560546875,1265.0799560546875,1270.030029296875,1089600000,0.005456510067294751,0.5441677248723177
2001-06-08,1264.9599609375,1264.9599609375,1277.1099853515625,1259.989990234375,1276.9599609375,726200000,-0.00939731891921658,-0.9441752309571274
2001-06-11,1254.3900146484375,1254.3900146484375,1264.9599609375,1249.22998046875,1264.9599609375,870100000,-0.008355953243949998,-0.8391059924567633
2001-06-12,1255.8499755859375,1255.8499755859375,1261.0,1235.75,1254.3900146484375,1136500000,0.001163881185636706,0.11632044010099281
2001-06-13,1241.5999755859375,1241.5999755859375,1259.75,1241.5899658203125,1255.8499755859375,1063600000,-0.011346896744853119,-1.1411763938773378
2001-06-14,1219.8699951171875,1219.8699951171875,1241.5999755859375,1218.9000244140625,1241.5999755859375,1242900000,-0.017501595438172535,-1.7656559095685551
2001-06-15,1214.3599853515625,1214.3599853515625,1221.5,1203.030029296875,1219.8699951171875,1635550000,-0.004516882772492181,-0.45271147100829723
2001-06-18,1208.4300537109375,1208.4300537109375,1221.22998046875,1208.3299560546875,1214.3599853515625,1111600000,-0.004883174439339166,-0.4895136092087169
2001-06-19,1212.5799560546875,1212.5799560546875,1226.1099853515625,1207.7099609375,1208.4300537109375,1184900000,0.0034341270568420956,0.34282439076612087
2001-06-20,1223.1400146484375,1223.1400146484375,1225.6099853515625,1210.0699462890625,1212.5799560546875,1350100000,0.00870875239279778,0.867104994474383
2001-06-21,1237.0400390625,1237.0400390625,1240.239990234375,1220.25,1223.1400146484375,1546820000,0.011364213620349783,1.130012602445341
2001-06-22,1225.3499755859375,1225.3499755859375,1237.72998046875,1221.4100341796875,1237.0400390625,1189200000,-0.009450028380182385,-0.9494963212735541
2001-06-25,1218.5999755859375,1218.5999755859375,1231.5,1213.5999755859375,1225.3499755859375,1050100000,-0.005508630297048178,-0.5523858751956685
2001-06-26,1216.760009765625,1216.760009765625,1220.699951171875,1204.6400146484375,1218.5999755859375,1198900000,-0.0015099014091377594,-0.15110424589969146
2001-06-27,1211.0699462890625,1211.0699462890625,1219.9200439453125,1207.2900390625,1216.760009765625,1162100000,-0.004676405725775434,-0.46873743201225027
2001-06-28,1226.199951171875,1226.199951171875,1234.43994140625,1211.0699462890625,1211.0699462890625,1327300000,0.012493089213528652,1.2415694507143689
2001-06-29,1224.3800048828125,1224.3800048828125,1237.2900390625,1221.1400146484375,1226.199951171875,1832360000,-0.0014842165727727563,-0.1485319113264489
2001-07-02,1236.719970703125,1236.719970703125,1239.780029296875,1224.030029296875,1224.4200439453125,1128300000,0.010078542422369496,1.0028092604268009
2001-07-03,1234.449951171875,1234.449951171875,1236.7099609375,1229.4300537109375,1236.7099609375,622110000,-0.0018355161920441398,-0.18372028160895987
2001-07-05,1219.239990234375,1219.239990234375,1234.449951171875,1219.1500244140625,1234.449951171875,934900000,-0.012321245525637625,-1.239778139926692
2001-07-06,1190.5899658203125,1190.5899658203125,1219.239990234375,1188.739990234375,1219.239990234375,1056700000,-0.02349826502045349,-2.3778751934215294
2001-07-09,1198.780029296875,1198.780029296875,1201.760009765625,1189.75,1190.5899658203125,1045700000,0.006878995885808203,0.6855443542898605
2001-07-10,1181.52001953125,1181.52001953125,1203.4300537109375,1179.9300537109375,1198.780029296875,1263800000,-0.014397979065223998,-1.4502635743563457
2001-07-11,1180.1800537109375,1180.1800537109375,1184.9300537109375,1168.4599609375,1181.52001953125,1384100000,-0.001134103356830174,-0.11347469386804002
2001-07-12,1208.1400146484375,1208.1400146484375,1210.25,1180.1800537109375,1180.1800537109375,1394000000,0.023691267149943185,2.3414984234097416
2001-07-13,1215.6800537109375,1215.6800537109375,1218.5400390625,1203.6099853515625,1208.1400146484375,1121700000,0.006241030816857895,0.6221636236980788
2001-07-16,1202.449951171875,1202.449951171875,1219.6300048828125,1200.050048828125,1215.6800537109375,1039800000,-0.010882881971022607,-1.0942533714401794
2001-07-17,1214.43994140625,1214.43994140625,1215.3599853515625,1196.1400146484375,1202.449951171875,1238100000,0.009971300861786325,0.9921915461124283
2001-07-18,1207.7099609375,1207.7099609375,1214.43994140625,1198.3299560546875,1214.43994140625,1316300000,-0.005541633010651026,-0.5557044822974007
2001-07-19,1215.02001953125,1215.02001953125,1225.0400390625,1205.800048828125,1207.7099609375,1343500000,0.006052826282955781,0.6034581514543652
2001-07-20,1210.8499755859375,1210.8499755859375,1215.68994140625,1207.0400390625,1215.02001953125,1170900000,-0.003432078384125181,-0.3437981475594382
2001-07-23,1191.030029296875,1191.030029296875,1215.219970703125,1190.5,1210.8499755859375,986900000,-0.016368622611130257,-1.650406859089024
2001-07-24,1171.6500244140625,1171.6500244140625,1191.030029296875,1165.5400390625,1191.030029296875,1198700000,-0.016271634136927227,-1.6405470991123063
2001-07-25,1190.489990234375,1190.489990234375,1190.52001953125,1171.280029296875,1171.6500244140625,1280700000,0.016079857831039934,1.5951946294855641
2001-07-26,1202.9300537109375,1202.9300537109375,1204.1800537109375,1182.6500244140625,1190.489990234375,1213900000,0.010449532191457944,1.0395313211512855
2001-07-27,1205.8199462890625,1205.8199462890625,1209.260009765625,1195.989990234375,1202.9300537109375,1015300000,0.0024023779015329705,0.23994968051410226
2001-07-30,1204.52001953125,1204.52001953125,1209.050048828125,1200.4100341796875,1205.8199462890625,909100000,-0.0010780438338352516,-0.10786253410535009
2001-07-31,1211.22998046875,1211.22998046875,1222.739990234375,1204.52001953125,1204.52001953125,1129200000,0.005570651237587043,0.5555192543405518
2001-08-01,1215.9300537109375,1215.9300537109375,1223.0400390625,1211.22998046875,1211.22998046875,1340300000,0.0038804135614018964,0.38729041767745515
2001-08-02,1220.75,1220.75,1226.27001953125,1215.31005859375,1215.9300537109375,1218300000,0.003963999634972737,0.3956163689383959
2001-08-03,1214.3499755859375,1214.3499755859375,1220.75,1205.31005859375,1220.75,939900000,-0.005242698680370639,-0.5256489848173491
2001-08-06,1200.47998046875,1200.47998046875,1214.3499755859375,1197.3499755859375,1214.3499755859375,811700000,-0.01142174446908939,-1.14874735657115
2001-08-07,1204.4000244140625,1204.4000244140625,1207.56005859375,1195.6400146484375,1200.469970703125,1012000000,0.0032653971820353345,0.32600773504200103
2001-08-08,1183.530029296875,1183.530029296875,1206.7900390625,1181.27001953125,1204.4000244140625,1124600000,-0.017328125783906967,-1.7480014949267868
2001-08-09,1183.4300537109375,1183.4300537109375,1184.7099609375,1174.6800537109375,1183.530029296875,1104200000,-8.447236949016279e-05,-0.008447593748169897
2001-08-10,1190.1600341796875,1190.1600341796875,1193.3299560546875,1169.550048828125,1183.4300537109375,960900000,0.005686842621282606,0.5670733575997913
2001-08-13,1191.2900390625,1191.2900390625,1193.8199462890625,1185.1199951171875,1190.1600341796875,837600000,0.0009494562498826298,0.09490058013956156
2001-08-14,1186.72998046875,1186.72998046875,1198.7900390625,1184.260009765625,1191.2900390625,964600000,-0.0038278323869295194,-0.3835177286675257
2001-08-15,1178.02001953125,1178.02001953125,1191.2099609375,1177.6099853515625,1186.72998046875,1065600000,-0.007339463130492052,-0.7366529506445029
2001-08-16,1181.6600341796875,1181.6600341796875,1181.800048828125,1166.0799560546875,1178.02001953125,1055400000,0.0030899429450153004,0.30851788825781395
2001-08-17,1161.969970703125,1161.969970703125,1181.6600341796875,1156.0699462890625,1181.6600341796875,974300000,-0.016663052745311324,-1.6803443148875001
2001-08-20,1171.4100341796875,1171.4100341796875,1171.4100341796875,1160.93994140625,1161.969970703125,897100000,0.008124188847023373,0.8091365281536667
2001-08-21,1157.260009765625,1157.260009765625,1179.8499755859375,1156.56005859375,1171.4100341796875,1041600000,-0.012079480285459132,-1.2153030103248523
2001-08-22,1165.31005859375,1165.31005859375,1168.56005859375,1153.3399658203125,1157.260009765625,1110800000,0.0069561280612775445,0.6932045817424317
2001-08-23,1162.0899658203125,1162.0899658203125,1169.8599853515625,1160.9599609375,1165.31005859375,986200000,-0.002763292695957098,-0.27671176371318457
2001-08-24,1184.9300537109375,1184.9300537109375,1185.1500244140625,1162.0899658203125,1162.0899658203125,1043600000,0.019654319856812652,1.9463667754720435
2001-08-27,1179.2099609375,1179.2099609375,1186.8499755859375,1178.0699462890625,1184.9300537109375,842600000,-0.004827367451372688,-0.4839056824065403
2001-08-28,1161.510009765625,1161.510009765625,1179.6600341796875,1161.1700439453125,1179.2099609375,987100000,-0.015010008190401547,-1.5123798461059843
2001-08-29,1148.56005859375,1148.56005859375,1166.969970703125,1147.3800048828125,1161.510009765625,963700000,-0.011149237684562108,-1.1211856303303616
2001-08-30,1129.030029296875,1129.030029296875,1151.75,1124.8699951171875,1148.5999755859375,1157000000,-0.017003925176352408,-1.715015190128704
2001-08-31,1133.5799560546875,1133.5799560546875,1141.8299560546875,1126.3800048828125,1129.030029296875,920100000,0.004029943083662779,0.4021844613325859
2001-09-04,1132.93994140625,1132.93994140625,1155.4000244140625,1129.06005859375,1133.5799560546875,1178300000,-0.0005645959466900052,-0.05647553909987461
2001-09-05,1131.739990234375,1131.739990234375,1135.52001953125,1114.8599853515625,1132.93994140625,1384500000,-0.0010591480872195191,-0.10597093809186155
2001-09-06,1106.4000244140625,1106.4000244140625,1131.739990234375,1105.8299560546875,1131.739990234375,1359700000,-0.022390271651587357,-2.264473935776002
2001-09-07,1085.780029296875,1085.780029296875,1106.4000244140625,1082.1199951171875,1106.4000244140625,1424300000,-0.018637016144416374,-1.8812873731179889
2001-09-10,1092.5400390625,1092.5400390625,1096.93994140625,1073.1500244140625,1085.780029296875,1276600000,0.006225947782446006,0.6206646640060623
2001-09-17,1038.77001953125,1038.77001953125,1092.5400390625,1037.4599609375,1092.5400390625,2330830000,-0.049215605477845537,-5.046795662810626
2001-09-18,1032.739990234375,1032.739990234375,1046.4200439453125,1029.25,1038.77001953125,1650410000,-0.005804970478062166,-0.5821884809079506
2001-09-19,1016.0999755859375,1016.0999755859375,1038.9100341796875,984.6199951171875,1032.739990234375,2120550000,-0.016112491823485176,-1.6243709423848913
2001-09-20,984.5399780273438,984.5399780273438,1016.0999755859375,984.489990234375,1016.0999755859375,2004800000,-0.03105993338932478,-3.1552519767185205
2001-09-21,965.7999877929688,965.7999877929688,984.5399780273438,944.75,984.5399780273438,2317300000,-0.01903426031711075,-1.92177438972797
2001-09-24,1003.4500122070312,1003.4500122070312,1008.4400024414062,965.7999877929688,965.7999877929688,1746600000,0.038983252112168465,3.824259274960759
2001-09-25,1012.27001953125,1012.27001953125,1017.1400146484375,998.3300170898438,1003.4500122070312,1613800000,0.008789682811224164,0.8751278426766528
2001-09-26,1007.0399780273438,1007.0399780273438,1020.2899780273438,1002.6199951171875,1012.27001953125,1519100000,-0.005166646648616657,-0.5180039919528648
2001-09-27,1018.6099853515625,1018.6099853515625,1018.9199829101562,998.239990234375,1007.0399780273438,1467000000,0.011489124142700646,1.1423625360937937
2001-09-28,1040.93994140625,1040.93994140625,1040.93994140625,1018.6099853515625,1018.6099853515625,1631500000,0.021921988175857665,2.1685156359092934
2001-10-01,1038.550048828125,1038.550048828125,1040.93994140625,1026.760009765625,1040.93994140625,1175600000,-0.0022958986230237066,-0.2298538239235396
2001-10-02,1051.3299560546875,1051.3299560546875,1051.3299560546875,1034.469970703125,1038.550048828125,1289800000,0.012305528501956209,1.223043093528238
2001-10-03,1072.280029296875,1072.280029296875,1075.3800048828125,1041.47998046875,1051.3299560546875,1650600000,0.019927210407669316,1.9731262404344154
2001-10-04,1069.6300048828125,1069.6300048828125,1084.1199951171875,1067.8199462890625,1072.280029296875,1609100000,-0.0024713921192770494,-0.24744510496976815
2001-10-05,1071.3800048828125,1071.3800048828125,1072.3499755859375,1053.5,1069.6199951171875,1301700000,0.0016360797584318298,0.1634742837950908
2001-10-08,1062.43994140625,1062.43994140625,1071.3699951171875,1056.8800048828125,1071.3699951171875,979000000,-0.00834443748792979,-0.8379447200028666
2001-10-09,1056.75,1056.75,1063.3699951171875,1053.8299560546875,1062.43994140625,1227800000,-0.005355541696520527,-0.5369934018738904
2001-10-10,1080.989990234375,1080.989990234375,1081.6199951171875,1052.760009765625,1056.75,1312400000,0.022938244839720845,2.267911842175475
2001-10-11,1097.4300537109375,1097.4300537109375,1099.1600341796875,1080.989990234375,1080.989990234375,1704580000,0.01520834015585848,1.5093852667844136
2001-10-12,1091.6500244140625,1091.6500244140625,1097.4300537109375,1072.1500244140625,1097.4300537109375,1331400000,-0.005266877171196449,-0.5280796063004708
2001-10-15,1089.97998046875,1089.97998046875,1091.6500244140625,1078.18994140625,1091.6500244140625,1024700000,-0.0015298345696541649,-0.15310059614022442
2001-10-16,1097.5400390625,1097.5400390625,1101.6600341796875,1087.1300048828125,1089.97998046875,1210500000,0.006935960961869103,0.6912017833284514
2001-10-17,1077.0899658203125,1077.0899658203125,1107.1199951171875,1076.5699462890625,1097.5400390625,1452200000,-0.01863264438138912,-1.8808418954138602
2001-10-18,1068.6099853515625,1068.6099853515625,1077.93994140625,1064.5400390625,1077.0899658203125,1262900000,-0.007873047505638664,-0.7904203580733224
2001-10-19,1073.47998046875,1073.47998046875,1075.52001953125,1057.239990234375,1068.6099853515625,1294900000,0.004557317621906032,0.4546964493033415
2001-10-22,1089.9000244140625,1089.9000244140625,1090.5699462890625,1070.7900390625,1073.47998046875,1105700000,0.015296087718508211,1.518028199200593
2001-10-23,1084.780029296875,1084.780029296875,1098.989990234375,1081.530029296875,1089.9000244140625,1317300000,-0.004697674100833327,-0.47087428503352
2001-10-24,1085.199951171875,1085.199951171875,1090.260009765625,1079.97998046875,1084.780029296875,1336200000,0.0003871032501143734,0.03870283449813057
2001-10-25,1100.0899658203125,1100.0899658203125,1100.0899658203125,1065.6400146484375,1085.199951171875,1364400000,0.013720987208263535,1.3627706761264227
2001-10-26,1104.6099853515625,1104.6099853515625,1110.6099853515625,1094.239990234375,1100.0899658203125,1244500000,0.00410877262013698,0.4100354664347971
2001-10-29,1078.300048828125,1078.300048828125,1104.6099853515625,1078.300048828125,1104.6099853515625,1106100000,-0.02381830408229002,-2.4106546045271102
2001-10-30,1059.7900390625,1059.7900390625,1078.300048828125,1053.6099853515625,1078.300048828125,1297400000,-0.017165917580863832,-1.7314960040262073
2001-10-31,1059.780029296875,1059.780029296875,1074.7900390625,1057.550048828125,1059.7900390625,1352500000,-9.445045958234033e-06,-0.0009445090562961473
2001-11-01,1084.0999755859375,1084.0999755859375,1085.6099853515625,1054.31005859375,1059.780029296875,1317400000,0.022948107736279866,2.2688760107419914
2001-11-02,1087.199951171875,1087.199951171875,1089.6300048828125,1075.5799560546875,1084.0999755859375,1121900000,0.002859492349182924,0.28554117779926497
2001-11-05,1102.8399658203125,1102.8399658203125,1106.719970703125,1087.199951171875,1087.199951171875,1267700000,0.014385591750238236,1.4283100883702897
2001-11-06,1118.8599853515625,1118.8599853515625,1119.72998046875,1095.3599853515625,1102.8399658203125,1356000000,0.014526150690715944,1.4421656876812259
2001-11-07,1115.800048828125,1115.800048828125,1126.6199951171875,1112.97998046875,1118.8599853515625,1411300000,-0.0027348699242971675,-0.27386165135638724
2001-11-08,1118.5400390625,1118.5400390625,1135.75,1115.4200439453125,1115.800048828125,1517500000,0.002455628351381245,0.2452618222911972
2001-11-09,1120.31005859375,1120.31005859375,1123.02001953125,1111.1300048828125,1118.5400390625,1093800000,0.0015824373463944053,0.15811866117157652
2001-11-12,1118.3299560546875,1118.3299560546875,1121.7099609375,1098.3199462890625,1120.31005859375,991600000,-0.0017674593956140683,-0.17690231948777627
2001-11-13,1139.0899658203125,1139.0899658203125,1139.1400146484375,1118.3299560546875,1118.3299560546875,1370100000,0.01856340309336213,1.8393206188873719
2001-11-14,1141.2099609375,1141.2099609375,1148.280029296875,1132.8699951171875,1139.0899658203125,1443400000,0.0018611305347253637,0.18594007771622653
2001-11-15,1142.239990234375,1142.239990234375,1146.4599609375,1135.06005859375,1141.2099609375,1454500000,0.0009025765040018285,0.09021694267561974
2001-11-16,1138.6500244140625,1138.6500244140625,1143.52001953125,1129.9200439453125,1142.239990234375,1337400000,-0.003142917294968739,-0.314786663248987
2001-11-19,1151.06005859375,1151.06005859375,1151.06005859375,1138.6500244140625,1138.6500244140625,1316800000,0.010898901254644544,1.0839936279118731
2001-11-20,1142.6600341796875,1142.6600341796875,1152.449951171875,1142.1700439453125,1151.06005859375,1330200000,-0.007297642161543494,-0.7324400212031177
2001-11-21,1137.030029296875,1137.030029296875,1142.6600341796875,1129.780029296875,1142.6600341796875,1029300000,-0.004927104050553632,-0.49392822463425207
2001-11-23,1150.3399658203125,1150.3399658203125,1151.050048828125,1135.9000244140625,1137.030029296875,410300000,0.011705879511087591,1.1637895729167196
2001-11-26,1157.4200439453125,1157.4200439453125,1157.8800048828125,1146.1700439453125,1150.3399658203125,1129800000,0.006154770185656577,0.6135906947333913
2001-11-27,1149.5,1149.5,1163.3800048828125,1140.81005859375,1157.4200439453125,1288000000,-0.0068428432588011345,-0.6866362866131652
2001-11-28,1128.52001953125,1128.52001953125,1149.5,1128.2900390625,1149.5,1423700000,-0.01825139666702913,-1.8420008155057115
2001-11-29,1140.199951171875,1140.199951171875,1140.4000244140625,1125.510009765625,1128.52001953125,1375700000,0.010349777973346352,1.0296585725125815
2001-11-30,1139.449951171875,1139.449951171875,1143.5699462890625,1135.8900146484375,1140.199951171875,1343600000,-0.0006577793651273423,-0.06579957968887046
2001-12-03,1129.9000244140625,1129.9000244140625,1139.449951171875,1125.780029296875,1139.449951171875,1202900000,-0.008381172642107582,-0.841649215393885
2001-12-04,1144.800048828125,1144.800048828125,1144.800048828125,1128.8599853515625,1129.9000244140625,1318500000,0.013187029022137864,1.3100837071863543
2001-12-05,1170.3499755859375,1170.3499755859375,1173.6199951171875,1143.77001953125,1143.77001953125,1765300000,0.022318243944841498,2.2072836601092405
2001-12-06,1167.0999755859375,1167.0999755859375,1173.3499755859375,1164.4300537109375,1170.3499755859375,1487900000,-0.0027769471250451705,-0.2780809995695209
2001-12-07,1158.31005859375,1158.31005859375,1167.0999755859375,1152.6600341796875,1167.0999755859375,1248200000,-0.007531417338754176,-0.7559921671188211
2001-12-10,1139.9300537109375,1139.9300537109375,1158.31005859375,1139.6600341796875,1158.31005859375,1218700000,-0.01586794895412269,-1.5995192716303892
2001-12-11,1136.760009765625,1136.760009765625,1150.8900146484375,1134.3199462890625,1139.9300537109375,1367200000,-0.0027809109295721113,-0.2784784846049183
2001-12-12,1137.0699462890625,1137.0699462890625,1141.5799560546875,1126.010009765625,1136.760009765625,1449700000,0.00027264903829737897,0.02726118763029713
2001-12-13,1119.3800048828125,1119.3800048828125,1137.0699462890625,1117.8499755859375,1137.0699462890625,1511500000,-0.015557478644108724,-1.5679766197094782
2001-12-14,1123.0899658203125,1123.0899658203125,1128.280029296875,1114.530029296875,1119.3800048828125,1306800000,0.0033142998099990884,0.3308819623699007
2001-12-17,1134.3599853515625,1134.3599853515625,1137.300048828125,1122.6600341796875,1123.0899658203125,1260400000,0.010034832359149704,0.9984817742795105
2001-12-18,1142.9200439453125,1142.9200439453125,1145.0999755859375,1134.3599853515625,1134.3599853515625,1354000000,0.007546157043874402,0.7517827232348779
2001-12-19,1149.56005859375,1149.56005859375,1152.43994140625,1134.75,1142.9200439453125,1484900000,0.005809693060869314,0.5792881874600667
2001-12-20,1139.9300537109375,1139.9300537109375,1151.4200439453125,1139.9300537109375,1149.56005859375,1490500000,-0.008377122022309003,-0.8412407306602606
2001-12-21,1144.8900146484375,1144.8900146484375,1147.4599609375,1139.9300537109375,1139.9300537109375,1694000000,0.0043511098960442585,0.4341671186717037
2001-12-24,1144.6500244140625,1144.6500244140625,1147.8299560546875,1144.6199951171875,1144.8900146484375,439670000,-0.00020961859331847243,-0.02096405663664981
2001-12-26,1149.3699951171875,1149.3699951171875,1159.1800537109375,1144.6500244140625,1144.6500244140625,791100000,0.004123505527849902,0.4115027177954587
2001-12-27,1157.1300048828125,1157.1300048828125,1157.1300048828125,1149.3699951171875,1149.3699951171875,876300000,0.006751533273525068,0.67288437415869
2001-12-28,1161.02001953125,1161.02001953125,1164.6400146484375,1157.1300048828125,1157.1300048828125,917400000,0.003361778393112802,0.33561402487249337
2001-12-31,1148.0799560546875,1148.0799560546875,1161.1600341796875,1148.0400390625,1161.02001953125,943600000,-0.011145426658350721,-1.1208002315408978
2002-01-02,1154.6700439453125,1154.6700439453125,1154.6700439453125,1136.22998046875,1148.0799560546875,1171000000,0.005740094891362402,0.5723683319385651
2002-01-03,1165.27001953125,1165.27001953125,1165.27001953125,1154.010009765625,1154.6700439453125,1398900000,0.009180090573510657,0.913820966062987
2002-01-04,1172.510009765625,1172.510009765625,1176.550048828125,1163.4200439453125,1165.27001953125,1513000000,0.006213143831922618,0.619392183206329
2002-01-07,1164.8900146484375,1164.8900146484375,1176.969970703125,1163.550048828125,1172.510009765625,1308300000,-0.006498874255845943,-0.6520083881542553
2002-01-08,1160.7099609375,1160.7099609375,1167.5999755859375,1157.4599609375,1164.8900146484375,1258800000,-0.00358836770714277,-0.35948213418453356
2002-01-09,1155.1400146484375,1155.1400146484375,1174.260009765625,1151.8900146484375,1160.7099609375,1452000000,-0.004798740836654547,-0.4810291761541906
2002-01-10,1156.550048828125,1156.550048828125,1159.9300537109375,1150.8499755859375,1155.1400146484375,1299000000,0.0012206608392113516,0.1219916438481459
2002-01-11,1145.5999755859375,1145.5999755859375,1159.4100341796875,1145.449951171875,1156.550048828125,1211900000,-0.009467876684872145,-0.9512981955861711
2002-01-14,1138.4100341796875,1138.4100341796875,1145.5999755859375,1138.1500244140625,1145.5999755859375,1286400000,-0.0062761361378107505,-0.6295913875496008
2002-01-15,1146.18994140625,1146.18994140625,1148.81005859375,1136.8800048828125,1138.4100341796875,1386900000,0.006834011465972845,0.6810765458505635
2002-01-16,1127.5699462890625,1127.5699462890625,1146.18994140625,1127.489990234375,1146.18994140625,1482500000,-0.01624512172419068,-1.6378520405579702
2002-01-17,1138.8800048828125,1138.8800048828125,1139.27001953125,1127.5699462890625,1127.5699462890625,1380100000,0.01003047183988226,0.9980500536555895
2002-01-18,1127.5799560546875,1127.5799560546875,1138.8800048828125,1124.449951171875,1138.8800048828125,1333300000,-0.009922071491006434,-0.9971623285766815
2002-01-22,1119.31005859375,1119.31005859375,1135.260009765625,1117.9100341796875,1127.5799560546875,1311600000,-0.0073342004853236276,-0.7361227964756903
2002-01-23,1128.1800537109375,1128.1800537109375,1131.93994140625,1117.4300537109375,1119.31005859375,1479200000,0.007924520153362424,0.7893286045234099
2002-01-24,1132.1500244140625,1132.1500244140625,1139.5,1128.1800537109375,1128.1800537109375,1552800000,0.0035189158770061457,0.35127389789465313
2002-01-25,1133.280029296875,1133.280029296875,1138.31005859375,1127.8199462890625,1132.1500244140625,1345100000,0.0009981052496972342,0.09976074738467558
2002-01-28,1133.06005859375,1133.06005859375,1138.6300048828125,1126.6600341796875,1133.280029296875,1186800000,-0.000194100926018681,-0.01941197660413717
2002-01-29,1100.6400146484375,1100.6400146484375,1137.469970703125,1098.739990234375,1133.06005859375,1812000000,-0.028612820387958315,-2.903014700394928
2002-01-30,1113.5699462890625,1113.5699462890625,1113.7900390625,1081.6600341796875,1100.6400146484375,2019600000,0.011747648157926616,1.1679180242276892
2002-01-31,1130.199951171875,1130.199951171875,1130.2099609375,1113.300048828125,1113.5699462890625,1557000000,0.014933956271208082,1.4823542663659695
2002-02-01,1122.199951171875,1122.199951171875,1130.199951171875,1118.510009765625,1130.199951171875,1367200000,-0.007078393510550951,-0.7103564186859824
2002-02-04,1094.43994140625,1094.43994140625,1122.199951171875,1092.25,1122.199951171875,1437600000,-0.02473713328594973,-2.5048237435489953
2002-02-05,1090.02001953125,1090.02001953125,1100.9599609375,1082.5799560546875,1094.43994140625,1778300000,-0.0040385239132636475,-0.40467007733509763
2002-02-06,1083.510009765625,1083.510009765625,1093.5799560546875,1077.780029296875,1090.02001953125,1665800000,-0.005972376331605855,-0.5990282300850029
2002-02-07,1080.1700439453125,1080.1700439453125,1094.030029296875,1078.43994140625,1083.510009765625,1441600000,-0.0030825426532377076,-0.308730347398157
2002-02-08,1096.219970703125,1096.219970703125,1096.300048828125,1079.9100341796875,1080.1700439453125,1371900000,0.014858703819622843,1.4749394743924533
2002-02-11,1111.93994140625,1111.93994140625,1112.010009765625,1094.6800537109375,1096.219970703125,1159400000,0.01434016084658829,1.4238313259156417
2002-02-12,1107.5,1107.5,1112.6800537109375,1102.97998046875,1111.93994140625,1094200000,-0.003992968721525436,-0.4000961905916361
2002-02-13,1118.510009765625,1118.510009765625,1120.56005859375,1107.5,1107.5,1215900000,0.009941318072799188,0.9892228247223758
2002-02-14,1116.47998046875,1116.47998046875,1124.719970703125,1112.300048828125,1118.510009765625,1272500000,-0.0018149406613717778,-0.1816589661701154
2002-02-15,1104.1800537109375,1104.1800537109375,1117.0899658203125,1103.22998046875,1116.47998046875,1359200000,-0.011016701573680177,-1.1077834836375688
2002-02-19,1083.3399658203125,1083.3399658203125,1104.1800537109375,1082.239990234375,1104.1800537109375,1189900000,-0.018873813034917086,-1.9054196735832065
2002-02-20,1097.97998046875,1097.97998046875,1098.3199462890625,1074.3599853515625,1083.3399658203125,1438900000,0.013513776940142774,1.3423280246381113
2002-02-21,1080.949951171875,1080.949951171875,1101.5,1080.239990234375,1097.97998046875,1381600000,-0.015510327692499937,-1.5631871250006664
2002-02-22,1089.8399658203125,1089.8399658203125,1093.9300537109375,1074.3900146484375,1080.949951171875,1411000000,0.008224261112921738,0.8190626166710079
2002-02-25,1109.4300537109375,1109.4300537109375,1112.7099609375,1089.8399658203125,1089.8399658203125,1367400000,0.017975196822479944,1.7815553217049178
2002-02-26,1109.3800048828125,1109.3800048828125,1115.050048828125,1101.719970703125,1109.4300537109375,1309200000,-4.511219788716492e-05,-0.004511321547296782
2002-02-27,1109.8900146484375,1109.8900146484375,1123.06005859375,1102.260009765625,1109.3800048828125,1393800000,0.0004597250386524365,0.0459619397472878
2002-02-28,1106.72998046875,1106.72998046875,1121.5699462890625,1106.72998046875,1109.8900146484375,1392200000,-0.0028471597527511827,-0.2851220621873709
2002-03-01,1131.780029296875,1131.780029296875,1131.7900390625,1106.72998046875,1106.72998046875,1456500000,0.022634291353989644,2.238193659848506
2002-03-04,1153.8399658203125,1153.8399658203125,1153.8399658203125,1130.9300537109375,1131.780029296875,1594300000,0.019491364003959566,1.9303840181350154
2002-03-05,1146.1400146484375,1146.1400146484375,1157.739990234375,1144.780029296875,1153.8399658203125,1549300000,-0.006673326804381263,-0.6695693009899559
2002-03-06,1162.77001953125,1162.77001953125,1165.2900390625,1145.1099853515625,1146.1400146484375,1541300000,0.014509575331346891,1.4405318712671682
2002-03-07,1157.5400390625,1157.5400390625,1167.93994140625,1150.68994140625,1162.77001953125,1517400000,-0.004497863189539708,-0.4508009010616361
2002-03-08,1164.31005859375,1164.31005859375,1172.760009765625,1157.5400390625,1157.5400390625,1412000000,0.005848626658938816,0.5831589837769866
2002-03-11,1168.260009765625,1168.260009765625,1173.030029296875,1159.5799560546875,1164.31005859375,1210200000,0.0033925251634825404,0.33867835320782086
2002-03-12,1165.5799560546875,1165.5799560546875,1168.260009765625,1154.3399658203125,1168.260009765625,1304400000,-0.002294055851038812,-0.2296691228402683
2002-03-13,1154.0899658203125,1154.0899658203125,1165.5799560546875,1151.010009765625,1165.5799560546875,1354000000,-0.009857745214894464,-0.9906654474038425
2002-03-14,1153.0400390625,1153.0400390625,1157.8299560546875,1151.0799560546875,1154.0899658203125,1208800000,-0.0009097442910928066,-0.09101583595804044
2002-03-15,1166.1600341796875,1166.1600341796875,1166.47998046875,1153.0400390625,1153.0400390625,1493900000,0.011378611906534442,1.1314362422677835
2002-03-18,1165.550048828125,1165.550048828125,1172.72998046875,1159.1400146484375,1166.1600341796875,1169500000,-0.000523071734310987,-0.05232085840541736
2002-03-19,1170.2900390625,1170.2900390625,1173.93994140625,1165.550048828125,1165.550048828125,1255000000,0.004066741054269407,0.40584942138171265
2002-03-20,1151.8499755859375,1151.8499755859375,1170.2900390625,1151.6099853515625,1170.2900390625,1304900000,-0.015756831948543715,-1.5882290455983865
2002-03-21,1153.5899658203125,1153.5899658203125,1155.0999755859375,1139.47998046875,1151.8499755859375,1339200000,0.0015106049149238299,0.15094650990492597
2002-03-22,1148.699951171875,1148.699951171875,1156.489990234375,1144.5999755859375,1153.5899658203125,1243300000,-0.004238953868639261,-0.4247963704122044
2002-03-25,1131.8699951171875,1131.8699951171875,1151.0400390625,1131.8699951171875,1148.699951171875,1057900000,-0.014651307364919819,-1.4759697779003194
2002-03-26,1138.489990234375,1138.489990234375,1147.0,1131.6099853515625,1131.8699951171875,1223600000,0.005848723922133869,0.5831686535411811
2002-03-27,1144.5799560546875,1144.5799560546875,1146.949951171875,1135.3299560546875,1138.489990234375,1180100000,0.005349160618494997,0.5334904674459322
2002-03-28,1147.3900146484375,1147.3900146484375,1154.449951171875,1144.5799560546875,1144.5799560546875,1147600000,0.002455100300232438,0.24520914651453932
2002-04-01,1146.5400390625,1146.5400390625,1147.8399658203125,1132.8699951171875,1147.3900146484375,1050900000,-0.0007407904680065691,-0.07410649888486352
2002-04-02,1136.760009765625,1136.760009765625,1146.5400390625,1135.7099609375,1146.5400390625,1176700000,-0.008530037298018711,-0.8566626285034671
2002-04-03,1125.4000244140625,1125.4000244140625,1138.8499755859375,1119.6800537109375,1136.760009765625,1219700000,-0.009993301359980666,-1.0043569573342934
2002-04-04,1126.3399658203125,1126.3399658203125,1130.449951171875,1120.06005859375,1125.4000244140625,1283800000,0.0008352064917889201,0.08348579009303524
2002-04-05,1122.72998046875,1122.72998046875,1133.31005859375,1119.489990234375,1126.3399658203125,1110200000,-0.0032050583847775815,-0.3210205585397316
2002-04-08,1125.2900390625,1125.2900390625,1125.4100341796875,1111.7900390625,1122.72998046875,1095300000,0.0022802086327837756,0.22776129022019118
2002-04-09,1117.800048828125,1117.800048828125,1128.2900390625,1116.72998046875,1125.2900390625,1235400000,-0.006656053083536673,-0.6678303392647302
2002-04-10,1130.469970703125,1130.469970703125,1131.760009765625,1117.800048828125,1117.800048828125,1447900000,0.011334694329529604,1.127093800175141
2002-04-11,1103.68994140625,1103.68994140625,1130.469970703125,1102.4200439453125,1130.469970703125,1505600000,-0.02368928851795904,-2.397439130394684
2002-04-12,1111.010009765625,1111.010009765625,1112.77001953125,1102.739990234375,1103.68994140625,1282100000,0.0066323594016344245,0.6610462073328417
2002-04-15,1102.550048828125,1102.550048828125,1114.8599853515625,1099.4100341796875,1111.010009765625,1120400000,-0.007614657710675932,-0.7643797235958176
2002-04-16,1128.3699951171875,1128.3699951171875,1129.4000244140625,1102.550048828125,1102.550048828125,1341300000,0.02341838932074425,2.314838607707869
2002-04-17,1126.0699462890625,1126.0699462890625,1133.0,1123.3699951171875,1128.3699951171875,1376900000,-0.0020383817702331886,-0.20404620978357707
2002-04-18,1124.469970703125,1124.469970703125,1130.489990234375,1109.2900390625,1126.0699462890625,1359300000,-0.0014208492032046216,-0.14218595665964967
2002-04-19,1125.1700439453125,1125.1700439453125,1128.8199462890625,1122.5899658203125,1124.469970703125,1185000000,0.000622580647262394,0.06223869243324825
2002-04-22,1107.8299560546875,1107.8299560546875,1125.1700439453125,1105.6199951171875,1125.1700439453125,1181800000,-0.015411082070602822,-1.5531067125201046
2002-04-23,1100.9599609375,1100.9599609375,1111.1700439453125,1098.93994140625,1107.8299560546875,1388500000,-0.006201308314187082,-0.6220616291123798
2002-04-24,1093.1400146484375,1093.1400146484375,1108.4599609375,1092.510009765625,1100.9599609375,1373200000,-0.007102843487971744,-0.712818876779094
2002-04-25,1091.47998046875,1091.47998046875,1094.3599853515625,1084.81005859375,1093.1400146484375,1517400000,-0.001518592456082879,-0.15197466862915707
2002-04-26,1076.3199462890625,1076.3199462890625,1096.77001953125,1076.31005859375,1091.47998046875,1374200000,-0.013889429445308576,-1.398679014478052
2002-04-29,1065.449951171875,1065.449951171875,1078.949951171875,1063.6199951171875,1076.3199462890625,1314700000,-0.010099222963083632,-1.0150566091619933
2002-04-30,1076.9200439453125,1076.9200439453125,1082.6199951171875,1063.4599609375,1065.449951171875,1628600000,0.010765491857052112,1.070795651211028
2002-05-01,1086.4599609375,1086.4599609375,1088.3199462890625,1065.2900390625,1076.9200439453125,1451400000,0.0088585192984596,0.8819512806962408
2002-05-02,1084.56005859375,1084.56005859375,1091.4200439453125,1079.4599609375,1086.4599609375,1364000000,-0.0017487090293788476,-0.17502398058623056
2002-05-03,1073.4300537109375,1073.4300537109375,1084.56005859375,1068.8900146484375,1084.56005859375,1284500000,-0.010262230103922243,-1.031524983296207
2002-05-06,1052.6700439453125,1052.6700439453125,1075.9599609375,1052.6500244140625,1073.4300537109375,1122600000,-0.01933988124690189,-1.9529343513434487
2002-05-07,1049.489990234375,1049.489990234375,1058.6700439453125,1048.9599609375,1052.6700439453125,1354700000,-0.0030209406349390733,-0.3025512886755084
2002-05-08,1088.8499755859375,1088.8499755859375,1088.9200439453125,1049.489990234375,1049.489990234375,1502000000,0.03750391687182497,3.681774841373444
2002-05-09,1073.010009765625,1073.010009765625,1088.8499755859375,1072.22998046875,1088.8499755859375,1153000000,-0.014547427263143953,-1.4654278624167747
2002-05-10,1054.989990234375,1054.989990234375,1075.4300537109375,1053.9300537109375,1073.010009765625,1171900000,-0.01679389695086453,-1.6936513417258974
2002-05-13,1074.56005859375,1074.56005859375,1074.8399658203125,1053.9000244140625,1054.989990234375,1088600000,0.018550003829920003,1.8380051041598382
2002-05-14,1097.280029296875,1097.280029296875,1097.7099609375,1074.56005859375,1074.56005859375,1414500000,0.021143509403148686,2.092308699684628
2002-05-15,1091.0699462890625,1091.0699462890625,1104.22998046875,1088.93994140625,1097.280029296875,1420200000,-0.0056595243164973,-0.5675600107153393
2002-05-16,1098.22998046875,1098.22998046875,1099.2900390625,1089.1700439453125,1091.0699462890625,1256600000,0.0065623970342507665,0.654095824893372
2002-05-17,1106.5899658203125,1106.5899658203125,1106.5899658203125,1096.77001953125,1098.22998046875,1274400000,0.007612235597496797,0.7583408730942015
2002-05-20,1091.8800048828125,1091.8800048828125,1106.5899658203125,1090.6099853515625,1106.5899658203125,989800000,-0.01329305469220976,-1.3382198218289814
2002-05-21,1079.8800048828125,1079.8800048828125,1099.550048828125,1079.0799560546875,1091.8800048828125,1200500000,-0.010990218656204753,-1.105105727304864
2002-05-22,1086.02001953125,1086.02001953125,1086.02001953125,1075.6400146484375,1079.8800048828125,1136300000,0.005685830481789278,0.5669727159328478
2002-05-23,1097.0799560546875,1097.0799560546875,1097.0999755859375,1080.550048828125,1086.02001953125,1192900000,0.010183915880492833,1.0132409207079518
2002-05-24,1083.8199462890625,1083.8199462890625,1097.0799560546875,1082.18994140625,1097.0799560546875,885400000,-0.012086639348795059,-1.2160276727984638
2002-05-28,1074.550048828125,1074.550048828125,1085.97998046875,1070.31005859375,1083.8199462890625,996500000,-0.008552986584789424,-0.8589773282158751
2002-05-29,1067.6600341796875,1067.6600341796875,1074.8299560546875,1067.6600341796875,1074.550048828125,1081800000,-0.006411999753712316,-0.6432644922662764
2002-05-30,1064.6600341796875,1064.6600341796875,1069.5,1054.260009765625,1067.6600341796875,1286600000,-0.0028098832062258827,-0.28138383387533095
2002-05-31,1067.1400146484375,1067.1400146484375,1079.9300537109375,1064.6600341796875,1064.6600341796875,1277300000,0.002329363730329881,0.23266549682816537
2002-06-03,1040.6800537109375,1040.6800537109375,1070.739990234375,1039.9000244140625,1067.1400146484375,1324300000,-0.02479521016388564,-2.510778918222929
2002-06-04,1040.68994140625,1040.68994140625,1046.06005859375,1030.52001953125,1040.6800537109375,1466600000,9.501186533977801e-06,0.0009501141397990921
2002-06-05,1049.9000244140625,1049.9000244140625,1050.1099853515625,1038.8399658203125,1040.68994140625,1300100000,0.008849977924613395,0.8811046396816432
2002-06-06,1029.1500244140625,1029.1500244140625,1049.9000244140625,1026.9100341796875,1049.9000244140625,1601500000,-0.019763786567754682,-1.9961702247038617
2002-06-07,1027.530029296875,1027.530029296875,1033.02001953125,1012.489990234375,1029.1500244140625,1341300000,-0.0015741097787077551,-0.15753499911633698
2002-06-10,1030.739990234375,1030.739990234375,1038.1800537109375,1025.449951171875,1027.530029296875,1226200000,0.003123958274676042,0.3119088855630685
2002-06-11,1013.5999755859375,1013.5999755859375,1039.0400390625,1012.9400024414062,1030.739990234375,1212400000,-0.01662884414190635,-1.6768655471583918
2002-06-12,1020.260009765625,1020.260009765625,1021.8499755859375,1002.5800170898438,1013.260009765625,1795720000,0.006570673184791209,0.6549180408375559
2002-06-13,1009.5599975585938,1009.5599975585938,1023.469970703125,1008.1199951171875,1020.260009765625,1405500000,-0.010487534652553143,-1.0542916396383086
2002-06-14,1007.27001953125,1007.27001953125,1009.5599975585938,981.6300048828125,1009.5599975585938,1549000000,-0.0022682931503641424,-0.2270869624141374
2002-06-17,1036.1700439453125,1036.1700439453125,1036.1700439453125,1007.27001953125,1007.27001953125,1236600000,0.028691437105922812,2.828754512479371
2002-06-18,1037.1400146484375,1037.1400146484375,1040.8299560546875,1030.9200439453125,1036.1700439453125,1193100000,0.0009361115087169747,0.09356736295864206
2002-06-19,1019.989990234375,1019.989990234375,1037.6099853515625,1017.8800048828125,1037.1400146484375,1336100000,-0.016535881531748564,-1.6674125328220637
2002-06-20,1006.2899780273438,1006.2899780273438,1023.3300170898438,1004.5900268554688,1019.989990234375,1389700000,-0.013431516326825155,-1.352253507426956
2002-06-21,989.1400146484375,989.1400146484375,1006.2899780273438,985.6500244140625,1006.2899780273438,1497200000,-0.01704276476302169,-1.7189664118057983
2002-06-24,992.719970703125,992.719970703125,1002.1099853515625,970.8499755859375,989.1400146484375,1552600000,0.00361926117806477,0.36127274125176123
2002-06-25,976.1400146484375,976.1400146484375,1005.8800048828125,974.2100219726562,992.719970703125,1513700000,-0.01670154378272881,-1.6842587199017136
2002-06-26,973.530029296875,973.530029296875,977.4299926757812,952.9199829101562,976.1400146484375,2014290000,-0.0026737817448273526,-0.2677362683760554
2002-06-27,990.6400146484375,990.6400146484375,990.6699829101562,963.739990234375,973.530029296875,1908600000,0.017575200391014123,1.7422542621819588
2002-06-28,989.8200073242188,989.8200073242188,1001.7899780273438,988.3099975585938,990.6400146484375,2117000000,-0.0008277550998277983,-0.08280978782512229
2002-07-01,968.6500244140625,968.6500244140625,994.4600219726562,967.4299926757812,989.8200073242188,1425500000,-0.021387709637618935,-2.16197410782649
2002-07-02,948.0900268554688,948.0900268554688,968.6500244140625,945.5399780273438,968.6500244140625,1823000000,-0.021225413761828515,-2.145391195362685
2002-07-03,953.989990234375,953.989990234375,954.2999877929688,934.8699951171875,948.0900268554688,1527800000,0.006222999094795512,0.6203716192900638
2002-07-05,989.030029296875,989.030029296875,989.0700073242188,953.989990234375,953.989990234375,699400000,0.036729986080767274,3.607151547841261
2002-07-08,976.97998046875,976.97998046875,993.5599975585938,972.9099731445312,989.030029296875,1184400000,-0.012183703700778037,-1.2258533442125268
2002-07-09,952.8300170898438,952.8300170898438,979.6300048828125,951.7100219726562,976.97998046875,1348900000,-0.02471899512958209,-2.502963938534363
2002-07-10,920.469970703125,920.469970703125,956.3400268554688,920.2899780273438,952.8300170898438,1816900000,-0.033962034997127355,-3.4552144296682985
2002-07-11,927.3699951171875,927.3699951171875,929.1599731445312,900.9400024414062,920.469970703125,2080480000,0.007496197196734,0.746824033702075
2002-07-12,921.3900146484375,921.3900146484375,934.3099975585938,913.7100219726562,927.3699951171875,1607400000,-0.006448322137049933,-0.6469202376315163
2002-07-15,917.9299926757812,917.9299926757812,921.3900146484375,876.4600219726562,921.3900146484375,2574800000,-0.003755219741529814,-0.37622882806773666
2002-07-16,900.9400024414062,900.9400024414062,918.6500244140625,897.1300048828125,917.9299926757812,1843700000,-0.018509026145718255,-1.8682461584747103
2002-07-17,906.0399780273438,906.0399780273438,926.52001953125,895.030029296875,901.0499877929688,2566500000,0.005660727209489291,0.5644765501472655
2002-07-18,881.5599975585938,881.5599975585938,907.7999877929688,880.5999755859375,905.4500122070312,1736300000,-0.027018653770718326,-2.739036837838281
2002-07-19,847.75,847.75,881.5599975585938,842.0700073242188,881.5599975585938,2654100000,-0.03835246341965115,-3.9107281543326815
2002-07-22,819.8499755859375,819.8499755859375,854.1300048828125,813.260009765625,847.760009765625,2248060000,-0.03291067462584785,-3.3464414088565313
2002-07-23,797.7000122070312,797.7000122070312,827.6900024414062,796.1300048828125,819.8499755859375,2441020000,-0.02701709341770231,-2.73887646973144
2002-07-24,843.4299926757812,843.4299926757812,844.3200073242188,775.6799926757812,797.7100219726562,2775560000,0.05732729067187403,5.5744300086781005
2002-07-25,838.6799926757812,838.6799926757812,853.8300170898438,816.1099853515625,843.4199829101562,2424700000,-0.005631765577757797,-0.5647683762642759
2002-07-26,852.8400268554688,852.8400268554688,852.8499755859375,835.9199829101562,838.6799926757812,1796100000,0.01688371524699228,1.6742769572254284
2002-07-29,898.9600219726562,898.9600219726562,898.9600219726562,852.8400268554688,852.8400268554688,1778650000,0.05407813149581853,5.2666575925692625
2002-07-30,902.780029296875,902.780029296875,909.8099975585938,884.7000122070312,898.9600219726562,1826090000,0.0042493628535740235,0.42403598070398446
2002-07-31,911.6199951171875,911.6199951171875,911.6400146484375,889.8800048828125,902.780029296875,2049360000,0.00979193771842457,0.9744307372802672
2002-08-01,884.6599731445312,884.6599731445312,911.6199951171875,882.47998046875,911.6199951171875,1672200000,-0.029573750155831746,-3.0019871177999042
2002-08-02,864.239990234375,864.239990234375,884.719970703125,853.9500122070312,884.4000244140625,1538100000,-0.023082295492101057,-2.3352863334735607
2002-08-05,834.5999755859375,834.5999755859375,864.239990234375,833.4400024414062,864.239990234375,1425500000,-0.034296046217902276,-3.4897957804021087
2002-08-06,859.5700073242188,859.5700073242188,874.4400024414062,834.5999755859375,834.5999755859375,1514100000,0.029918562747082378,2.9479733821624494
2002-08-07,876.77001953125,876.77001953125,878.739990234375,854.1500244140625,859.5700073242188,1490400000,0.020010019033323,1.981244982962769
2002-08-08,905.4600219726562,905.4600219726562,905.8400268554688,875.1699829101562,876.77001953125,1646700000,0.03272238078663414,3.219840356906479
2002-08-09,908.6400146484375,908.6400146484375,913.9500122070312,890.77001953125,898.72998046875,1294900000,0.003512018861808297,0.35058661250422907
2002-08-12,903.7999877929688,903.7999877929688,908.6400146484375,892.3800048828125,908.6400146484375,1036500000,-0.005326671484241707,-0.5340908779561802
2002-08-13,884.2100219726562,884.2100219726562,911.7100219726562,883.6199951171875,903.7999877929688,1297700000,-0.021675111844325357,-2.19134676341581
2002-08-14,919.6199951171875,919.6199951171875,920.2100219726562,876.2000122070312,884.2100219726562,1533800000,0.040047016279607606,3.926592009259337
2002-08-15,930.25,930.25,933.2899780273438,918.1699829101562,919.6199951171875,1505100000,0.011559127617117415,1.1492831297458543
2002-08-16,928.77001953125,928.77001953125,935.3800048828125,916.2100219726562,930.25,1265300000,-0.0015909491736092463,-0.15922160771434712
2002-08-19,950.7000122070312,950.7000122070312,951.1699829101562,927.2100219726562,928.77001953125,1299800000,0.02361186538606108,2.33374170554417
2002-08-20,937.4299926757812,937.4299926757812,950.7000122070312,931.8599853515625,950.7000122070312,1308500000,-0.013958156475084027,-1.4056487627908718
2002-08-21,949.3599853515625,949.3599853515625,951.5900268554688,931.3200073242188,937.4299926757812,1353100000,0.012726275848853996,1.2645977349959245
2002-08-22,962.7000122070312,962.7000122070312,965.0,946.4299926757812,949.3599853515625,1373000000,0.014051600089852956,1.3953791536835123
2002-08-23,940.8599853515625,940.8599853515625,962.7000122070312,937.1699829101562,962.7000122070312,1071500000,-0.022686222684675683,-2.2947514412120764
2002-08-26,947.9500122070312,947.9500122070312,950.7999877929688,930.4199829101562,940.8599853515625,1016900000,0.007535687526151413,0.7507436073546675
2002-08-27,934.8200073242188,934.8200073242188,955.8200073242188,930.3599853515625,947.9500122070312,1307700000,-0.013850946477908743,-1.3947765903818605
2002-08-28,917.8699951171875,917.8699951171875,934.8200073242188,913.2100219726562,934.8200073242188,1146600000,-0.0181318457823213,-1.8298242149143953
2002-08-29,917.7999877929688,917.7999877929688,924.5900268554688,903.3300170898438,917.8699951171875,1271100000,-7.627150314437614e-05,-0.007627441196337969
2002-08-30,916.0700073242188,916.0700073242188,928.1500244140625,910.1699829101562,917.7999877929688,929900000,-0.0018849209977764847,-0.18866996968500105
2002-09-03,878.02001953125,878.02001953125,916.0700073242188,877.510009765625,916.0700073242188,1289800000,-0.041536113494328175,-4.242339429995484
2002-09-04,893.4000244140625,893.4000244140625,896.0999755859375,875.72998046875,878.02001953125,1372100000,0.01751669044063875,1.7365041581542155
2002-09-05,879.1500244140625,879.1500244140625,893.4000244140625,870.5,893.4000244140625,1401300000,-0.015950301780376486,-1.6078876884529298
2002-09-06,893.9199829101562,893.9199829101562,899.0700073242188,879.1500244140625,879.1500244140625,1184500000,0.016800270813775775,1.6660707232347713
2002-09-09,902.9600219726562,902.9600219726562,907.3400268554688,882.9199829101562,893.9199829101562,1130600000,0.01011280565970818,1.0062013388429862
2002-09-10,909.5800170898438,909.5800170898438,909.8900146484375,900.5,902.9600219726562,1186400000,0.007331437667334573,0.7304693315016768
2002-09-11,909.4500122070312,909.4500122070312,924.02001953125,908.469970703125,910.6300048828125,846600000,-0.00014292847288843724,-0.014293868813599644
2002-09-12,886.9099731445312,886.9099731445312,909.4500122070312,884.8400268554688,909.4500122070312,1191600000,-0.02478425285607544,-2.5096553340929875
2002-09-13,889.8099975585938,889.8099975585938,892.75,877.0499877929688,886.9099731445312,1271000000,0.0032698069723813283,0.3264472778256881
2002-09-16,891.0999755859375,891.0999755859375,891.8400268554688,878.9099731445312,889.8099975585938,1001400000,0.00144972300927515,0.14486731753964077
2002-09-17,873.52001953125,873.52001953125,902.6799926757812,872.3800048828125,891.0999755859375,1448600000,-0.019728376766173672,-1.9925579155946997
2002-09-18,869.4600219726562,869.4600219726562,878.4500122070312,857.3900146484375,873.52001953125,1501000000,-0.0046478586269521616,-0.46586935075581726
2002-09-19,843.3200073242188,843.3200073242188,869.4600219726562,843.0900268554688,869.4600219726562,1524000000,-0.03006465390913582,-3.052586322072577
2002-09-20,845.3900146484375,845.3900146484375,849.3200073242188,839.0900268554688,843.3200073242188,1792800000,0.002454592925865251,0.24515853332543647
2002-09-23,833.7000122070312,833.7000122070312,845.3900146484375,825.760009765625,845.3900146484375,1381100000,-0.01382794004997523,-1.3924436611466147
2002-09-24,819.2899780273438,819.2899780273438,833.7000122070312,817.3800048828125,833.7000122070312,1670240000,-0.017284435610766313,-1.74355553457417
2002-09-25,839.6599731445312,839.6599731445312,844.219970703125,818.4600219726562,819.27001953125,1651500000,0.024862985833457474,2.4558931297823197
2002-09-26,854.9500122070312,854.9500122070312,856.5999755859375,839.6599731445312,839.6599731445312,1650000000,0.01820979867033401,1.8045985962022222
2002-09-27,827.3699951171875,827.3699951171875,854.9500122070312,826.8400268554688,854.9500122070312,1507300000,-0.03225921597292769,-3.279101266239068
2002-09-30,815.280029296875,815.280029296875,827.3699951171875,800.2000122070312,827.3699951171875,1721870000,-0.014612526308257157,-1.4720340855098002
2002-10-01,847.9099731445312,847.9099731445312,847.9299926757812,812.8200073242188,815.280029296875,1780900000,0.04002298924922454,3.924281795629962
2002-10-02,827.9099731445312,827.9099731445312,851.9299926757812,826.5,843.77001953125,1668900000,-0.023587409788127234,-2.3870046023859417
2002-10-03,818.9500122070312,818.9500122070312,840.02001953125,817.25,827.9099731445312,1674500000,-0.01082238555898618,-1.0881373553519444
2002-10-04,800.5800170898438,800.5800170898438,825.9000244140625,794.0999755859375,818.9500122070312,1835930000,-0.02243115555695674,-2.2686560504886213
2002-10-07,785.280029296875,785.280029296875,808.2100219726562,782.9600219726562,800.5800170898438,1576500000,-0.01911112876459886,-1.9296106939168383
2002-10-08,798.5499877929688,798.5499877929688,808.8599853515625,779.5,785.280029296875,1938430000,0.016898377650040874,1.675718842577852
2002-10-09,776.760009765625,776.760009765625,798.5499877929688,775.7999877929688,798.5499877929688,1885030000,-0.027286930512098406,-2.766613289814817
2002-10-10,803.9199829101562,803.9199829101562,806.510009765625,768.6300048828125,776.760009765625,2090230000,0.034965720174917836,3.4368305564888963
2002-10-11,835.3200073242188,835.3200073242188,843.27001953125,803.9199829101562,803.9199829101562,1854130000,0.039058643996378484,3.8315153254171315
2002-10-14,841.4400024414062,841.4400024414062,844.3900146484375,828.3699951171875,835.3200073242188,1200300000,0.007326527634351487,0.7299819005761639
2002-10-15,881.27001953125,881.27001953125,881.27001953125,841.4400024414062,841.4400024414062,1956000000,0.047335540233740314,4.624935832453217
2002-10-16,860.02001953125,860.02001953125,881.27001953125,856.280029296875,881.27001953125,1585000000,-0.024112927399144835,-2.440840356570623
2002-10-17,879.2000122070312,879.2000122070312,885.3499755859375,860.02001953125,860.02001953125,1780390000,0.022301797911908228,2.205674947233797
2002-10-18,884.3900146484375,884.3900146484375,886.6799926757812,866.5800170898438,879.2000122070312,1423100000,0.00590309641645459,0.5885741408169234
2002-10-21,899.719970703125,899.719970703125,900.6900024414062,873.0599975585938,884.3900146484375,1447000000,0.017333931637368627,1.7185412864054381
2002-10-22,890.1599731445312,890.1599731445312,899.719970703125,882.4000244140625,899.719970703125,1549200000,-0.01062552557449925,-1.0682379565699471
2002-10-23,896.1400146484375,896.1400146484375,896.1400146484375,873.8200073242188,890.1599731445312,1593900000,0.006717940240315912,0.6695475435134607
2002-10-24,882.5,882.5,902.9400024414062,879.0,896.1400146484375,1700570000,-0.01522085212743074,-1.5337878307867137
2002-10-25,897.6500244140625,897.6500244140625,897.7100219726562,877.030029296875,882.5,1340400000,0.017167166474858275,1.7021475707138043
2002-10-28,890.22998046875,890.22998046875,907.4400024414062,886.1500244140625,897.6500244140625,1382600000,-0.00826607669303625,-0.8300430148164086
2002-10-29,882.1500244140625,882.1500244140625,890.6400146484375,867.9099731445312,890.22998046875,1529700000,-0.009076256958267082,-0.911769711671531
2002-10-30,890.7100219726562,890.7100219726562,895.280029296875,879.1900024414062,882.1500244140625,1422300000,0.009703562117202802,0.9656784918521018
2002-10-31,885.760009765625,885.760009765625,898.8300170898438,879.75,890.7100219726562,1641300000,-0.005557377917527417,-0.5572877593899489
2002-11-01,900.9600219726562,900.9600219726562,903.4199829101562,877.7100219726562,885.760009765625,1450400000,0.01716041821650216,1.7014841320024658
2002-11-04,908.3499755859375,908.3499755859375,924.5800170898438,900.9600219726562,900.9600219726562,1645900000,0.008202310239139088,0.8168854113023245
2002-11-05,915.3900146484375,915.3900146484375,915.8300170898438,904.9099731445312,908.3499755859375,1354100000,0.007750359720061439,0.7720479968744898
2002-11-06,923.760009765625,923.760009765625,925.6599731445312,905.0,915.3900146484375,1674000000,0.009143638212398608,0.910208823907978
2002-11-07,902.6500244140625,902.6500244140625,923.760009765625,898.6799926757812,923.760009765625,1466900000,-0.022852239898237703,-2.311739978544021
2002-11-08,894.739990234375,894.739990234375,910.1099853515625,891.6199951171875,902.6500244140625,1446500000,-0.008763124096542452,-0.8801746066798741
2002-11-11,876.1900024414062,876.1900024414062,894.739990234375,874.6300048828125,894.739990234375,1113000000,-0.020732266351601858,-2.095019718133086
2002-11-12,882.9500122070312,882.9500122070312,894.2999877929688,876.1900024414062,876.1900024414062,1377100000,0.007715232708418229,0.768562250277899
2002-11-13,882.530029296875,882.530029296875,892.510009765625,872.0499877929688,882.9500122070312,1463400000,-0.0004756587625005526,-0.04757719240153245
2002-11-14,904.27001953125,904.27001953125,904.27001953125,882.530029296875,882.530029296875,1519000000,0.024633711616244502,2.4335194203291945
2002-11-15,909.8300170898438,909.8300170898438,910.2100219726562,895.3499755859375,904.27001953125,1400100000,0.006148603225257787,0.6129777692192472
2002-11-18,900.3599853515625,900.3599853515625,915.9099731445312,899.47998046875,909.8300170898438,1282600000,-0.010408572546959705,-1.0463120579778833
2002-11-19,896.739990234375,896.739990234375,905.4500122070312,893.0900268554688,900.3599853515625,1337400000,-0.004020608618866994,-0.40287129960130785
2002-11-20,914.1500244140625,914.1500244140625,915.010009765625,894.9299926757812,896.739990234375,1517300000,0.019414807379268595,1.9228744401268216
2002-11-21,933.760009765625,933.760009765625,935.1300048828125,914.1500244140625,914.1500244140625,2415100000,0.02145160512808797,2.1224757871396003
2002-11-22,930.5499877929688,930.5499877929688,937.280029296875,928.4099731445312,933.760009765625,1626800000,-0.003437737683221198,-0.34436602808642575
2002-11-25,932.8699951171875,932.8699951171875,937.1500244140625,923.3099975585938,930.5499877929688,1574000000,0.002493157116385758,0.2490054356224614
2002-11-26,913.3099975585938,913.3099975585938,932.8699951171875,912.0999755859375,932.8699951171875,1543600000,-0.0209675492415603,-2.1190490158846793
2002-11-27,938.8699951171875,938.8699951171875,940.4099731445312,913.3099975585938,913.3099975585938,1350300000,0.027986113835301474,2.760165899942655
2002-11-29,936.3099975585938,936.3099975585938,941.8200073242188,935.5800170898438,938.8699951171875,643460000,-0.0027266794890747903,-0.2730403650863718
2002-12-02,934.530029296875,934.530029296875,954.280029296875,927.719970703125,936.3099975585938,1612000000,-0.00190104587835227,-0.19028551594492812
2002-12-03,920.75,920.75,934.530029296875,918.72998046875,934.530029296875,1488400000,-0.014745410917659685,-1.4855205133207319
2002-12-04,917.5800170898438,917.5800170898438,925.25,909.510009765625,920.75,1588900000,-0.0034428269455946126,-0.3448767112179138
2002-12-05,906.5499877929688,906.5499877929688,921.489990234375,905.9000244140625,917.5800170898438,1250200000,-0.01202078193884104,-1.2093615806547986
2002-12-06,912.22998046875,912.22998046875,915.47998046875,895.9600219726562,906.5499877929688,1241100000,0.006265504111482523,0.6245957444590386
2002-12-09,892.0,892.0,912.22998046875,891.969970703125,912.22998046875,1320800000,-0.02217640386950981,-2.2425997271028626
2002-12-10,904.4500122070312,904.4500122070312,904.9500122070312,892.0,892.0,1286600000,0.013957412788151657,1.3860905064269249
2002-12-11,904.9600219726562,904.9600219726562,909.9400024414062,896.47998046875,904.4500122070312,1285100000,0.0005638893899515551,0.05637304640711104
2002-12-12,901.5800170898438,901.5800170898438,908.3699951171875,897.0,904.9600219726562,1255300000,-0.003734977016382035,-0.37419694595448055
2002-12-13,889.47998046875,889.47998046875,901.5800170898438,888.47998046875,901.5800170898438,1330800000,-0.013420923702535892,-1.3511798295627901
2002-12-16,910.4000244140625,910.4000244140625,910.4199829101562,889.47998046875,889.47998046875,1271600000,0.023519409547911208,2.324708983574181
2002-12-17,902.989990234375,902.989990234375,911.219970703125,901.739990234375,910.4000244140625,1251800000,-0.008139316762932447,-0.8172621845138694
2002-12-18,891.1199951171875,891.1199951171875,902.989990234375,887.8200073242188,902.989990234375,1446200000,-0.013145212289791375,-1.323237528625631
2002-12-19,884.25,884.25,899.1900024414062,880.3200073242188,890.02001953125,1385900000,-0.007709393970319445,-0.7739264971933619
2002-12-20,895.760009765625,895.760009765625,897.7899780273438,884.25,884.25,1782730000,0.013016691846904127,1.2932702768406679
2002-12-23,897.3800048828125,897.3800048828125,902.4299926757812,892.260009765625,895.739990234375,1112100000,0.0018085146685788978,0.1806881274973349
2002-12-24,892.469970703125,892.469970703125,897.3800048828125,892.2899780273438,897.3800048828125,458310000,-0.005471521710948668,-0.5486545312232814
2002-12-26,889.6599731445312,889.6599731445312,903.8900146484375,887.47998046875,892.469970703125,721100000,-0.0031485625856743082,-0.3153529737852179
2002-12-27,875.4000244140625,875.4000244140625,890.4600219726562,873.6199951171875,889.6599731445312,758400000,-0.016028538049280283,-1.6158384433054074
2002-12-30,879.3900146484375,879.3900146484375,882.0999755859375,870.22998046875,875.4000244140625,1057800000,0.004557905098352855,0.4547549304138501
2002-12-31,879.8200073242188,879.8200073242188,881.9299926757812,869.4500122070312,879.3900146484375,1088500000,0.0004889669755383519,0.04888474701413097
2003-01-02,909.030029296875,909.030029296875,909.030029296875,879.8200073242188,879.8200073242188,1229200000,0.033199997419349536,3.2660779741822408
2003-01-03,908.5900268554688,908.5900268554688,911.25,903.0700073242188,909.030029296875,1130800000,-0.0004840351002998178,-0.04841522831042316
2003-01-06,929.010009765625,929.010009765625,931.77001953125,908.5900268554688,908.5900268554688,1435900000,0.02247436391177171,2.222553665158527
2003-01-07,922.9299926757812,922.9299926757812,930.8099975585938,919.9299926757812,929.010009765625,1545200000,-0.006544619569145094,-0.6566129492672003
2003-01-08,909.9299926757812,909.9299926757812,922.9299926757812,908.3200073242188,922.9299926757812,1467600000,-0.01408557539918065,-1.4185718611712492
2003-01-09,927.5700073242188,927.5700073242188,928.3099975585938,909.9299926757812,909.9299926757812,1560300000,0.01938612287805186,1.9200605801964157
2003-01-10,927.5700073242188,927.5700073242188,932.8900146484375,917.6599731445312,927.5800170898438,1485400000,0.0,0.0
2003-01-13,926.260009765625,926.260009765625,935.0499877929688,922.0499877929688,927.5700073242188,1396300000,-0.0014122896905353066,-0.14132879115825275
2003-01-14,931.6599731445312,931.6599731445312,931.6599731445312,921.719970703125,926.260009765625,1379400000,0.005829856975335224,0.5812929118617343
2003-01-15,918.219970703125,918.219970703125,932.5900268554688,916.7000122070312,931.6599731445312,1432100000,-0.0144258665487621,-1.4530931016391218
2003-01-16,914.5999755859375,914.5999755859375,926.030029296875,911.97998046875,918.219970703125,1534600000,-0.00394240512370414,-0.3950196888388033
2003-01-17,901.780029296875,901.780029296875,914.5999755859375,899.02001953125,914.5999755859375,1358200000,-0.014016998284795967,-1.4116164167858434
2003-01-21,887.6199951171875,887.6199951171875,906.0,887.6199951171875,901.780029296875,1335200000,-0.015702315109737075,-1.582690238645093
2003-01-22,878.3599853515625,878.3599853515625,889.739990234375,877.6400146484375,887.6199951171875,1560800000,-0.010432403299344806,-1.0487202275181196
2003-01-23,887.3400268554688,887.3400268554688,890.25,876.8900146484375,878.3599853515625,1744550000,0.010223645946612736,1.0171737971112749
2003-01-24,861.4000244140625,861.4000244140625,887.3400268554688,859.7100219726562,887.3400268554688,1574800000,-0.02923344113454651,-2.966925270955569
2003-01-27,847.47998046875,847.47998046875,863.9500122070312,844.25,861.4000244140625,1435900000,-0.016159790516352857,-1.629178385249297
2003-01-28,858.5399780273438,858.5399780273438,860.760009765625,847.47998046875,847.47998046875,1459100000,0.013050452887956476,1.2966029443826306
2003-01-29,864.3599853515625,864.3599853515625,868.719970703125,845.8599853515625,858.5399780273438,1595400000,0.006778959015503627,0.6756085188473634
2003-01-30,844.6099853515625,844.6099853515625,865.47998046875,843.739990234375,864.3599853515625,1510300000,-0.022849276151957754,-2.3114366731580436
2003-01-31,855.7000122070312,855.7000122070312,858.3300170898438,840.3400268554688,844.6099853515625,1578530000,0.013130352526974365,1.3044896679016544
2003-02-03,860.3200073242188,860.3200073242188,864.6400146484375,855.7000122070312,855.7000122070312,1258500000,0.005399082682342904,0.5384559885174526
2003-02-04,848.2000122070312,848.2000122070312,860.3200073242188,840.1900024414062,860.3200073242188,1451600000,-0.01408777549517104,-1.4187950142553594
2003-02-05,843.5900268554688,843.5900268554688,861.6300048828125,842.1099853515625,848.2000122070312,1450800000,-0.005435021557671615,-0.5449845022301613
2003-02-06,838.1500244140625,838.1500244140625,844.22998046875,833.25,843.5900268554688,1430900000,-0.0064486329475517135,-0.6469515204079759
2003-02-07,829.6900024414062,829.6900024414062,845.72998046875,826.7000122070312,838.1500244140625,1276800000,-0.010093684574632666,-1.0144971214753327
2003-02-10,835.969970703125,835.969970703125,837.1599731445312,823.530029296875,829.6900024414062,1238200000,0.007569053795079661,0.7540552236937189
2003-02-11,829.2000122070312,829.2000122070312,843.02001953125,825.0900268554688,835.969970703125,1307000000,-0.00809832737221361,-0.8131296944902043
2003-02-12,818.6799926757812,818.6799926757812,832.1199951171875,818.489990234375,829.2000122070312,1260500000,-0.012686950526266227,-1.2768117118207323
2003-02-13,817.3699951171875,817.3699951171875,821.25,806.2899780273438,818.6799926757812,1489300000,-0.0016001338377796825,-0.16014154192461222
2003-02-14,834.8900146484375,834.8900146484375,834.8900146484375,815.030029296875,817.3699951171875,1404600000,0.021434625244272754,2.1208134445614224
2003-02-18,851.1699829101562,851.1699829101562,852.8699951171875,834.8900146484375,834.8900146484375,1250800000,0.019499536437232567,1.9311856336077744
2003-02-19,845.1300048828125,845.1300048828125,851.1699829101562,838.7899780273438,851.1699829101562,1075600000,-0.007096089087508695,-0.7121386071817133
2003-02-20,837.0999755859375,837.0999755859375,849.3699951171875,836.5599975585938,845.1300048828125,1194100000,-0.009501531421770348,-0.9546958954540238
2003-02-21,848.1699829101562,848.1699829101562,852.280029296875,831.47998046875,837.0999755859375,1398200000,0.013224235631437153,1.313755874821075
2003-02-24,832.5800170898438,832.5800170898438,848.1699829101562,832.1599731445312,848.1699829101562,1229200000,-0.01838070921446877,-1.8551733389043055
2003-02-25,838.5700073242188,838.5700073242188,839.5499877929688,818.5399780273438,832.5800170898438,1483700000,0.007194491954433557,0.7168735061912846
2003-02-26,827.5499877929688,827.5499877929688,840.0999755859375,826.6799926757812,838.5700073242188,1374400000,-0.013141442497345723,-1.3228555286300596
2003-02-27,837.280029296875,837.280029296875,842.1900024414062,827.5499877929688,827.5499877929688,1287800000,0.01175764805441637,1.1689063978690684
2003-02-28,841.1500244140625,841.1500244140625,847.0,837.280029296875,837.280029296875,1373300000,0.004622103695029578,0.4611454575361189
2003-03-03,834.8099975585938,834.8099975585938,852.3400268554688,832.739990234375,841.1500244140625,1208900000,-0.007537331833147309,-0.7565881065893376
2003-03-04,821.989990234375,821.989990234375,835.4299926757812,821.9600219726562,834.8099975585938,1256600000,-0.015356796590494715,-1.5475933472308012
2003-03-05,829.8499755859375,829.8499755859375,829.8699951171875,819.0,821.989990234375,1332700000,0.009562142416504882,0.951671449528586
2003-03-06,822.0999755859375,822.0999755859375,829.8499755859375,819.8499755859375,829.8499755859375,1299200000,-0.009339037450146193,-0.9382919685983232
2003-03-07,828.8900146484375,828.8900146484375,829.5499877929688,811.22998046875,822.0999755859375,1368500000,0.00825938360801004,0.8225461554722081
2003-03-10,807.47998046875,807.47998046875,828.8900146484375,806.5700073242188,828.8900146484375,1255000000,-0.025829764867861593,-2.616921121529518
2003-03-11,800.72998046875,800.72998046875,814.25,800.2999877929688,807.47998046875,1427700000,-0.008359340371610902,-0.8394475599230986
2003-03-12,804.1900024414062,804.1900024414062,804.1900024414062,788.9000244140625,800.72998046875,1620000000,0.0043210845816348264,0.43117755028974325
2003-03-13,831.9000244140625,831.9000244140625,832.02001953125,804.1900024414062,804.1900024414062,1816300000,0.03445705851668457,3.3876707933206553
2003-03-14,833.27001953125,833.27001953125,841.3900146484375,828.260009765625,831.8900146484375,1541900000,0.0016468266341889137,0.16454721021231253
2003-03-17,862.7899780273438,862.7899780273438,862.7899780273438,827.1699829101562,833.27001953125,1700420000,0.035426641789776614,3.4813556070002036
2003-03-18,866.4500122070312,866.4500122070312,866.9400024414062,857.3599853515625,862.7899780273438,1555100000,0.004242091671087467,0.4233119365493321
2003-03-19,874.02001953125,874.02001953125,874.989990234375,861.2100219726562,866.4500122070312,1473400000,0.008736807914557332,0.8698862860555134
2003-03-20,875.6699829101562,875.6699829101562,879.5999755859375,859.010009765625,874.02001953125,1439100000,0.0018877867120150604,0.18860070820359282
2003-03-21,895.7899780273438,895.7899780273438,895.9000244140625,875.8400268554688,875.8400268554688,1883710000,0.022976687005213714,2.2716697858611123
2003-03-24,864.22998046875,864.22998046875,895.7899780273438,862.02001953125,895.7899780273438,1293000000,-0.035231469800648285,-3.5867071493772107
2003-03-25,874.739990234375,874.739990234375,879.8699951171875,862.5900268554688,864.22998046875,1333400000,0.01216112609276121,1.2087773698511244
2003-03-26,869.9500122070312,869.9500122070312,875.7999877929688,866.469970703125,874.739990234375,1319700000,-0.005475887784735178,-0.5490935416151999
2003-03-27,868.52001953125,868.52001953125,874.1500244140625,858.0900268554688,869.9500122070312,1232900000,-0.0016437641884197163,-0.16451166510629162
2003-03-28,863.5,863.5,869.8800048828125,860.8300170898438,868.52001953125,1227000000,-0.0057799698548794964,-0.579673852680565
2003-03-31,848.1799926757812,848.1799926757812,863.5,843.6799926757812,863.5,1495500000,-0.017741757179176365,-1.7901028803951842
2003-04-01,858.47998046875,858.47998046875,861.280029296875,847.8499755859375,848.1799926757812,1461600000,0.012143634466636133,1.2070492085123465
2003-04-02,880.9000244140625,880.9000244140625,884.5700073242188,858.47998046875,858.47998046875,1589800000,0.02611597760622275,2.5780778962752664
2003-04-03,876.4500122070312,876.4500122070312,885.8900146484375,876.1199951171875,880.9000244140625,1339500000,-0.005051665437279529,-0.5064468234289504
2003-04-04,878.8499755859375,878.8499755859375,882.72998046875,874.22998046875,876.4500122070312,1241200000,0.0027382775349193977,0.2734535282983263
2003-04-07,879.9299926757812,879.9299926757812,904.8900146484375,878.8499755859375,878.8499755859375,1494000000,0.001228898128060596,0.12281436508098824
2003-04-08,878.2899780273438,878.2899780273438,883.1099853515625,874.6799926757812,879.9299926757812,1235400000,-0.0018638012820205718,-0.18655403207810617
2003-04-09,865.989990234375,865.989990234375,887.3499755859375,865.719970703125,878.2899780273438,1293700000,-0.014004472441544569,-1.4103460334560431
2003-04-10,871.5800170898438,871.5800170898438,871.780029296875,862.760009765625,865.989990234375,1275300000,0.00645507098061926,0.6434326234618374
2003-04-11,868.2999877929688,868.2999877929688,883.3400268554688,865.9199829101562,871.5800170898438,1141600000,-0.0037633140188628733,-0.3770413101379845
2003-04-14,885.22998046875,885.22998046875,885.260009765625,868.2999877929688,868.2999877929688,1131000000,0.0194978612389638,1.9310213177267757
2003-04-15,890.8099975585938,890.8099975585938,891.27001953125,881.8499755859375,885.22998046875,1460200000,0.006303466006527536,0.6283682258609843
2003-04-16,879.9099731445312,879.9099731445312,896.77001953125,877.9299926757812,890.8099975585938,1587600000,-0.012236082266628978,-1.231155944986838
2003-04-17,893.5800170898438,893.5800170898438,893.8300170898438,879.2000122070312,879.9099731445312,1430600000,0.015535730202556941,1.5416286256904979
2003-04-21,892.010009765625,892.010009765625,898.010009765625,888.1699829101562,893.5800170898438,1118700000,-0.001756985713861292,-0.17585310235839885
2003-04-22,911.3699951171875,911.3699951171875,911.739990234375,886.7000122070312,892.010009765625,1631200000,0.021703775898937794,2.147160231061189
2003-04-23,919.02001953125,919.02001953125,919.739990234375,909.8900146484375,911.3699951171875,1667200000,0.00839398318470952,0.8358949618774869
2003-04-24,911.4299926757812,911.4299926757812,919.02001953125,906.6900024414062,919.02001953125,1648100000,-0.008258826460973201,-0.8293119512326398
2003-04-25,898.8099975585938,898.8099975585938,911.4299926757812,897.52001953125,911.4299926757812,1335800000,-0.013846368035506096,-1.394312316572739
2003-04-28,914.8400268554688,914.8400268554688,918.1500244140625,898.8099975585938,898.8099975585938,1273000000,0.017834725181536504,1.7677552473808775
2003-04-29,917.8400268554688,917.8400268554688,924.239990234375,911.0999755859375,914.8400268554688,1525600000,0.003279261851180326,0.32738967977797245
2003-04-30,916.9199829101562,916.9199829101562,922.010009765625,911.7000122070312,917.8400268554688,1788510000,-0.0010024012010726446,-0.10029039411495178
2003-05-01,916.2999877929688,916.2999877929688,919.6799926757812,902.8300170898438,916.9199829101562,1397500000,-0.0006761714530636453,-0.06764001600831976
2003-05-02,930.0800170898438,930.0800170898438,930.5599975585938,912.3499755859375,916.2999877929688,1554300000,0.015038774943199495,1.4926813678558364
2003-05-05,926.5499877929688,926.5499877929688,933.8800048828125,924.5499877929688,930.0800170898438,1446300000,-0.0037954038706478066,-0.38026246923319423
2003-05-06,934.3900146484375,934.3900146484375,939.6099853515625,926.3800048828125,926.5499877929688,1649600000,0.008461526046903867,0.8425928003602576
2003-05-07,929.6199951171875,929.6199951171875,937.219970703125,926.4099731445312,934.3900146484375,1531900000,-0.005104955592922011,-0.5118030395229842
2003-05-08,920.27001953125,920.27001953125,929.6199951171875,919.719970703125,929.6199951171875,1379600000,-0.010057846899860223,-1.0108768772651233
2003-05-09,933.4099731445312,933.4099731445312,933.77001953125,920.27001953125,920.27001953125,1326100000,0.014278367581695539,1.4177391736409863
2003-05-12,945.1099853515625,945.1099853515625,946.8400268554688,929.2999877929688,933.4099731445312,1378800000,0.01253469808943164,1.245678912932096
2003-05-13,942.2999877929688,942.2999877929688,947.510009765625,938.9099731445312,945.1099853515625,1418100000,-0.0029731963497862113,-0.29776250785519637
2003-05-14,939.280029296875,939.280029296875,947.2899780273438,935.239990234375,942.2999877929688,1401800000,-0.003204880118025888,-0.32100267454691517
2003-05-15,946.6699829101562,946.6699829101562,948.22998046875,938.7899780273438,939.280029296875,1508700000,0.007867678842073511,0.783689004237993
2003-05-16,944.2999877929688,944.2999877929688,948.6500244140625,938.5999755859375,946.6699829101562,1505500000,-0.0025035071988888102,-0.25066462131605965
2003-05-19,920.77001953125,920.77001953125,944.2999877929688,920.22998046875,944.2999877929688,1375700000,-0.02491789533611377,-2.5233601618067265
2003-05-20,919.72998046875,919.72998046875,925.3400268554688,912.0499877929688,920.77001953125,1505300000,-0.0011295318488209194,-0.11301702506951133
2003-05-21,923.4199829101562,923.4199829101562,923.8499755859375,914.9099731445312,919.72998046875,1457800000,0.004012049753478353,0.4004022944009453
2003-05-22,931.8699951171875,931.8699951171875,935.2999877929688,922.5399780273438,923.4199829101562,1448500000,0.009150779020831834,0.9109164321114477
2003-05-23,933.219970703125,933.219970703125,935.2000122070312,927.4199829101562,931.8699951171875,1201000000,0.0014486737345456024,0.1447625419073617
2003-05-27,951.47998046875,951.47998046875,952.760009765625,927.3300170898438,933.219970703125,1532000000,0.019566672744762537,1.9377706387686575
2003-05-28,953.219970703125,953.219970703125,959.3900146484375,950.1199951171875,951.47998046875,1559000000,0.001828719752482666,0.18270496802688227
2003-05-29,949.6400146484375,949.6400146484375,962.0800170898438,946.22998046875,953.219970703125,1685800000,-0.0037556452494871273,-0.37627153926247664
2003-05-30,963.5900268554688,963.5900268554688,965.3800048828125,949.6400146484375,949.6400146484375,1688800000,0.014689789806504372,1.4582939974266194
2003-06-02,967.0,967.0,979.1099853515625,963.5900268554688,963.5900268554688,1662500000,0.003538821541832604,0.3532574646307761
2003-06-03,971.5599975585938,971.5599975585938,973.02001953125,964.469970703125,967.0,1450200000,0.0047156127803451575,0.47045291089414487
2003-06-04,986.239990234375,986.239990234375,987.8499755859375,970.719970703125,971.5599975585938,1618700000,0.015109712948937926,1.4996698227585568
2003-06-05,990.1400146484375,990.1400146484375,990.1400146484375,978.1300048828125,986.239990234375,1693100000,0.0039544375128570675,0.3946639276500611
2003-06-06,987.760009765625,987.760009765625,1007.6900024414062,986.010009765625,990.1400146484375,1837200000,-0.002403705382675203,-0.24065989201963495
2003-06-09,975.9299926757812,975.9299926757812,987.760009765625,972.5900268554688,987.760009765625,1307000000,-0.011976610687702172,-1.2048908121465587
2003-06-10,984.8400268554688,984.8400268554688,984.8400268554688,975.9299926757812,975.9299926757812,1275400000,0.009129788249726989,0.9088363673824899
2003-06-11,997.47998046875,997.47998046875,997.47998046875,981.6099853515625,984.8400268554688,1520000000,0.012834524662487468,1.2752860158620625
2003-06-12,998.510009765625,998.510009765625,1002.739990234375,991.27001953125,997.47998046875,1553100000,0.001032631548545826,0.10320987513455528
2003-06-13,988.6099853515625,988.6099853515625,1000.9199829101562,984.27001953125,998.510009765625,1271600000,-0.009914797365312644,-0.9964276289370997
2003-06-16,1010.739990234375,1010.739990234375,1010.8599853515625,988.6099853515625,988.6099853515625,1345900000,0.02238497001923645,2.2138103847666812
2003-06-17,1011.6599731445312,1011.6599731445312,1015.3300170898438,1007.0399780273438,1010.739990234375,1479700000,0.0009102072927211768,0.09097933052538781
2003-06-18,1010.0900268554688,1010.0900268554688,1015.1199951171875,1004.6099853515625,1011.6599731445312,1488900000,-0.001551851739456156,-0.15530571085642822
2003-06-19,994.7000122070312,994.7000122070312,1011.219970703125,993.0800170898438,1010.0900268554688,1530100000,-0.01523628017232137,-1.535354493299519
2003-06-20,995.6900024414062,995.6900024414062,1002.0900268554688,993.3599853515625,994.7000122070312,1698000000,0.0009952651274010016,0.09947701794398323
2003-06-23,981.6400146484375,981.6400146484375,995.6900024414062,977.4000244140625,995.6900024414062,1398100000,-0.014110805329488607,-1.4211309324766015
2003-06-24,983.4500122070312,983.4500122070312,987.8400268554688,979.0800170898438,981.6400146484375,1388300000,0.0018438506291351686,0.18421528232438333
2003-06-25,975.3200073242188,975.3200073242188,991.6400146484375,974.8599853515625,983.4500122070312,1459200000,-0.00826682066388651,-0.8301180320273589
2003-06-26,985.8200073242188,985.8200073242188,986.530029296875,973.7999877929688,975.3200073242188,1387400000,0.01076569733128574,1.0708159797852024
2003-06-27,976.219970703125,976.219970703125,988.8800048828125,974.2899780273438,985.8200073242188,1267800000,-0.009738123135835774,-0.9785848748285318
2003-06-30,974.5,974.5,983.6099853515625,973.5999755859375,976.219970703125,1587200000,-0.0017618679751922883,-0.17634218900367243
2003-07-01,982.3200073242188,982.3200073242188,983.260009765625,962.0999755859375,974.5,1460200000,0.008024635530239799,0.7992609360683223
2003-07-02,993.75,993.75,993.780029296875,982.3200073242188,982.3200073242188,1519300000,0.011635711978335683,1.1568537660242821
2003-07-03,985.7000122070312,985.7000122070312,995.0,983.3400268554688,993.75,775900000,-0.00810061664701256,-0.8133604913024198
2003-07-07,1004.4199829101562,1004.4199829101562,1005.5599975585938,985.7000122070312,985.7000122070312,1429100000,0.018991549631018012,1.881346140052808
2003-07-08,1007.8400268554688,1007.8400268554688,1008.9199829101562,998.72998046875,1004.4199829101562,1565700000,0.003404993930331335,0.33992100641327083
2003-07-09,1002.2100219726562,1002.2100219726562,1010.4299926757812,998.1699829101562,1007.8400268554688,1618000000,-0.005586208855366204,-0.5601870071837125
2003-07-10,988.7000122070312,988.7000122070312,1002.2100219726562,983.6300048828125,1002.2100219726562,1465700000,-0.013480218187234994,-1.357190119870671
2003-07-11,998.1400146484375,998.1400146484375,1000.8599853515625,988.7000122070312,988.7000122070312,1212700000,0.009547893521649531,0.950260046028829
2003-07-14,1003.8599853515625,1003.8599853515625,1015.4099731445312,998.1400146484375,998.1400146484375,1448900000,0.005730629590217973,0.5714271995592272
2003-07-15,1000.4199829101562,1000.4199829101562,1009.6099853515625,996.6699829101562,1003.8599853515625,1518600000,-0.003426775139564464,-0.34326599813589087
2003-07-16,994.0900268554688,994.0900268554688,1003.469970703125,989.2999877929688,1000.4199829101562,1662000000,-0.006327298697367145,-0.6347400891690437
2003-07-17,981.72998046875,981.72998046875,994.0,978.5999755859375,994.0,1661400000,-0.012433528204499167,-1.2511471261658864
2003-07-18,993.3200073242188,993.3200073242188,994.25,981.7100219726562,981.72998046875,1365200000,0.011805717545607441,1.1736573725128359
2003-07-21,978.7999877929688,978.7999877929688,993.3200073242188,975.6300048828125,993.3200073242188,1254200000,-0.014617665429254467,-1.4725556198844163
2003-07-22,988.1099853515625,988.1099853515625,990.2899780273438,976.0800170898438,978.7999877929688,1439700000,0.009511644538928055,0.9466693661066123
2003-07-23,988.6099853515625,988.6099853515625,989.8599853515625,979.7899780273438,988.1099853515625,1362700000,0.0005060165441219677,0.05058885609230958
2003-07-24,981.5999755859375,981.5999755859375,998.8900146484375,981.0700073242188,988.6099853515625,1559000000,-0.00709077378288081,-0.7116032794080659
2003-07-25,998.6799926757812,998.6799926757812,998.7100219726562,977.489990234375,981.5999755859375,1397500000,0.01740018084214845,1.7250531155822244
2003-07-28,996.52001953125,996.52001953125,1000.6799926757812,993.5900268554688,998.6799926757812,1328600000,-0.002162828093455582,-0.21651703840605338
2003-07-29,989.280029296875,989.280029296875,998.6400146484375,984.1500244140625,996.52001953125,1508900000,-0.007265273243362014,-0.7291793872162242
2003-07-30,987.489990234375,987.489990234375,992.6199951171875,985.9600219726562,989.280029296875,1391900000,-0.001809436165179923,-0.1811075172215334
2003-07-31,990.3099975585938,990.3099975585938,1004.5900268554688,987.489990234375,987.489990234375,1608000000,0.0028557325665139466,0.2851662708710753
2003-08-01,980.1500244140625,980.1500244140625,990.3099975585938,978.8599853515625,990.3099975585938,1390600000,-0.010259386625984357,-1.0312376876165046
2003-08-04,982.8200073242188,982.8200073242188,985.75,966.7899780273438,980.1500244140625,1318700000,0.0027240553421934433,0.27203518276343014
2003-08-05,965.4600219726562,965.4600219726562,982.8200073242188,964.969970703125,982.8200073242188,1351700000,-0.017663443175954474,-1.7821303454706765
2003-08-06,967.0800170898438,967.0800170898438,975.739990234375,960.8400268554688,965.4600219726562,1491000000,0.0016779515260274547,0.16765453381559062
2003-08-07,974.1199951171875,974.1199951171875,974.8900146484375,963.8200073242188,967.0800170898438,1389300000,0.007279623095231225,0.7253254530505021
2003-08-08,977.5900268554688,977.5900268554688,980.5700073242188,973.8300170898438,974.1199951171875,1086600000,0.0035622220626565504,0.35558923770214895
2003-08-11,980.5900268554688,980.5900268554688,985.4600219726562,974.2100219726562,977.5900268554688,1022200000,0.0030687710774319754,0.30640720105882757
2003-08-12,990.3499755859375,990.3499755859375,990.4099731445312,979.9000244140625,980.5900268554688,1132300000,0.009953138889008173,0.9903932637191639
2003-08-13,984.030029296875,984.030029296875,992.5,980.8499755859375,990.3499755859375,1208800000,-0.00638152819191351,-0.6401977186592346
2003-08-14,990.510009765625,990.510009765625,991.9099731445312,980.3599853515625,984.030029296875,1186800000,0.006585145042149021,0.6563557693260349
2003-08-15,990.6699829101562,990.6699829101562,992.3900146484375,987.0999755859375,990.510009765625,636370000,0.00016150583331220325,0.016149279264918284
2003-08-18,999.739990234375,999.739990234375,1000.3499755859375,990.6699829101562,990.6699829101562,1127600000,0.009155427620381795,0.9113770757476485
2003-08-19,1002.3499755859375,1002.3499755859375,1003.2999877929688,995.2999877929688,999.739990234375,1300600000,0.002610664149736097,0.2607262285548356
2003-08-20,1000.2999877929688,1000.2999877929688,1003.5399780273438,996.6199951171875,1002.3499755859375,1210800000,-0.0020451816659848854,-0.2047275905896222
2003-08-21,1003.27001953125,1003.27001953125,1009.530029296875,999.3300170898438,1000.2999877929688,1407100000,0.002969141032215905,0.2964741838714095
2003-08-22,993.0599975585938,993.0599975585938,1011.010009765625,992.6199951171875,1003.27001953125,1308900000,-0.010176743821595058,-1.0228880904442752
2003-08-25,993.7100219726562,993.7100219726562,993.7100219726562,987.9099731445312,993.0599975585938,971700000,0.0006545671114137619,0.06543529758010805
2003-08-26,996.72998046875,996.72998046875,997.9299926757812,983.5700073242188,993.7100219726562,1178700000,0.003039074206073522,0.30344655550525557
2003-08-27,996.7899780273438,996.7899780273438,998.0499877929688,993.3300170898438,996.72998046875,1051400000,6.0194395442580984e-05,0.006019258383265844
2003-08-28,1002.8400268554688,1002.8400268554688,1004.1199951171875,991.4199829101562,996.7899780273438,1165200000,0.006069532159721502,0.6051186744037782
2003-08-29,1008.010009765625,1008.010009765625,1008.8499755859375,999.52001953125,1002.8400268554688,945100000,0.005155341601558616,0.5142098324289219
2003-09-02,1021.989990234375,1021.989990234375,1022.5900268554688,1005.72998046875,1008.010009765625,1470500000,0.013868890520244426,1.377359751941786
2003-09-03,1026.27001953125,1026.27001953125,1029.3399658203125,1021.989990234375,1021.989990234375,1675600000,0.0041879366116819305,0.4179191612316912
2003-09-04,1027.969970703125,1027.969970703125,1029.1700439453125,1022.1900024414062,1026.27001953125,1453900000,0.00165643655131964,0.165506617338273
2003-09-05,1021.3900146484375,1021.3900146484375,1029.2099609375,1018.1900024414062,1027.969970703125,1465200000,-0.006400922441525014,-0.642149618653103
2003-09-08,1031.6400146484375,1031.6400146484375,1032.4100341796875,1021.3900146484375,1021.3900146484375,1299300000,0.010035343848087352,0.9985324149892912
2003-09-09,1023.1699829101562,1023.1699829101562,1031.6400146484375,1021.1400146484375,1031.6400146484375,1414800000,-0.008210259022540578,-0.824414882264681
2003-09-10,1010.9199829101562,1010.9199829101562,1023.1699829101562,1009.739990234375,1023.1699829101562,1582100000,-0.01197259517441851,-1.2044843941237446
2003-09-11,1016.4199829101562,1016.4199829101562,1020.8800048828125,1010.9199829101562,1010.9199829101562,1335900000,0.005440588862599238,0.542584232141206
2003-09-12,1018.6300048828125,1018.6300048828125,1019.6500244140625,1007.7100219726562,1016.4199829101562,1236700000,0.0021743196806585097,0.21719592685294514
2003-09-15,1014.8099975585938,1014.8099975585938,1019.7899780273438,1013.5900268554688,1018.6300048828125,1151300000,-0.0037501421575130145,-0.3757191570332741
2003-09-16,1029.3199462890625,1029.3199462890625,1029.6600341796875,1014.8099975585938,1014.8099975585938,1403200000,0.014298192533948706,1.419693741454061
2003-09-17,1025.969970703125,1025.969970703125,1031.3399658203125,1024.530029296875,1029.3199462890625,1338210000,-0.003254552287668133,-0.3259859861945398
2003-09-18,1039.5799560546875,1039.5799560546875,1040.1600341796875,1025.75,1025.969970703125,1498800000,0.013265481193601714,1.317826515972403
2003-09-19,1036.300048828125,1036.300048828125,1040.2900390625,1031.8900146484375,1039.5799560546875,1518600000,-0.003155031229161165,-0.316001883365113
2003-09-22,1022.8200073242188,1022.8200073242188,1036.300048828125,1018.2999877929688,1036.300048828125,1278800000,-0.01300785570660723,-1.3093198756223727
2003-09-23,1029.030029296875,1029.030029296875,1030.1199951171875,1021.5399780273438,1022.8200073242188,1301700000,0.006071470960860692,0.6053113846697271
2003-09-24,1009.3800048828125,1009.3800048828125,1029.8299560546875,1008.9299926757812,1029.030029296875,1556000000,-0.01909567636960907,-1.9280353601833384
2003-09-25,1003.27001953125,1003.27001953125,1015.969970703125,1003.260009765625,1009.3800048828125,1530000000,-0.00605320624740513,-0.6071601170082439
2003-09-26,996.8499755859375,996.8499755859375,1003.4500122070312,996.0800170898438,1003.27001953125,1472500000,-0.0063991187021735785,-0.641968082885311
2003-09-29,1006.5800170898438,1006.5800170898438,1006.8900146484375,995.3099975585938,996.8499755859375,1366500000,0.009760788225115835,0.971345945988507
2003-09-30,995.969970703125,995.969970703125,1006.5800170898438,990.3599853515625,1006.5800170898438,1590500000,-0.010540688476405324,-1.0596635023890755
2003-10-01,1018.219970703125,1018.219970703125,1018.219970703125,995.969970703125,995.969970703125,1566300000,0.022340030979339787,2.2094147775449815
2003-10-02,1020.239990234375,1020.239990234375,1021.8699951171875,1013.3800048828125,1018.219970703125,1269300000,0.00198387341573647,0.1981908137684299
2003-10-03,1029.8499755859375,1029.8499755859375,1039.31005859375,1020.239990234375,1020.239990234375,1570500000,0.009419338041586567,0.9375252697306359
2003-10-06,1034.3499755859375,1034.3499755859375,1036.47998046875,1029.1500244140625,1029.8499755859375,1025800000,0.004369568487332165,0.4360049641707883
2003-10-07,1039.25,1039.25,1039.25,1026.27001953125,1034.3499755859375,1279500000,0.004737298332014417,0.47261126469782744
2003-10-08,1033.780029296875,1033.780029296875,1040.06005859375,1030.9599609375,1039.25,1262500000,-0.005263382923382243,-0.5277283320142506
2003-10-09,1038.72998046875,1038.72998046875,1048.280029296875,1033.780029296875,1033.780029296875,1578700000,0.0047882054514456485,0.4776778457734371
2003-10-10,1038.06005859375,1038.06005859375,1040.8399658203125,1035.739990234375,1038.72998046875,1108100000,-0.0006449432360637886,-0.06451513014176989
2003-10-13,1045.3499755859375,1045.3499755859375,1048.9000244140625,1038.06005859375,1038.06005859375,1040500000,0.00702263508920975,0.6998091228799304
2003-10-14,1049.47998046875,1049.47998046875,1049.489990234375,1040.8399658203125,1045.3499755859375,1271900000,0.003950834628850153,0.3943050577315539
2003-10-15,1046.760009765625,1046.760009765625,1053.7900390625,1043.1500244140625,1049.47998046875,1521100000,-0.0025917318612500573,-0.25950962125251775
2003-10-16,1050.0699462890625,1050.0699462890625,1052.93994140625,1044.0400390625,1046.760009765625,1417700000,0.003162077737550062,0.3157088883736722
2003-10-17,1039.3199462890625,1039.3199462890625,1051.8900146484375,1036.5699462890625,1050.0699462890625,1352000000,-0.010237413267554563,-1.0290175994216975
2003-10-20,1044.6800537109375,1044.6800537109375,1044.68994140625,1036.1300048828125,1039.3199462890625,1172600000,0.005157321805487891,0.514406837000929
2003-10-21,1046.030029296875,1046.030029296875,1048.5699462890625,1042.5899658203125,1044.6800537109375,1498000000,0.0012922383088889156,0.12914040875632674
2003-10-22,1030.3599853515625,1030.3599853515625,1046.030029296875,1028.3900146484375,1046.030029296875,1647200000,-0.014980491483447822,-1.5093832405615901
2003-10-23,1033.77001953125,1033.77001953125,1035.43994140625,1025.8900146484375,1030.3599853515625,1604300000,0.0033095561048248623,0.3304091577473251
2003-10-24,1028.9100341796875,1028.9100341796875,1033.77001953125,1018.3200073242188,1033.77001953125,1420300000,-0.004701224895036327,-0.4712310410105174
2003-10-27,1031.1300048828125,1031.1300048828125,1037.75,1028.9100341796875,1028.9100341796875,1371800000,0.002157594570350252,0.21552703057985495
2003-10-28,1046.7900390625,1046.7900390625,1046.7900390625,1031.1300048828125,1031.1300048828125,1629200000,0.015187254861686705,1.5073083026475456
2003-10-29,1048.1099853515625,1048.1099853515625,1049.8299560546875,1043.3499755859375,1046.7900390625,1562600000,0.0012609465506996376,0.1260152225262273
2003-10-30,1046.93994140625,1046.93994140625,1052.81005859375,1043.8199462890625,1048.1099853515625,1629700000,-0.001116336989118616,-0.11169605573733228
2003-10-31,1050.7099609375,1050.7099609375,1053.0899658203125,1046.93994140625,1046.93994140625,1498900000,0.0036009893043016383,0.3594521265225859
2003-11-03,1059.02001953125,1059.02001953125,1061.43994140625,1050.7099609375,1050.7099609375,1378200000,0.007908993825789246,0.7877881670353122
2003-11-04,1053.25,1053.25,1059.02001953125,1051.699951171875,1059.02001953125,1417600000,-0.005448451799621279,-0.5463348747970752
2003-11-05,1051.81005859375,1051.81005859375,1054.5400390625,1044.8800048828125,1053.25,1401800000,-0.0013671411405173917,-0.13680765306038184
2003-11-06,1058.050048828125,1058.050048828125,1058.93994140625,1046.9300537109375,1051.81005859375,1453900000,0.005932620802959088,0.591509210142308
2003-11-07,1053.2099609375,1053.2099609375,1062.3900146484375,1052.1700439453125,1058.050048828125,1440500000,-0.004574535860553786,-0.45850310690934243
2003-11-10,1047.1099853515625,1047.1099853515625,1053.6500244140625,1045.5799560546875,1053.2099609375,1243600000,-0.0057917944305309055,-0.580863191620655
2003-11-11,1046.5699462890625,1046.5699462890625,1048.22998046875,1043.4599609375,1047.1099853515625,1162500000,-0.0005157424435396907,-0.05158754844189101
2003-11-12,1058.530029296875,1058.530029296875,1059.0999755859375,1046.5699462890625,1046.5699462890625,1349300000,0.011427886927405817,1.1363081883396917
2003-11-13,1058.4100341796875,1058.4100341796875,1059.6199951171875,1052.9599609375,1058.56005859375,1383000000,-0.0001133601446028365,-0.0113366570349649
2003-11-14,1050.3499755859375,1050.3499755859375,1063.6500244140625,1048.1099853515625,1058.4100341796875,1356100000,-0.007615251493715225,-0.7644395575324582
2003-11-17,1043.6300048828125,1043.6300048828125,1050.3499755859375,1035.280029296875,1050.3499755859375,1374300000,-0.006397839633762281,-0.6418393523646264
2003-11-18,1034.1500244140625,1034.1500244140625,1048.77001953125,1034.0,1043.6300048828125,1354300000,-0.009083660324440856,-0.912516832111608
2003-11-19,1042.43994140625,1042.43994140625,1043.949951171875,1034.1500244140625,1034.1500244140625,1326200000,0.008016164769598655,0.7984205998370383
2003-11-20,1033.6500244140625,1033.6500244140625,1046.47998046875,1033.4200439453125,1042.43994140625,1326700000,-0.008432060824847043,-0.8467811760956592
2003-11-21,1035.280029296875,1035.280029296875,1037.5699462890625,1031.199951171875,1033.6500244140625,1273800000,0.001576940786836012,0.1575698721317819
2003-11-24,1052.0799560546875,1052.0799560546875,1052.0799560546875,1035.280029296875,1035.280029296875,1302800000,0.0162274228058108,1.60971654518563
2003-11-25,1053.8900146484375,1053.8900146484375,1058.050048828125,1049.31005859375,1052.0799560546875,1333700000,0.001720457255490082,0.17189789642211856
2003-11-26,1058.449951171875,1058.449951171875,1058.449951171875,1048.280029296875,1053.8900146484375,1097700000,0.0043267669871212,0.4317433443866976
2003-11-28,1058.199951171875,1058.199951171875,1060.6300048828125,1056.77001953125,1058.449951171875,487220000,-0.00023619444615519125,-0.02362223444564242
2003-12-01,1070.1199951171875,1070.1199951171875,1070.469970703125,1058.199951171875,1058.199951171875,1375000000,0.011264453312544553,1.120148181010298
2003-12-02,1066.6199951171875,1066.6199951171875,1071.219970703125,1065.219970703125,1070.1199951171875,1383200000,-0.003270661249177631,-0.3276021552696881
2003-12-03,1064.72998046875,1064.72998046875,1074.300048828125,1064.6300048828125,1066.6199951171875,1441700000,-0.0017719662645456769,-0.1773538053813163
2003-12-04,1069.719970703125,1069.719970703125,1070.3699951171875,1063.1500244140625,1064.72998046875,1463100000,0.004686625084209695,0.4675677049765602
2003-12-05,1061.5,1061.5,1069.719970703125,1060.0899658203125,1069.719970703125,1265900000,-0.007684226646457737,-0.7713902437453731
2003-12-08,1069.300048828125,1069.300048828125,1069.5899658203125,1060.9300537109375,1061.5,1218900000,0.007348138321361386,0.7321272282934284
2003-12-09,1060.1800537109375,1060.1800537109375,1071.93994140625,1059.1600341796875,1069.300048828125,1465500000,-0.008528939213256703,-0.8565518753596266
2003-12-10,1059.050048828125,1059.050048828125,1063.02001953125,1053.4100341796875,1060.1800537109375,1444000000,-0.0010658612929541622,-0.10664297270525701
2003-12-11,1071.2099609375,1071.2099609375,1073.6300048828125,1059.050048828125,1059.050048828125,1441100000,0.011481905055224173,1.1416488246889036
2003-12-12,1074.1400146484375,1074.1400146484375,1074.760009765625,1067.6400146484375,1071.2099609375,1223100000,0.0027352748926767756,0.27315408358722654
2003-12-15,1068.0400390625,1068.0400390625,1082.7900390625,1068.0,1074.1400146484375,1520800000,-0.005678938967685676,-0.5695125452045471
2003-12-16,1075.1300048828125,1075.1300048828125,1075.93994140625,1068.0400390625,1068.0400390625,1547900000,0.006638295907460456,0.6616359448140289
2003-12-17,1076.47998046875,1076.47998046875,1076.5400390625,1071.1400146484375,1075.1300048828125,1441700000,0.001255639392265584,0.12548517363960926
2003-12-18,1089.1800537109375,1089.1800537109375,1089.5,1076.47998046875,1076.47998046875,1579900000,0.01179777931091408,1.1728728082732767
2003-12-19,1088.6600341796875,1088.6600341796875,1091.06005859375,1084.18994140625,1089.1800537109375,1657300000,-0.0004774412912522674,-0.04775553026361695
2003-12-22,1092.93994140625,1092.93994140625,1092.93994140625,1086.1400146484375,1088.6600341796875,1251700000,0.003931353307910612,0.39236457326914925
2003-12-23,1096.02001953125,1096.02001953125,1096.949951171875,1091.72998046875,1092.93994140625,1145300000,0.0028181586273048342,0.2814195063169291
2003-12-24,1094.0400390625,1094.0400390625,1096.4000244140625,1092.72998046875,1096.02001953125,518060000,-0.001806518524722578,-0.18081522471757341
2003-12-26,1095.8900146484375,1095.8900146484375,1098.469970703125,1094.0400390625,1094.0400390625,356070000,0.00169095784421458,0.16895297846315147
2003-12-29,1109.47998046875,1109.47998046875,1109.47998046875,1095.8900146484375,1095.8900146484375,1058800000,0.012400848295594846,1.2324587594046723
2003-12-30,1109.6400146484375,1109.6400146484375,1109.75,1106.4100341796875,1109.47998046875,1012600000,0.00014424251226219376,0.01442321103112789
2003-12-31,1111.9200439453125,1111.9200439453125,1112.56005859375,1106.2099609375,1109.6400146484375,1027500000,0.0020547468248948153,0.20526387198917237
2004-01-02,1108.47998046875,1108.47998046875,1118.8499755859375,1105.0799560546875,1111.9200439453125,1153200000,-0.003093804716710058,-0.30986004243990395
2004-01-05,1122.219970703125,1122.219970703125,1122.219970703125,1108.47998046875,1108.47998046875,1578200000,0.012395343602475073,1.2319150312860783
2004-01-06,1123.6700439453125,1123.6700439453125,1124.4599609375,1118.43994140625,1122.219970703125,1494500000,0.0012921470656763745,0.12913129621023803
2004-01-07,1126.3299560546875,1126.3299560546875,1126.3299560546875,1116.449951171875,1123.6700439453125,1704900000,0.002367164741738481,0.23643674208910181
2004-01-08,1131.9200439453125,1131.9200439453125,1131.9200439453125,1124.9100341796875,1126.3299560546875,1868400000,0.0049630997209786365,0.4950824141421063
2004-01-09,1121.8599853515625,1121.8599853515625,1131.9200439453125,1120.9000244140625,1131.9200439453125,1720700000,-0.008887605310606284,-0.8927335654944548
2004-01-12,1127.22998046875,1127.22998046875,1127.8499755859375,1120.9000244140625,1121.8599853515625,1510200000,0.004786689236896846,0.47752694673973495
2004-01-13,1121.219970703125,1121.219970703125,1129.0699462890625,1115.18994140625,1127.22998046875,1595900000,-0.00533166245554062,-0.5345926491083228
2004-01-14,1130.52001953125,1130.52001953125,1130.75,1121.219970703125,1121.219970703125,1514600000,0.008294580074499347,0.8260369092161453
2004-01-15,1132.050048828125,1132.050048828125,1137.1099853515625,1124.5400390625,1130.52001953125,1695000000,0.0013533854071061668,0.13524704065486423
2004-01-16,1139.8299560546875,1139.8299560546875,1139.8299560546875,1132.050048828125,1132.050048828125,1721100000,0.0068724057161748675,0.684889837587539
2004-01-20,1138.77001953125,1138.77001953125,1142.9300537109375,1135.4000244140625,1139.8299560546875,1698200000,-0.0009299075864844797,-0.09303402187703377
2004-01-21,1147.6199951171875,1147.6199951171875,1149.2099609375,1134.6199951171875,1138.77001953125,1757600000,0.0077715214083178275,0.7741478687196239
2004-01-22,1143.93994140625,1143.93994140625,1150.510009765625,1143.010009765625,1147.6199951171875,1693700000,-0.003206683158706869,-0.3211835584894349
2004-01-23,1141.550048828125,1141.550048828125,1150.31005859375,1136.8499755859375,1143.93994140625,1561200000,-0.0020891766181247995,-0.2091361991880664
2004-01-26,1155.3699951171875,1155.3699951171875,1155.3800048828125,1141.0,1141.550048828125,1480600000,0.012106299065248738,1.2033603951130558
2004-01-27,1144.050048828125,1144.050048828125,1155.3699951171875,1144.050048828125,1155.3699951171875,1673100000,-0.009797680688353294,-0.9845993791705419
2004-01-28,1128.47998046875,1128.47998046875,1149.1400146484375,1126.5,1144.050048828125,1842000000,-0.01360960420859536,-1.3703063806122504
2004-01-29,1134.1099853515625,1134.1099853515625,1134.3900146484375,1122.3800048828125,1128.47998046875,1921900000,0.00498901618128289,0.49766122784623834
2004-01-30,1131.1300048828125,1131.1300048828125,1134.1700439453125,1127.72998046875,1134.1099853515625,1635000000,-0.0026275938905750973,-0.26310520745323324
2004-02-02,1135.260009765625,1135.260009765625,1142.449951171875,1127.8699951171875,1131.1300048828125,1599200000,0.003651220341591488,0.3644570817602933
2004-02-03,1136.030029296875,1136.030029296875,1137.43994140625,1131.3299560546875,1135.260009765625,1476900000,0.000678275923247762,0.06780459980963216
2004-02-04,1126.52001953125,1126.52001953125,1136.030029296875,1124.739990234375,1136.030029296875,1634800000,-0.008371266181679271,-0.8406502013905583
2004-02-05,1128.5899658203125,1128.5899658203125,1131.1700439453125,1124.43994140625,1126.52001953125,1566600000,0.0018374695994518575,0.18357835172879294
2004-02-06,1142.760009765625,1142.760009765625,1142.7900390625,1128.3900146484375,1128.5899658203125,1477600000,0.012555528911700975,1.2477361864295755
2004-02-09,1139.81005859375,1139.81005859375,1144.4599609375,1139.2099609375,1142.760009765625,1303500000,-0.0025814266745999292,-0.25847643015682786
2004-02-10,1145.5400390625,1145.5400390625,1147.02001953125,1138.699951171875,1139.81005859375,1403900000,0.005027136254455833,0.5014542394726692
2004-02-11,1157.760009765625,1157.760009765625,1158.8900146484375,1142.3299560546875,1145.5400390625,1699300000,0.010667432203527172,1.0610936569044465
2004-02-12,1152.1099853515625,1152.1099853515625,1157.760009765625,1151.43994140625,1157.760009765625,1464300000,-0.004880134368439815,-0.4892081107810367
2004-02-13,1145.81005859375,1145.81005859375,1156.8800048828125,1143.239990234375,1152.1099853515625,1329200000,-0.0054681643574940875,-0.5483169493580089
2004-02-17,1156.989990234375,1156.989990234375,1158.97998046875,1145.81005859375,1145.81005859375,1396500000,0.009757229443723148,0.9709935073014979
2004-02-18,1151.8199462890625,1151.8199462890625,1157.4000244140625,1149.5400390625,1156.989990234375,1382400000,-0.004468529536945431,-0.44785432572616823
2004-02-19,1147.06005859375,1147.06005859375,1158.5699462890625,1146.8499755859375,1151.8199462890625,1562800000,-0.004132492852418457,-0.41410551983698746
2004-02-20,1144.1099853515625,1144.1099853515625,1149.81005859375,1139.0,1147.06005859375,1479600000,-0.002571855954782487,-0.2575168857733746
2004-02-23,1140.989990234375,1140.989990234375,1146.68994140625,1136.97998046875,1144.1099853515625,1380400000,-0.002727006281855626,-0.27307313371936914
2004-02-24,1139.0899658203125,1139.0899658203125,1144.5400390625,1134.4300537109375,1140.989990234375,1543600000,-0.0016652419655953654,-0.16666300221781005
2004-02-25,1143.6700439453125,1143.6700439453125,1145.239990234375,1138.9599609375,1139.0899658203125,1360700000,0.004020822114521705,0.4012760212374236
2004-02-26,1144.9100341796875,1144.9100341796875,1147.22998046875,1138.6199951171875,1143.6700439453125,1383900000,0.0010842202617262764,0.10836329194389108
2004-02-27,1144.93994140625,1144.93994140625,1151.6800537109375,1141.800048828125,1145.800048828125,1540400000,2.6121900996267655e-05,0.0026121559825353167
2004-03-01,1155.969970703125,1155.969970703125,1157.449951171875,1144.93994140625,1144.93994140625,1497100000,0.009633718676394176,0.9587610302174582
2004-03-02,1149.0999755859375,1149.0999755859375,1156.5400390625,1147.31005859375,1155.969970703125,1476000000,-0.005943056732701124,-0.5960786977165636
2004-03-03,1151.030029296875,1151.030029296875,1152.43994140625,1143.780029296875,1149.0999755859375,1334500000,0.001679622097244815,0.16782131095406613
2004-03-04,1154.8699951171875,1154.8699951171875,1154.969970703125,1149.81005859375,1151.030029296875,1265800000,0.0033361126317947853,0.33305601537497925
2004-03-05,1156.8599853515625,1156.8599853515625,1163.22998046875,1148.77001953125,1154.8699951171875,1398200000,0.0017231292204220594,0.17216463364896295
2004-03-08,1147.199951171875,1147.199951171875,1159.93994140625,1146.969970703125,1156.8599853515625,1254400000,-0.00835021895649013,-0.838527733463617
2004-03-09,1140.5799560546875,1140.5799560546875,1147.3199462890625,1136.8399658203125,1147.199951171875,1499400000,-0.005770567816382077,-0.5787281873593576
2004-03-10,1123.8900146484375,1123.8900146484375,1141.449951171875,1122.530029296875,1140.5799560546875,1648400000,-0.014632855257233457,-1.4740971479313583
2004-03-11,1106.780029296875,1106.780029296875,1125.9599609375,1105.8699951171875,1123.8900146484375,1889900000,-0.01522389658112111,-1.5340969821738988
2004-03-12,1120.5699462890625,1120.5699462890625,1120.6300048828125,1106.780029296875,1106.780029296875,1388500000,0.012459492064514466,1.23825113607057
2004-03-15,1104.489990234375,1104.489990234375,1120.5699462890625,1103.3599853515625,1120.5699462890625,1600600000,-0.014349801284550545,-1.4453755361638922
2004-03-16,1110.699951171875,1110.699951171875,1113.760009765625,1102.6099853515625,1104.489990234375,1500700000,0.005622469187051893,0.5606722104589951
2004-03-17,1123.75,1123.75,1125.760009765625,1110.699951171875,1110.699951171875,1490100000,0.011749391736585624,1.1680903574334842
2004-03-18,1122.3199462890625,1122.3199462890625,1125.5,1113.25,1123.75,1369200000,-0.0012725728239710854,-0.12733832323760097
2004-03-19,1109.780029296875,1109.780029296875,1122.719970703125,1109.68994140625,1122.3199462890625,1457400000,-0.011173210485700302,-1.1236099690318035
2004-03-22,1095.4000244140625,1095.4000244140625,1109.780029296875,1089.5400390625,1109.780029296875,1452300000,-0.012957527170427863,-1.3042208225709502
2004-03-23,1093.949951171875,1093.949951171875,1101.52001953125,1091.5699462890625,1095.4000244140625,1458200000,-0.0013237841974333975,-0.13246611737711353
2004-03-24,1091.3299560546875,1091.3299560546875,1098.3199462890625,1087.1600341796875,1093.949951171875,1527800000,-0.0023949862737147054,-0.23978588407626691
2004-03-25,1109.18994140625,1109.18994140625,1110.3800048828125,1091.3299560546875,1091.3299560546875,1471700000,0.016365339604649698,1.62328707457067
2004-03-26,1108.06005859375,1108.06005859375,1115.27001953125,1106.1300048828125,1109.18994140625,1319100000,-0.0010186558409170932,-0.10191750233869933
2004-03-29,1122.469970703125,1122.469970703125,1124.3699951171875,1108.06005859375,1108.06005859375,1405500000,0.01300463092917803,1.2920796755779218
2004-03-30,1127.0,1127.0,1127.5999755859375,1119.6600341796875,1122.469970703125,1332400000,0.0040357688090642,0.4027646938784567
2004-03-31,1126.2099609375,1126.2099609375,1130.8299560546875,1121.4599609375,1127.0,1560700000,-0.0007010107031942825,-0.07012565260869785
2004-04-01,1132.1700439453125,1132.1700439453125,1135.6700439453125,1126.199951171875,1126.2099609375,1560700000,0.005292159734452184,0.5278205467613143
2004-04-02,1141.81005859375,1141.81005859375,1144.81005859375,1132.1700439453125,1132.1700439453125,1629200000,0.008514634970242296,0.8478589928296738
2004-04-05,1150.5699462890625,1150.5699462890625,1150.5699462890625,1141.6400146484375,1141.81005859375,1413700000,0.007671930746608657,0.7642651144618704
2004-04-06,1148.1600341796875,1148.1600341796875,1150.5699462890625,1143.300048828125,1150.5699462890625,1397700000,-0.0020945376829524243,-0.2096734294798575
2004-04-07,1140.530029296875,1140.530029296875,1148.1600341796875,1138.4100341796875,1148.1600341796875,1458800000,-0.006645419328032753,-0.6667598441336015
2004-04-08,1139.3199462890625,1139.3199462890625,1148.969970703125,1134.52001953125,1140.530029296875,1199800000,-0.001060983031335394,-0.10615462722597378
2004-04-12,1145.199951171875,1145.199951171875,1147.2900390625,1139.3199462890625,1139.3199462890625,1102400000,0.005160977741120565,0.5147705540932425
2004-04-13,1129.43994140625,1129.43994140625,1147.780029296875,1127.699951171875,1145.199951171875,1423200000,-0.013761797448120672,-1.3857368818181142
2004-04-14,1128.1700439453125,1128.1700439453125,1132.52001953125,1122.1500244140625,1129.43994140625,1547700000,-0.0011243603261952284,-0.11249928934669387
2004-04-15,1128.8399658203125,1128.8399658203125,1134.0799560546875,1120.75,1128.1700439453125,1568700000,0.0005938128552476218,0.05936366181585412
2004-04-16,1134.6099853515625,1134.6099853515625,1136.800048828125,1126.9000244140625,1128.8399658203125,1487800000,0.005111459290916498,0.5098440128641153
2004-04-19,1135.8199462890625,1135.8199462890625,1136.1800537109375,1129.8399658203125,1134.56005859375,1194900000,0.001066411324702976,0.10658431120759565
2004-04-20,1118.1500244140625,1118.1500244140625,1139.260009765625,1118.0899658203125,1135.8199462890625,1508500000,-0.015556974441883087,-1.5679254026921736
2004-04-21,1124.0899658203125,1124.0899658203125,1125.719970703125,1116.030029296875,1118.1500244140625,1738100000,0.005312293767880227,0.5298233308886093
2004-04-22,1139.9300537109375,1139.9300537109375,1142.77001953125,1121.949951171875,1124.0899658203125,1826700000,0.014091476992293517,1.3993115096298265
2004-04-23,1140.5999755859375,1140.5999755859375,1141.9200439453125,1134.81005859375,1139.9300537109375,1396100000,0.0005876868258882784,0.05875142056134136
2004-04-26,1135.530029296875,1135.530029296875,1145.0799560546875,1132.9100341796875,1140.5999755859375,1290600000,-0.004444981937210768,-0.4454890241813623
2004-04-27,1138.1099853515625,1138.1099853515625,1146.56005859375,1135.530029296875,1135.530029296875,1518000000,0.00227202802931159,0.2269450876466077
2004-04-28,1122.4100341796875,1122.4100341796875,1138.1099853515625,1121.699951171875,1138.1099853515625,1855600000,-0.013794757425861004,-1.3890789272212254
2004-04-29,1113.8900146484375,1113.8900146484375,1128.800048828125,1108.0400390625,1122.4100341796875,1859000000,-0.0075908262326582765,-0.7619783185308593
2004-04-30,1107.300048828125,1107.300048828125,1119.260009765625,1107.22998046875,1113.8900146484375,1634700000,-0.005916172812081788,-0.5933742694365864
2004-05-03,1117.489990234375,1117.489990234375,1118.719970703125,1107.300048828125,1107.300048828125,1571600000,0.009202511475578934,0.916042636230619
2004-05-04,1119.550048828125,1119.550048828125,1127.739990234375,1112.8900146484375,1117.489990234375,1662100000,0.0018434693927933399,0.18417722884787338
2004-05-05,1121.530029296875,1121.530029296875,1125.0699462890625,1117.9000244140625,1119.550048828125,1469000000,0.0017685502053459423,0.17669881618619046
2004-05-06,1113.989990234375,1113.989990234375,1121.530029296875,1106.300048828125,1121.530029296875,1509300000,-0.006722993469222671,-0.6745694593364456
2004-05-07,1098.699951171875,1098.699951171875,1117.300048828125,1098.6300048828125,1113.989990234375,1653600000,-0.013725472577435949,-1.382053775480007
2004-05-10,1087.1199951171875,1087.1199951171875,1098.699951171875,1079.6300048828125,1098.699951171875,1918400000,-0.010539689241213068,-1.059562514437771
2004-05-11,1095.449951171875,1095.449951171875,1095.68994140625,1087.1199951171875,1087.1199951171875,1533800000,0.007662407178693709,0.763320003992029
2004-05-12,1097.280029296875,1097.280029296875,1097.550048828125,1076.3199462890625,1095.449951171875,1697600000,0.0016706177430034774,0.16692238134482154
2004-05-13,1096.43994140625,1096.43994140625,1102.77001953125,1091.760009765625,1097.280029296875,1411100000,-0.0007656093870251901,-0.07659026155671762
2004-05-14,1095.699951171875,1095.699951171875,1102.0999755859375,1088.239990234375,1096.43994140625,1335900000,-0.0006749026612674625,-0.06751305105917335
2004-05-17,1084.0999755859375,1084.0999755859375,1095.699951171875,1079.3599853515625,1095.699951171875,1430100000,-0.010586817653437941,-1.0643256700814219
2004-05-18,1091.489990234375,1091.489990234375,1094.0999755859375,1084.0999755859375,1084.0999755859375,1353000000,0.0068167279908324385,0.6793599149768805
2004-05-19,1088.6800537109375,1088.6800537109375,1105.9300537109375,1088.489990234375,1091.489990234375,1548600000,-0.002574404299240607,-0.2577723776329879
2004-05-20,1089.18994140625,1089.18994140625,1092.6199951171875,1085.4300537109375,1088.6800537109375,1211000000,0.00046835403438727496,0.04682443908698315
2004-05-21,1093.56005859375,1093.56005859375,1099.6400146484375,1089.18994140625,1089.18994140625,1258600000,0.004012263629480151,0.4004235965336309
2004-05-24,1095.4100341796875,1095.4100341796875,1101.280029296875,1091.77001953125,1093.56005859375,1227500000,0.001691700031835941,0.16902707190889865
2004-05-25,1113.050048828125,1113.050048828125,1113.800048828125,1090.739990234375,1095.4100341796875,1545700000,0.01610357226793835,1.597528516923898
2004-05-26,1114.93994140625,1114.93994140625,1116.7099609375,1109.9100341796875,1113.050048828125,1369400000,0.0016979403398029724,0.16965004687505592
2004-05-27,1121.280029296875,1121.280029296875,1123.949951171875,1114.8599853515625,1114.93994140625,1447500000,0.005686483778335472,0.5670376762131064
2004-05-28,1120.6800537109375,1120.6800537109375,1122.68994140625,1118.0999755859375,1121.280029296875,1172600000,-0.0005350809523592126,-0.05352241592591362
2004-06-01,1121.199951171875,1121.199951171875,1122.699951171875,1113.3199462890625,1120.6800537109375,1238000000,0.00046391247815646963,0.046380490403147505
2004-06-02,1124.989990234375,1124.989990234375,1128.0999755859375,1118.6400146484375,1121.199951171875,1251700000,0.0033803418012448017,0.33746412887397126
2004-06-03,1116.6400146484375,1116.6400146484375,1125.31005859375,1116.5699462890625,1124.989990234375,1232400000,-0.0074222665609654515,-0.744994864233399
2004-06-04,1122.5,1122.5,1129.1700439453125,1116.6400146484375,1116.6400146484375,1115300000,0.005247873329532693,0.5234151229250962
2004-06-07,1140.4200439453125,1140.4200439453125,1140.5400390625,1122.5,1122.5,1211800000,0.015964404405623522,1.5838313508713902
2004-06-08,1142.1800537109375,1142.1800537109375,1142.1800537109375,1135.449951171875,1140.4200439453125,1190300000,0.0015432995719157905,0.15421099089783663
2004-06-09,1131.3299560546875,1131.3299560546875,1142.1800537109375,1131.1700439453125,1142.1800537109375,1276800000,-0.00949946343485697,-0.9544871132276814
2004-06-10,1136.469970703125,1136.469970703125,1136.469970703125,1131.3299560546875,1131.3299560546875,1160600000,0.004543338237380734,0.4533048431152937
2004-06-14,1125.2900390625,1125.2900390625,1136.469970703125,1122.1600341796875,1136.469970703125,1179400000,-0.009837419314923102,-0.9886126422388992
2004-06-15,1132.010009765625,1132.010009765625,1137.3599853515625,1125.2900390625,1125.2900390625,1345900000,0.005971767695307717,0.5954007362582969
2004-06-16,1133.56005859375,1133.56005859375,1135.280029296875,1130.550048828125,1132.010009765625,1168400000,0.0013692889769110206,0.13683523556658156
2004-06-17,1132.050048828125,1132.050048828125,1133.56005859375,1126.8900146484375,1133.56005859375,1296700000,-0.0013320950700206335,-0.1332983097370596
2004-06-18,1135.02001953125,1135.02001953125,1138.9599609375,1129.8299560546875,1132.050048828125,1500600000,0.002623533037430237,0.26200975820063643
2004-06-21,1130.300048828125,1130.300048828125,1138.050048828125,1129.6400146484375,1135.02001953125,1123900000,-0.004158491147208343,-0.41671617175275477
2004-06-22,1134.4100341796875,1134.4100341796875,1135.050048828125,1124.3699951171875,1130.300048828125,1382300000,0.003636189661164524,0.36295947057094957
2004-06-23,1144.06005859375,1144.06005859375,1145.1500244140625,1131.72998046875,1134.4100341796875,1444200000,0.008506645854063244,0.8470668230836185
2004-06-24,1140.6500244140625,1140.6500244140625,1146.3399658203125,1139.93994140625,1144.06005859375,1394900000,-0.0029806426280444276,-0.2985093589967401
2004-06-25,1134.4300537109375,1134.4300537109375,1145.969970703125,1134.239990234375,1140.6500244140625,1812900000,-0.005453005365357422,-0.5467927269987727
2004-06-28,1133.3499755859375,1133.3499755859375,1142.5999755859375,1131.719970703125,1134.4300537109375,1354600000,-0.0009520887792657806,-0.09525423036741003
2004-06-29,1136.199951171875,1136.199951171875,1138.260009765625,1131.81005859375,1133.3499755859375,1375000000,0.0025146474145940623,0.2511490979224847
2004-06-30,1140.8399658203125,1140.8399658203125,1144.199951171875,1133.6199951171875,1136.199951171875,1473800000,0.004083801133464071,0.4075485050745605
2004-07-01,1128.93994140625,1128.93994140625,1140.8399658203125,1123.06005859375,1140.8399658203125,1495700000,-0.010430932269721027,-1.0485715738500614
2004-07-02,1125.3800048828125,1125.3800048828125,1129.1500244140625,1123.260009765625,1128.93994140625,1085000000,-0.003153344471985897,-0.3158326739292393
2004-07-06,1116.2099609375,1116.2099609375,1125.3800048828125,1113.2099609375,1125.3800048828125,1283300000,-0.008148397790546658,-0.8181777434566554
2004-07-07,1118.3299560546875,1118.3299560546875,1122.3699951171875,1114.9200439453125,1116.2099609375,1328600000,0.001899279876885318,0.1897478525346468
2004-07-08,1109.1099853515625,1109.1099853515625,1119.1199951171875,1108.719970703125,1118.3299560546875,1401100000,-0.008244410026940319,-0.8278583129612459
2004-07-09,1112.81005859375,1112.81005859375,1115.5699462890625,1109.1099853515625,1109.1099853515625,1186300000,0.003336074231641284,0.3330521881276837
2004-07-12,1114.3499755859375,1114.3499755859375,1116.1099853515625,1106.7099609375,1112.81005859375,1114600000,0.001383809375459455,0.1382852793648545
2004-07-13,1115.1400146484375,1115.1400146484375,1116.300048828125,1112.989990234375,1114.3499755859375,1199700000,0.0007089685285670555,0.07087173291011381
2004-07-14,1111.469970703125,1111.469970703125,1119.5999755859375,1107.8299560546875,1115.1400146484375,1462000000,-0.003291105957191842,-0.329653355821438
2004-07-15,1106.68994140625,1106.68994140625,1114.6300048828125,1106.6700439453125,1111.469970703125,1408700000,-0.0043006373747112026,-0.4309911715561727
2004-07-16,1101.3900146484375,1101.3900146484375,1112.1700439453125,1101.0699462890625,1106.68994140625,1450300000,-0.004788989724690218,-0.4800493678889253
2004-07-19,1100.9000244140625,1100.9000244140625,1105.52001953125,1096.550048828125,1101.3900146484375,1319900000,-0.00044488349073279476,-0.04449824807533974
2004-07-20,1108.6700439453125,1108.6700439453125,1108.8800048828125,1099.0999755859375,1100.9000244140625,1445800000,0.007057879334125161,0.7033089079845094
2004-07-21,1093.8800048828125,1093.8800048828125,1116.27001953125,1093.8800048828125,1108.6700439453125,1679500000,-0.013340343362997498,-1.3430125117174374
2004-07-22,1096.8399658203125,1096.8399658203125,1099.6600341796875,1084.1600341796875,1093.8800048828125,1680800000,0.002705928369005184,0.2702273935774714
2004-07-23,1086.199951171875,1086.199951171875,1096.8399658203125,1083.56005859375,1096.8399658203125,1337500000,-0.00970060809233908,-0.9747965503679163
2004-07-26,1084.0699462890625,1084.0699462890625,1089.8199462890625,1078.780029296875,1086.199951171875,1413400000,-0.0019609694149907986,-0.19628946327879299
2004-07-27,1094.8299560546875,1094.8299560546875,1096.6500244140625,1084.0699462890625,1084.0699462890625,1610800000,0.009925567812721026,0.9876632902611159
2004-07-28,1095.4200439453125,1095.4200439453125,1098.8399658203125,1082.1700439453125,1094.8299560546875,1554300000,0.0005389767491852382,0.05388315533862543
2004-07-29,1100.4300537109375,1100.4300537109375,1103.510009765625,1095.4200439453125,1095.4200439453125,1530100000,0.004573596944219327,0.4563169830570782
2004-07-30,1101.719970703125,1101.719970703125,1103.72998046875,1096.9599609375,1100.4300537109375,1298200000,0.0011721935327353439,0.1171507050304058
2004-08-02,1106.6199951171875,1106.6199951171875,1108.5999755859375,1097.3399658203125,1101.719970703125,1276000000,0.0044476133176885035,0.44377519145702443
2004-08-03,1099.68994140625,1099.68994140625,1106.6199951171875,1099.260009765625,1106.6199951171875,1338300000,-0.0062623608298381095,-0.6282051661861334
2004-08-04,1098.6300048828125,1098.6300048828125,1102.449951171875,1092.4000244140625,1099.68994140625,1369200000,-0.0009638503395621445,-0.0964315141991336
2004-08-05,1080.699951171875,1080.699951171875,1098.7900390625,1079.97998046875,1098.6300048828125,1397400000,-0.0163203750409584,-1.6455019335206773
2004-08-06,1063.969970703125,1063.969970703125,1080.699951171875,1062.22998046875,1080.699951171875,1521000000,-0.015480689575870343,-1.5601766647242776
2004-08-09,1065.219970703125,1065.219970703125,1069.4599609375,1063.969970703125,1063.969970703125,1086000000,0.0011748451877584554,0.11741555972061049
2004-08-10,1079.0400390625,1079.0400390625,1079.0400390625,1065.219970703125,1065.219970703125,1245600000,0.012973910309109993,1.2890470057401044
2004-08-11,1075.7900390625,1075.7900390625,1079.0400390625,1065.9200439453125,1079.0400390625,1410400000,-0.0030119364271447013,-0.3016481436145039
2004-08-12,1063.22998046875,1063.22998046875,1075.7900390625,1062.8199462890625,1075.7900390625,1405100000,-0.011675195100984137,-1.174388536288709
2004-08-13,1064.800048828125,1064.800048828125,1067.5799560546875,1060.719970703125,1063.22998046875,1175100000,0.001476696846605785,0.14756076020082515
2004-08-16,1079.3399658203125,1079.3399658203125,1080.6600341796875,1064.800048828125,1064.800048828125,1206200000,0.013655067923963315,1.3562677597921216
2004-08-17,1081.7099609375,1081.7099609375,1086.780029296875,1079.3399658203125,1079.3399658203125,1267800000,0.00219578185950553,0.21933746536734913
2004-08-18,1095.1700439453125,1095.1700439453125,1095.1700439453125,1078.9300537109375,1081.7099609375,1282500000,0.012443338319771735,1.2366556279305563
2004-08-19,1091.22998046875,1091.22998046875,1095.1700439453125,1086.280029296875,1095.1700439453125,1249400000,-0.0035976727982519607,-0.36041599868953916
2004-08-20,1098.3499755859375,1098.3499755859375,1100.260009765625,1089.5699462890625,1091.22998046875,1199900000,0.006524742945688722,0.6503548950728367
2004-08-23,1095.6800537109375,1095.6800537109375,1101.4000244140625,1094.72998046875,1098.3499755859375,1021900000,-0.0024308480305429425,-0.24338073383411685
2004-08-24,1096.18994140625,1096.18994140625,1100.93994140625,1092.8199462890625,1095.6800537109375,1092500000,0.000465361848639656,0.04652536013960276
2004-08-25,1104.9599609375,1104.9599609375,1106.2900390625,1093.239990234375,1096.18994140625,1192200000,0.008000456125331068,0.7968622154363251
2004-08-26,1105.0899658203125,1105.0899658203125,1106.780029296875,1102.4599609375,1104.9599609375,1023600000,0.00011765574084887653,0.011764881995504912
2004-08-27,1107.77001953125,1107.77001953125,1109.6800537109375,1104.6199951171875,1105.0899658203125,845400000,0.0024251905218848346,0.24222544933453888
2004-08-30,1099.1500244140625,1099.1500244140625,1107.77001953125,1099.1500244140625,1107.77001953125,843100000,-0.007781394120807694,-0.7811827145077261
2004-08-31,1104.239990234375,1104.239990234375,1104.239990234375,1094.719970703125,1099.1500244140625,1138200000,0.004630819912892159,0.462013065367888
2004-09-01,1105.9100341796875,1105.9100341796875,1109.239990234375,1099.1800537109375,1104.239990234375,1142100000,0.0015123921974227184,0.1511249684150345
2004-09-02,1118.31005859375,1118.31005859375,1119.1099853515625,1105.5999755859375,1105.9100341796875,1118400000,0.011212507374761538,1.1150113177674372
2004-09-03,1113.6300048828125,1113.6300048828125,1120.800048828125,1113.5699462890625,1118.31005859375,924170000,-0.004184933932207091,-0.41937152763421304
2004-09-07,1121.300048828125,1121.300048828125,1124.0799560546875,1113.6300048828125,1113.6300048828125,1214400000,0.006887425726392449,0.6863815755776745
2004-09-08,1116.27001953125,1116.27001953125,1123.050048828125,1116.27001953125,1121.300048828125,1246300000,-0.00448589055367643,-0.4495982352485438
2004-09-09,1118.3800048828125,1118.3800048828125,1121.300048828125,1113.6199951171875,1116.27001953125,1371300000,0.0018902105356628507,0.18884263357168454
2004-09-10,1123.9200439453125,1123.9200439453125,1125.260009765625,1114.3900146484375,1118.3800048828125,1261200000,0.004953628496854767,0.49413996473701693
2004-09-13,1125.8199462890625,1125.8199462890625,1129.780029296875,1123.3499755859375,1123.9200439453125,1299800000,0.0016904248251332632,0.168899766519991
2004-09-14,1128.3299560546875,1128.3299560546875,1129.4599609375,1124.719970703125,1125.8199462890625,1204500000,0.002229494844089963,0.22270132083050267
2004-09-15,1120.3699951171875,1120.3699951171875,1128.3299560546875,1119.8199462890625,1128.3299560546875,1256000000,-0.007054639376351202,-0.7079640999058967
2004-09-16,1123.5,1123.5,1126.06005859375,1120.3699951171875,1120.3699951171875,1113900000,0.002793724302198042,0.2789829107506611
2004-09-17,1128.550048828125,1128.550048828125,1130.1400146484375,1123.5,1123.5,1422600000,0.004494925525700966,0.448485351862951
2004-09-20,1122.199951171875,1122.199951171875,1128.550048828125,1120.3399658203125,1128.550048828125,1197600000,-0.0056267754033982875,-0.5642665338214696
2004-09-21,1129.300048828125,1129.300048828125,1131.5400390625,1122.199951171875,1122.199951171875,1325000000,0.006326945255019423,0.63070141613393
2004-09-22,1113.56005859375,1113.56005859375,1129.300048828125,1112.6700439453125,1129.300048828125,1379900000,-0.013937828348372427,-1.403587195393221
2004-09-23,1108.3599853515625,1108.3599853515625,1113.6099853515625,1108.050048828125,1113.56005859375,1286300000,-0.0046697734909371125,-0.4680710946743261
2004-09-24,1110.1099853515625,1110.1099853515625,1113.81005859375,1108.3599853515625,1108.3599853515625,1255400000,0.001578909400491213,0.157766423354196
2004-09-27,1103.52001953125,1103.52001953125,1110.1099853515625,1103.239990234375,1110.1099853515625,1263500000,-0.005936317939006286,-0.5954007917978772
2004-09-28,1110.06005859375,1110.06005859375,1111.77001953125,1101.2900390625,1103.52001953125,1396600000,0.005926525071360267,0.5909032301847805
2004-09-29,1114.800048828125,1114.800048828125,1114.800048828125,1107.4200439453125,1110.06005859375,1402900000,0.0042700304345510975,0.42609397238152247
2004-09-30,1114.5799560546875,1114.5799560546875,1116.31005859375,1109.6800537109375,1114.800048828125,1748000000,-0.0001974280263701278,-0.019744751784841093
2004-10-01,1131.5,1131.5,1131.6400146484375,1114.5799560546875,1114.5799560546875,1582200000,0.015180646173832857,1.5066573183751386
2004-10-04,1135.1700439453125,1135.1700439453125,1140.1300048828125,1131.5,1131.5,1534000000,0.0032435209415047073,0.3238272074267087
2004-10-05,1134.47998046875,1134.47998046875,1137.8699951171875,1132.030029296875,1135.1700439453125,1418400000,-0.0006078943681108173,-0.060807921080589265
2004-10-06,1142.050048828125,1142.050048828125,1142.050048828125,1132.93994140625,1134.47998046875,1416700000,0.00667272097322269,0.6650556912393899
2004-10-07,1130.6500244140625,1130.6500244140625,1142.050048828125,1130.5,1142.050048828125,1447500000,-0.00998207077330826,-1.0032225687499832
2004-10-08,1122.1400146484375,1122.1400146484375,1132.9200439453125,1120.18994140625,1130.6500244140625,1291600000,-0.0075266524405155355,-0.7555120625710654
2004-10-11,1124.3900146484375,1124.3900146484375,1126.199951171875,1122.1400146484375,1122.1400146484375,943800000,0.002005097377001386,0.20030898523294782
2004-10-12,1121.8399658203125,1121.8399658203125,1124.3900146484375,1115.77001953125,1124.3900146484375,1320100000,-0.0022679397672544788,-0.22705154376956033
2004-10-13,1113.6500244140625,1113.6500244140625,1127.010009765625,1109.6300048828125,1121.8399658203125,1546200000,-0.007300454303445503,-0.7327233030814119
2004-10-14,1103.2900390625,1103.2900390625,1114.9599609375,1102.06005859375,1113.6500244140625,1489500000,-0.00930272987423797,-0.93462705073405
2004-10-15,1108.199951171875,1108.199951171875,1113.1700439453125,1102.1400146484375,1103.2900390625,1645100000,0.004450246023744775,0.44403729597807123
2004-10-18,1114.02001953125,1114.02001953125,1114.4599609375,1103.3299560546875,1108.199951171875,1373300000,0.005251821526630174,0.5238078807163645
2004-10-19,1103.22998046875,1103.22998046875,1117.9599609375,1103.1500244140625,1114.02001953125,1737500000,-0.009685677881300703,-0.9732889155441314
2004-10-20,1103.6600341796875,1103.6600341796875,1104.0899658203125,1094.25,1103.22998046875,1685700000,0.00038981329237874895,0.0389737334916136
2004-10-21,1106.489990234375,1106.489990234375,1108.8699951171875,1098.469970703125,1103.6600341796875,1673000000,0.0025641555977795605,0.25608737597132547
2004-10-22,1095.739990234375,1095.739990234375,1108.1400146484375,1095.469970703125,1106.489990234375,1469600000,-0.009715406460859999,-0.9762908943220158
2004-10-25,1094.800048828125,1094.800048828125,1096.81005859375,1090.2900390625,1095.739990234375,1380500000,-0.0008578142758566276,-0.08581824090642295
2004-10-26,1111.0899658203125,1111.0899658203125,1111.0999755859375,1094.81005859375,1094.81005859375,1685400000,0.01487935354919312,1.4769741930593296
2004-10-27,1125.4000244140625,1125.4000244140625,1126.2900390625,1107.4300537109375,1111.0899658203125,1741900000,0.012879297837223191,1.2797064995696539
2004-10-28,1127.43994140625,1127.43994140625,1130.6700439453125,1120.5999755859375,1125.3399658203125,1628200000,0.0018126150239330396,0.1810974219785502
2004-10-29,1130.199951171875,1130.199951171875,1131.4000244140625,1124.6199951171875,1127.43994140625,1500800000,0.0024480326306184352,0.24450410800191053
2004-11-01,1130.510009765625,1130.510009765625,1133.4100341796875,1127.5999755859375,1130.199951171875,1395900000,0.00027433959223621684,0.027430196801133507
2004-11-02,1130.56005859375,1130.56005859375,1140.47998046875,1128.1199951171875,1130.510009765625,1659000000,4.427101723347704e-05,0.0044270037300915225
2004-11-03,1143.199951171875,1143.199951171875,1147.5699462890625,1130.5400390625,1130.5400390625,1767500000,0.011180204432347685,1.1118167905890102
2004-11-04,1161.6700439453125,1161.6700439453125,1161.6700439453125,1142.3399658203125,1143.199951171875,1782700000,0.016156484921560743,1.6027357888423872
2004-11-05,1166.1700439453125,1166.1700439453125,1170.8699951171875,1160.6600341796875,1161.6700439453125,1724400000,0.0038737333578102717,0.3866249772795957
2004-11-08,1164.8900146484375,1164.8900146484375,1166.77001953125,1162.3199462890625,1166.1700439453125,1358700000,-0.001097635206392833,-0.10982380490906095
2004-11-09,1164.0799560546875,1164.0799560546875,1168.9599609375,1162.47998046875,1164.8900146484375,1450800000,-0.0006953949158835515,-0.06956368150782177
2004-11-10,1162.9100341796875,1162.9100341796875,1169.25,1162.510009765625,1164.0799560546875,1504300000,-0.0010050184859853317,-0.10055238556962261
2004-11-11,1173.47998046875,1173.47998046875,1174.800048828125,1162.9100341796875,1162.9100341796875,1393000000,0.009089220987346991,0.9048162623096715
2004-11-12,1184.1700439453125,1184.1700439453125,1184.1700439453125,1171.4300537109375,1173.47998046875,1531600000,0.009109710991654252,0.9068467860586732
2004-11-15,1183.81005859375,1183.81005859375,1184.47998046875,1179.8499755859375,1184.1700439453125,1453300000,-0.0003039980224149863,-0.03040442391805766
2004-11-16,1175.4300537109375,1175.4300537109375,1183.81005859375,1175.3199462890625,1183.81005859375,1364400000,-0.007078842439273703,-0.7104016316032263
2004-11-17,1181.93994140625,1181.93994140625,1188.4599609375,1175.4300537109375,1175.4300537109375,1684200000,0.005538302917098559,0.5523022908414389
2004-11-18,1183.550048828125,1183.550048828125,1184.9000244140625,1180.1500244140625,1181.93994140625,1456700000,0.0013622582378927106,0.13613312059484545
2004-11-19,1170.3399658203125,1170.3399658203125,1184.0,1169.18994140625,1183.550048828125,1526600000,-0.011161406330803092,-1.122416222607588
2004-11-22,1177.239990234375,1177.239990234375,1178.1800537109375,1167.8900146484375,1170.3399658203125,1392700000,0.0058957436433662025,0.587843175777874
2004-11-23,1176.93994140625,1176.93994140625,1179.52001953125,1171.4100341796875,1177.239990234375,1428300000,-0.0002548748178909932,-0.025490730399743495
2004-11-24,1181.760009765625,1181.760009765625,1182.4599609375,1176.93994140625,1176.93994140625,1149600000,0.004095424235170286,0.4087060812071601
2004-11-26,1182.6500244140625,1182.6500244140625,1186.6199951171875,1181.0799560546875,1181.760009765625,504580000,0.0007531263886768613,0.07528429313087548
2004-11-29,1178.5699462890625,1178.5699462890625,1186.93994140625,1172.3699951171875,1182.6500244140625,1378500000,-0.003449945495939466,-0.3455910280641383
2004-11-30,1173.8199462890625,1173.8199462890625,1178.6600341796875,1173.81005859375,1178.5699462890625,1553500000,-0.00403030809919791,-0.4038451679006934
2004-12-01,1191.3699951171875,1191.3699951171875,1191.3699951171875,1173.780029296875,1173.780029296875,1772800000,0.014951227301604586,1.4840559419618788
2004-12-02,1190.3299560546875,1190.3299560546875,1194.800048828125,1186.719970703125,1191.3699951171875,1774900000,-0.0008729773846601896,-0.0873358651324854
2004-12-03,1191.1700439453125,1191.1700439453125,1197.4599609375,1187.7099609375,1190.3299560546875,1566700000,0.000705760521569454,0.07055115897298418
2004-12-06,1190.25,1190.25,1192.4100341796875,1185.1800537109375,1191.1700439453125,1354400000,-0.0007723867385592831,-0.07726851828824213
2004-12-07,1177.0699462890625,1177.0699462890625,1192.1700439453125,1177.0699462890625,1190.25,1533900000,-0.011073349053507653,-1.1135114976819827
2004-12-08,1182.81005859375,1182.81005859375,1184.050048828125,1177.0699462890625,1177.0699462890625,1525200000,0.004876611048293622,0.4864758897237687
2004-12-09,1189.239990234375,1189.239990234375,1190.510009765625,1173.7900390625,1182.81005859375,1624700000,0.005436148935247909,0.5421426409419167
2004-12-10,1188.0,1188.0,1191.449951171875,1185.239990234375,1189.239990234375,1443700000,-0.0010426745186483677,-0.104321848187489
2004-12-13,1198.6800537109375,1198.6800537109375,1198.739990234375,1188.0,1188.0,1436100000,0.008989944201125866,0.8949775217871275
2004-12-14,1203.3800048828125,1203.3800048828125,1205.2900390625,1197.8399658203125,1198.6800537109375,1544400000,0.003920938833781973,0.39132719874020677
2004-12-15,1205.719970703125,1205.719970703125,1206.6099853515625,1199.43994140625,1203.3800048828125,1695800000,0.0019444945161277705,0.19426064338470414
2004-12-16,1203.2099609375,1203.2099609375,1207.969970703125,1198.4100341796875,1205.719970703125,1793900000,-0.00208175183841508,-0.20839216956993764
2004-12-17,1194.199951171875,1194.199951171875,1203.2099609375,1193.489990234375,1203.2099609375,2335000000,-0.007488310484568106,-0.751648864084824
2004-12-20,1194.6500244140625,1194.6500244140625,1203.4300537109375,1193.3599853515625,1194.199951171875,1422800000,0.0003768826499663813,0.037681164753962014
2004-12-21,1205.449951171875,1205.449951171875,1205.9300537109375,1194.6500244140625,1194.6500244140625,1483700000,0.00904024319851282,0.8999624816466412
2004-12-22,1209.5699462890625,1209.5699462890625,1211.4200439453125,1203.8499755859375,1205.449951171875,1390800000,0.0034178068638870407,0.34119794362474853
2004-12-23,1210.1300048828125,1210.1300048828125,1213.6600341796875,1208.7099609375,1209.5699462890625,956100000,0.0004630229078261827,0.046291574579730356
2004-12-27,1204.9200439453125,1204.9200439453125,1214.1300048828125,1204.9200439453125,1210.1300048828125,922000000,-0.004305290271688245,-0.43145847203091525
2004-12-28,1213.5400390625,1213.5400390625,1213.5400390625,1204.9200439453125,1204.9200439453125,983000000,0.007153997612125984,0.7128529166534989
2004-12-29,1213.449951171875,1213.449951171875,1213.8499755859375,1210.949951171875,1213.5400390625,925900000,-7.423561458641537e-05,-0.007423837018602848
2004-12-30,1213.550048828125,1213.550048828125,1216.469970703125,1213.4100341796875,1213.449951171875,829800000,8.249013991323828e-05,0.008248673778874002
2004-12-31,1211.9200439453125,1211.9200439453125,1217.3299560546875,1211.6500244140625,1213.550048828125,786900000,-0.0013431707117366187,-0.13440735740731075
2005-01-03,1202.0799560546875,1202.0799560546875,1217.800048828125,1200.3199462890625,1211.9200439453125,1510800000,-0.00811942003912347,-0.8152562047846815
2005-01-04,1188.050048828125,1188.050048828125,1205.8399658203125,1185.3900146484375,1202.0799560546875,1721000000,-0.0116713594265474,-1.1740004384716105
2005-01-05,1183.739990234375,1183.739990234375,1192.72998046875,1183.719970703125,1188.050048828125,1738900000,-0.003627842613197485,-0.36344391932794085
2005-01-06,1187.8900146484375,1187.8900146484375,1191.6300048828125,1183.27001953125,1183.739990234375,1569100000,0.003505858083953761,0.3499726889387917
2005-01-07,1186.18994140625,1186.18994140625,1192.199951171875,1182.1600341796875,1187.8900146484375,1477900000,-0.0014311705807971142,-0.14321956835941646
2005-01-10,1190.25,1190.25,1194.780029296875,1184.800048828125,1186.18994140625,1490400000,0.0034227727381810347,0.34169283837069675
2005-01-11,1182.989990234375,1182.989990234375,1190.25,1180.4300537109375,1190.25,1488800000,-0.006099567120878002,-0.6118245472381096
2005-01-12,1187.699951171875,1187.699951171875,1187.9200439453125,1175.6400146484375,1182.989990234375,1562100000,0.003981403880320977,0.39734990664496966
2005-01-13,1177.449951171875,1177.449951171875,1187.699951171875,1175.81005859375,1187.699951171875,1510300000,-0.008630125807352784,-0.8667580994090578
2005-01-14,1184.52001953125,1184.52001953125,1185.2099609375,1177.449951171875,1177.449951171875,1335400000,0.00600455955884871,0.5986604031937076
2005-01-18,1195.97998046875,1195.97998046875,1195.97998046875,1180.0999755859375,1184.52001953125,1596800000,0.009674771847279606,0.9628270925436201
2005-01-19,1184.6300048828125,1184.6300048828125,1195.97998046875,1184.4100341796875,1195.97998046875,1498700000,-0.009490104994474113,-0.9535422983762518
2005-01-20,1175.4100341796875,1175.4100341796875,1184.6300048828125,1173.4200439453125,1184.6300048828125,1692000000,-0.007782996095930472,-0.7813441684863667
2005-01-21,1167.8699951171875,1167.8699951171875,1179.449951171875,1167.8199462890625,1175.4100341796875,1643500000,-0.006414815973357024,-0.6435479320456572
2005-01-24,1163.75,1163.75,1173.030029296875,1163.75,1167.8699951171875,1494600000,-0.0035277857419173664,-0.3534023051619929
2005-01-25,1168.4100341796875,1168.4100341796875,1174.300048828125,1163.75,1163.75,1610400000,0.004004325825724964,0.3996329851615026
2005-01-26,1174.0699462890625,1174.0699462890625,1175.9599609375,1168.4100341796875,1168.4100341796875,1635900000,0.0048441146034394755,0.4832419632938723
2005-01-27,1174.550048828125,1174.550048828125,1177.5,1170.1500244140625,1174.0699462890625,1600600000,0.0004089215813589675,0.04088379957149897
2005-01-28,1171.3599853515625,1171.3599853515625,1175.6099853515625,1166.25,1174.550048828125,1641800000,-0.0027159876922616677,-0.2719682678708843
2005-01-31,1181.27001953125,1181.27001953125,1182.0699462890625,1171.3599853515625,1171.3599853515625,1679800000,0.008460280617075266,0.8424693022826933
2005-02-01,1189.4100341796875,1189.4100341796875,1190.3900146484375,1180.949951171875,1181.27001953125,1681980000,0.006890900906523889,0.686726715863026
2005-02-02,1193.18994140625,1193.18994140625,1195.25,1188.9200439453125,1189.4100341796875,1561740000,0.003177968167360712,0.317292909969953
2005-02-03,1189.8900146484375,1189.8900146484375,1193.18994140625,1185.6400146484375,1193.18994140625,1554460000,-0.002765634073250145,-0.2769465505019701
2005-02-04,1203.030029296875,1203.030029296875,1203.469970703125,1189.6700439453125,1189.8900146484375,1648160000,0.01104304976651127,1.0982520503199091
2005-02-07,1201.719970703125,1201.719970703125,1204.1500244140625,1199.27001953125,1203.030029296875,1347270000,-0.0010889658294861437,-0.10895591835757032
2005-02-08,1202.300048828125,1202.300048828125,1205.1099853515625,1200.1600341796875,1201.719970703125,1416170000,0.00048270656986804106,0.04825901045292931
2005-02-09,1191.989990234375,1191.989990234375,1203.8299560546875,1191.5400390625,1202.300048828125,1511040000,-0.00857527919407397,-0.8612258457473676
2005-02-10,1197.010009765625,1197.010009765625,1198.75,1191.5400390625,1191.989990234375,1491670000,0.004211461146802931,0.4202617764653276
2005-02-11,1205.300048828125,1205.300048828125,1208.3800048828125,1193.280029296875,1197.010009765625,1562300000,0.00692562217096504,0.6901750205170698
2005-02-14,1206.1400146484375,1206.1400146484375,1206.9300537109375,1203.5899658203125,1205.300048828125,1290180000,0.0006968935420927913,0.06966508245472663
2005-02-15,1210.1199951171875,1210.1199951171875,1212.43994140625,1205.52001953125,1206.1400146484375,1527080000,0.0032997665448568636,0.3294334262127831
2005-02-16,1210.3399658203125,1210.3399658203125,1212.43994140625,1205.06005859375,1210.1199951171875,1490100000,0.00018177594289214838,0.018175942364727842
2005-02-17,1200.75,1200.75,1211.3299560546875,1200.739990234375,1210.3399658203125,1580120000,-0.007923365410653749,-0.7954922070865406
2005-02-18,1201.5899658203125,1201.5899658203125,1202.9200439453125,1197.3499755859375,1200.75,1551200000,0.0006995343079845284,0.06992897479059688
2005-02-22,1184.1600341796875,1184.1600341796875,1202.47998046875,1184.1600341796875,1201.5899658203125,1744940000,-0.014505723363565037,-1.4611959979605211
2005-02-23,1190.800048828125,1190.800048828125,1193.52001953125,1184.1600341796875,1184.1600341796875,1501090000,0.005607362566527829,0.5591699832857658
2005-02-24,1200.199951171875,1200.199951171875,1200.4200439453125,1187.800048828125,1190.800048828125,1518750000,0.007893770539395328,0.7862777725995748
2005-02-25,1211.3699951171875,1211.3699951171875,1212.1500244140625,1199.6099853515625,1200.199951171875,1523680000,0.00930681919658971,0.9263777602271862
2005-02-28,1203.5999755859375,1203.5999755859375,1211.3699951171875,1198.1300048828125,1211.3699951171875,1795480000,-0.006414241365205964,-0.6434901002669486
2005-03-01,1210.4100341796875,1210.4100341796875,1212.25,1203.5999755859375,1203.5999755859375,1708060000,0.0056580747190815295,0.5642127938093622
2005-03-02,1210.0799560546875,1210.0799560546875,1215.7900390625,1204.219970703125,1210.4100341796875,1568540000,-0.00027269942885399523,-0.02727366181043891
2005-03-03,1210.469970703125,1210.469970703125,1215.719970703125,1204.449951171875,1210.0799560546875,1616240000,0.0003223048580269783,0.032225292897391546
2005-03-04,1222.1199951171875,1222.1199951171875,1224.760009765625,1210.469970703125,1210.469970703125,1636820000,0.009624381187494757,0.9578361866919957
2005-03-07,1225.31005859375,1225.31005859375,1229.1099853515625,1222.1199951171875,1222.1199951171875,1488830000,0.0026102702593100435,0.26068694206831494
2005-03-08,1219.4300537109375,1219.4300537109375,1225.68994140625,1218.5699462890625,1225.31005859375,1523090000,-0.004798789368921641,-0.4810340527826947
2005-03-09,1207.010009765625,1207.010009765625,1219.4300537109375,1206.6600341796875,1219.4300537109375,1704970000,-0.01018512206380029,-1.023734532231883
2005-03-10,1209.25,1209.25,1211.22998046875,1201.4100341796875,1207.010009765625,1604020000,0.0018558174466258848,0.18540975449818478
2005-03-11,1200.0799560546875,1200.0799560546875,1213.0400390625,1198.1500244140625,1209.25,1449820000,-0.007583249076131948,-0.7612148101110925
2005-03-14,1206.8299560546875,1206.8299560546875,1206.8299560546875,1199.510009765625,1200.0799560546875,1437430000,0.0056246252309646305,0.5608866091690017
2005-03-15,1197.75,1197.75,1210.5400390625,1197.75,1206.8299560546875,1513530000,-0.007523807317785902,-0.7552253930440114
2005-03-16,1188.0699462890625,1188.0699462890625,1197.75,1185.6099853515625,1197.75,1653190000,-0.00808186492251095,-0.8114700226148561
2005-03-17,1190.2099609375,1190.2099609375,1193.280029296875,1186.3399658203125,1188.0699462890625,1581930000,0.0018012530786775116,0.1799632767785662
2005-03-18,1189.6500244140625,1189.6500244140625,1191.97998046875,1182.780029296875,1190.2099609375,2344370000,-0.00047045188816641215,-0.04705625853757874
2005-03-21,1183.780029296875,1183.780029296875,1189.6500244140625,1178.8199462890625,1189.6500244140625,1819440000,-0.004934220146028734,-0.4946433602739591
2005-03-22,1171.7099609375,1171.7099609375,1189.5899658203125,1171.6300048828125,1183.780029296875,2114470000,-0.010196208806246054,-1.0248546209256062
2005-03-23,1172.530029296875,1172.530029296875,1176.260009765625,1168.699951171875,1171.7099609375,2246870000,0.0006998902345414226,0.06996454255908223
2005-03-24,1171.4200439453125,1171.4200439453125,1180.1099853515625,1171.4200439453125,1172.530029296875,1721720000,-0.0009466583574222476,-0.09471067214324451
2005-03-28,1174.280029296875,1174.280029296875,1179.9100341796875,1171.4200439453125,1171.4200439453125,1746220000,0.002441468682685466,0.2438493140166367
2005-03-29,1165.3599853515625,1165.3599853515625,1179.3900146484375,1163.68994140625,1174.280029296875,2223250000,-0.007596181253847534,-0.7625179181011431
2005-03-30,1181.4100341796875,1181.4100341796875,1181.5400390625,1165.3599853515625,1165.3599853515625,2097110000,0.013772610206178593,1.367862973137081
2005-03-31,1180.5899658203125,1180.5899658203125,1184.530029296875,1179.489990234375,1181.4100341796875,2214230000,-0.0006941437228814573,-0.06943847521812366
2005-04-01,1172.9200439453125,1172.9200439453125,1189.800048828125,1169.9100341796875,1180.5899658203125,2168690000,-0.006496685637735977,-0.6517880949263398
2005-04-04,1176.1199951171875,1176.1199951171875,1178.6099853515625,1167.719970703125,1172.7900390625,2079770000,0.002728192077877223,0.2724477316724463
2005-04-05,1181.3900146484375,1181.3900146484375,1183.56005859375,1176.1199951171875,1176.1199951171875,1870800000,0.004480851914030248,0.44708427855694205
2005-04-06,1184.0699462890625,1184.0699462890625,1189.3399658203125,1181.3900146484375,1181.3900146484375,1797400000,0.002268456316200096,0.22658872536414032
2005-04-07,1191.1400146484375,1191.1400146484375,1191.8800048828125,1183.81005859375,1184.0699462890625,1900620000,0.005970988776071051,0.5953233066958343
2005-04-08,1181.199951171875,1181.199951171875,1191.75,1181.1300048828125,1191.1400146484375,1661330000,-0.008345000045604456,-0.8380014491591885
2005-04-11,1181.2099609375,1181.2099609375,1184.0699462890625,1178.68994140625,1181.199951171875,1525310000,8.474234709510142e-06,0.0008474198803386037
2005-04-12,1187.760009765625,1187.760009765625,1190.1700439453125,1170.8499755859375,1181.2099609375,1979830000,0.005545202838389773,0.5529884802782767
2005-04-13,1173.7900390625,1173.7900390625,1187.760009765625,1171.4000244140625,1187.760009765625,2049740000,-0.011761610584853477,-1.183132550562878
2005-04-14,1162.050048828125,1162.050048828125,1174.6700439453125,1161.699951171875,1173.7900390625,2355040000,-0.010001780423824047,-1.0052134263021657
2005-04-15,1142.6199951171875,1142.6199951171875,1162.050048828125,1141.9200439453125,1162.050048828125,2689960000,-0.016720496445511768,-1.686186196276537
2005-04-18,1145.97998046875,1145.97998046875,1148.9200439453125,1139.800048828125,1142.6199951171875,2180670000,0.0029405973691347675,0.2936282269934283
2005-04-19,1152.780029296875,1152.780029296875,1154.6700439453125,1145.97998046875,1145.97998046875,2142700000,0.00593382863926073,0.5916292813629376
2005-04-20,1137.5,1137.5,1155.5,1136.1500244140625,1152.780029296875,2217050000,-0.0132549392846395,-1.3343570060666856
2005-04-21,1159.949951171875,1159.949951171875,1159.949951171875,1137.5,1137.5,2308560000,0.019736220810439464,1.9543986803022038
2005-04-22,1152.1199951171875,1152.1199951171875,1159.949951171875,1142.949951171875,1159.949951171875,2045880000,-0.006750253359446234,-0.6773139368705897
2005-04-25,1162.0999755859375,1162.0999755859375,1164.050048828125,1152.1199951171875,1152.1199951171875,1795030000,0.008662275206615888,0.8624972960833317
2005-04-26,1151.8299560546875,1151.8299560546875,1164.800048828125,1151.8299560546875,1162.0999755859375,1959740000,-0.00883746643749117,-0.8876748450908203
2005-04-27,1156.3800048828125,1156.3800048828125,1159.8699951171875,1144.4200439453125,1151.739990234375,2151520000,0.00395027825436145,0.39424963921665457
2005-04-28,1143.219970703125,1143.219970703125,1156.3800048828125,1143.219970703125,1156.3800048828125,2182270000,-0.011380371611511175,-1.1445623573942096
2005-04-29,1156.8499755859375,1156.8499755859375,1156.969970703125,1139.18994140625,1143.219970703125,2362360000,0.011922469194121543,1.1851956462206028
2005-05-02,1162.1600341796875,1162.1600341796875,1162.8699951171875,1154.7099609375,1156.8499755859375,1980040000,0.004590101314615458,0.4579598925333747
2005-05-03,1161.1700439453125,1161.1700439453125,1166.8900146484375,1156.7099609375,1162.1600341796875,2167020000,-0.0008518536219271899,-0.08522166554060163
2005-05-04,1175.6500244140625,1175.6500244140625,1176.010009765625,1161.1700439453125,1161.1700439453125,2306480000,0.012470163645930121,1.239305156034736
2005-05-05,1172.6300048828125,1172.6300048828125,1178.6199951171875,1166.77001953125,1175.6500244140625,1997100000,-0.002568808292038427,-0.25721133412976344
2005-05-06,1171.3499755859375,1171.3499755859375,1177.75,1170.5,1172.6300048828125,1707200000,-0.0010915883881061905,-0.10921846046322305
2005-05-09,1178.8399658203125,1178.8399658203125,1178.8699951171875,1169.3800048828125,1171.3499755859375,1857020000,0.006394323123307677,0.6373966172402125
2005-05-10,1166.219970703125,1166.219970703125,1178.8399658203125,1162.97998046875,1178.8399658203125,1889660000,-0.010705435413708386,-1.076315086971956
2005-05-11,1171.1099853515625,1171.1099853515625,1171.77001953125,1157.7099609375,1166.219970703125,1834970000,0.004193046570356129,0.4184280247109813
2005-05-12,1159.3599853515625,1159.3599853515625,1173.3699951171875,1157.760009765625,1171.1099853515625,1995290000,-0.010033216475797246,-1.0083888412137036
2005-05-13,1154.050048828125,1154.050048828125,1163.75,1146.1800537109375,1159.3599853515625,2188590000,-0.004580058472371085,-0.4590579075786052
2005-05-16,1165.68994140625,1165.68994140625,1165.75,1153.6400146484375,1154.050048828125,1856860000,0.01008612459220859,1.0035599091202396
2005-05-17,1173.800048828125,1173.800048828125,1174.3499755859375,1159.8599853515625,1165.68994140625,1887260000,0.006957345288654659,0.6933254635373273
2005-05-18,1185.56005859375,1185.56005859375,1187.9000244140625,1173.800048828125,1173.800048828125,2266320000,0.010018750448482105,0.9968895481321639
2005-05-19,1191.0799560546875,1191.0799560546875,1191.0899658203125,1184.489990234375,1185.56005859375,1775860000,0.0046559408112019085,0.46451354452318844
2005-05-20,1189.280029296875,1189.280029296875,1191.219970703125,1185.18994140625,1191.0799560546875,1631750000,-0.0015111720658741445,-0.15123150380106515
2005-05-23,1193.8599853515625,1193.8599853515625,1197.43994140625,1188.760009765625,1189.280029296875,1681170000,0.003851032508630725,0.38436362656395445
2005-05-24,1194.0699462890625,1194.0699462890625,1195.2900390625,1189.8699951171875,1193.8599853515625,1681000000,0.00017586730443786003,0.01758518415963872
2005-05-25,1190.010009765625,1190.010009765625,1194.0699462890625,1185.9599609375,1194.0699462890625,1742180000,-0.0034000826635449677,-0.34058760803961735
2005-05-26,1197.6199951171875,1197.6199951171875,1198.949951171875,1190.010009765625,1190.010009765625,1654110000,0.00639489188251563,0.637453131772754
2005-05-27,1198.780029296875,1198.780029296875,1199.56005859375,1195.280029296875,1197.6199951171875,1381430000,0.0009686162425619482,0.09681474365535907
2005-05-31,1191.5,1191.5,1198.780029296875,1191.5,1198.780029296875,1840680000,-0.006072865011894635,-0.6091379853434455
2005-06-01,1202.219970703125,1202.219970703125,1205.6400146484375,1191.030029296875,1191.5,1810100000,0.00899703793799822,0.8956805725932198
2005-06-02,1204.2900390625,1204.2900390625,1204.6700439453125,1198.4200439453125,1202.27001953125,1813790000,0.0017218715458240386,0.17203908245114719
2005-06-03,1196.02001953125,1196.02001953125,1205.0899658203125,1194.550048828125,1204.2900390625,1627520000,-0.0068671327196959675,-0.6890819980251237
2005-06-06,1197.510009765625,1197.510009765625,1198.780029296875,1192.75,1196.02001953125,1547120000,0.0012457903797955527,0.12450150268450469
2005-06-07,1197.260009765625,1197.260009765625,1208.8499755859375,1197.260009765625,1197.510009765625,1851370000,-0.00020876652216783587,-0.020878831693162236
2005-06-08,1194.6700439453125,1194.6700439453125,1201.969970703125,1193.3299560546875,1197.260009765625,1715490000,-0.0021632442403379804,-0.2165587433034947
2005-06-09,1200.9300537109375,1200.9300537109375,1201.8599853515625,1191.0899658203125,1194.6700439453125,1824120000,0.005239948718352094,0.5226267957247287
2005-06-10,1198.1099853515625,1198.1099853515625,1202.7900390625,1192.6400146484375,1200.9300537109375,1664180000,-0.0023482369773834,-0.23509984096796743
2005-06-13,1200.8199462890625,1200.8199462890625,1206.030029296875,1194.510009765625,1198.1099853515625,1661350000,0.002261863243468998,0.22593090815211928
2005-06-14,1203.9100341796875,1203.9100341796875,1207.530029296875,1200.1800537109375,1200.8199462890625,1698150000,0.002573314925500947,0.25700096198286804
2005-06-15,1206.5799560546875,1206.5799560546875,1208.0799560546875,1198.6600341796875,1203.9100341796875,1840440000,0.0022177087981654076,0.22152533117078252
2005-06-16,1210.9599609375,1210.9599609375,1212.0999755859375,1205.469970703125,1206.550048828125,1776040000,0.0036300991582309816,0.3623526250350597
2005-06-17,1216.9599609375,1216.9599609375,1219.550048828125,1210.9300537109375,1210.9300537109375,2407370000,0.0049547468071156064,0.4942512444624592
2005-06-20,1216.0999755859375,1216.0999755859375,1219.0999755859375,1210.6500244140625,1216.9599609375,1714530000,-0.0007066669234541134,-0.07069167302181835
2005-06-21,1213.6099853515625,1213.6099853515625,1217.1300048828125,1211.8599853515625,1216.0999755859375,1720700000,-0.002047520996927288,-0.2049620033747776
2005-06-22,1213.8800048828125,1213.8800048828125,1219.5899658203125,1211.68994140625,1213.6099853515625,1823250000,0.00022249283914033136,0.02224680912793435
2005-06-23,1200.72998046875,1200.72998046875,1216.449951171875,1200.719970703125,1213.8800048828125,2029920000,-0.010833051340467525,-1.0892156085218305
2005-06-24,1191.5699462890625,1191.5699462890625,1200.9000244140625,1191.449951171875,1200.72998046875,2418800000,-0.0076287211352144,-0.7657968670771707
2005-06-27,1190.68994140625,1190.68994140625,1194.3299560546875,1188.300048828125,1191.5699462890625,1738620000,-0.0007385255775820276,-0.07387984219396944
2005-06-28,1201.5699462890625,1201.5699462890625,1202.5400390625,1190.68994140625,1190.68994140625,1772410000,0.009137563444907348,0.9096068495660192
2005-06-29,1199.8499755859375,1199.8499755859375,1204.0699462890625,1198.699951171875,1201.5699462890625,1769280000,-0.0014314361876618387,-0.14324616711678034
2005-06-30,1191.3299560546875,1191.3299560546875,1203.27001953125,1190.510009765625,1199.8499755859375,2109490000,-0.007100904033514155,-0.7126235441053447
2005-07-01,1194.43994140625,1194.43994140625,1197.8900146484375,1191.3299560546875,1191.3299560546875,1593820000,0.0026105155299391836,0.26071140527265413
2005-07-05,1204.989990234375,1204.989990234375,1206.3399658203125,1192.489990234375,1194.43994140625,1805820000,0.008832632317790745,0.8793852803795384
2005-07-06,1194.93994140625,1194.93994140625,1206.1099853515625,1194.780029296875,1204.989990234375,1883470000,-0.008340358766109057,-0.8375334165637525
2005-07-07,1197.8699951171875,1197.8699951171875,1198.4599609375,1183.550048828125,1194.93994140625,1952440000,0.0024520510273422502,0.24490496555651634
2005-07-08,1211.8599853515625,1211.8599853515625,1212.72998046875,1197.199951171875,1197.8699951171875,1900810000,0.011679055566465202,1.161138179782478
2005-07-11,1219.43994140625,1219.43994140625,1220.030029296875,1211.8599853515625,1211.8599853515625,1846300000,0.006254811732634646,0.6235331585299627
2005-07-12,1222.2099609375,1222.2099609375,1225.5400390625,1216.5999755859375,1219.43994140625,1932010000,0.0022715506005615005,0.22689745298750827
2005-07-13,1223.2900390625,1223.2900390625,1224.4599609375,1219.6400146484375,1222.2099609375,1812500000,0.0008837091494260374,0.08833189083851105
2005-07-14,1226.5,1226.5,1233.1600341796875,1223.2900390625,1223.2900390625,2048710000,0.0026240391362624127,0.2620602356418461
2005-07-15,1227.9200439453125,1227.9200439453125,1229.530029296875,1223.5,1226.5,1716400000,0.001157801830666605,0.11571320950246464
2005-07-18,1221.1300048828125,1221.1300048828125,1227.9200439453125,1221.1300048828125,1227.9200439453125,1582100000,-0.005529707814430296,-0.5545053245331578
2005-07-19,1229.3499755859375,1229.3499755859375,1230.3399658203125,1221.1300048828125,1221.1300048828125,2041280000,0.006731446013329201,0.6708890992640745
2005-07-20,1235.199951171875,1235.199951171875,1236.56005859375,1222.9100341796875,1229.3499755859375,2063340000,0.004758592509955806,0.4747306199091748
2005-07-21,1227.0400390625,1227.0400390625,1235.8299560546875,1224.699951171875,1235.199951171875,2129840000,-0.00660614672274995,-0.6628063888680193
2005-07-22,1233.6800537109375,1233.6800537109375,1234.18994140625,1226.1500244140625,1227.0400390625,1766990000,0.0054114082972474,0.5396819235282299
2005-07-25,1229.030029296875,1229.030029296875,1238.3599853515625,1228.1500244140625,1233.6800537109375,1717580000,-0.003769230441940885,-0.3776351891558406
2005-07-26,1231.1600341796875,1231.1600341796875,1234.4200439453125,1229.030029296875,1229.030029296875,1934180000,0.001733077981854514,0.1731577935090858
2005-07-27,1236.7900390625,1236.7900390625,1237.6400146484375,1230.1500244140625,1231.1600341796875,1945800000,0.0045729269359882085,0.4562502872513562
2005-07-28,1243.719970703125,1243.719970703125,1245.1500244140625,1235.81005859375,1236.7900390625,2001680000,0.005603159325149543,0.558752002041879
2005-07-29,1234.1800537109375,1234.1800537109375,1245.0400390625,1234.1800537109375,1243.719970703125,1789600000,-0.00767047021589129,-0.7700039576876156
2005-08-01,1235.3499755859375,1235.3499755859375,1239.0999755859375,1233.800048828125,1234.1800537109375,1716870000,0.0009479345185350319,0.09474855123392278
2005-08-02,1244.1199951171875,1244.1199951171875,1244.68994140625,1235.3499755859375,1235.3499755859375,2043120000,0.007099218605715496,0.7074137786163408
2005-08-03,1245.0400390625,1245.0400390625,1245.8599853515625,1240.5699462890625,1244.1199951171875,1999980000,0.0007395138322054962,0.07392405265853752
2005-08-04,1235.8599853515625,1235.8599853515625,1245.0400390625,1235.1500244140625,1245.0400390625,1981220000,-0.007373299992705418,-0.7400617130228753
2005-08-05,1226.4200439453125,1226.4200439453125,1235.8599853515625,1225.6199951171875,1235.8599853515625,1930280000,-0.007638358323871608,-0.7667679991179147
2005-08-08,1223.1300048828125,1223.1300048828125,1232.280029296875,1222.6700439453125,1226.4200439453125,1804140000,-0.0026826364089062027,-0.2686241126164497
2005-08-09,1231.3800048828125,1231.3800048828125,1234.1099853515625,1223.1300048828125,1223.1300048828125,1897520000,0.006744990284814678,0.6722344610712961
2005-08-10,1229.1300048828125,1229.1300048828125,1242.68994140625,1226.5799560546875,1231.3800048828125,2172320000,-0.0018272182357014222,-0.1828889635260019
2005-08-11,1237.81005859375,1237.81005859375,1237.81005859375,1228.3299560546875,1229.1300048828125,1941560000,0.007061949245771748,0.7037130459696325
2005-08-12,1230.3900146484375,1230.3900146484375,1237.81005859375,1225.8699951171875,1237.81005859375,1709300000,-0.005994493172678084,-0.6012532273180848
2005-08-15,1233.8699951171875,1233.8699951171875,1236.239990234375,1226.199951171875,1230.4000244140625,1562880000,0.0028283555842611996,0.2824363312543445
2005-08-16,1219.3399658203125,1219.3399658203125,1233.8699951171875,1219.050048828125,1233.8699951171875,1820410000,-0.01177598073895536,-1.1845866793172681
2005-08-17,1220.239990234375,1220.239990234375,1225.6300048828125,1218.0699462890625,1219.3399658203125,1859150000,0.0007381242633648366,0.07378519836267018
2005-08-18,1219.02001953125,1219.02001953125,1222.6400146484375,1215.9300537109375,1220.239990234375,1808170000,-0.0009997793162725976,-0.10002794289758986
2005-08-19,1219.7099609375,1219.7099609375,1225.0799560546875,1219.02001953125,1219.02001953125,1558790000,0.0005659803737392277,0.05658202672560684
2005-08-22,1221.72998046875,1221.72998046875,1228.9599609375,1216.469970703125,1219.7099609375,1621330000,0.0016561474415583977,0.16547775416798668
2005-08-23,1217.5899658203125,1217.5899658203125,1223.0400390625,1214.43994140625,1221.72998046875,1678620000,-0.003388649468067495,-0.3394403944289071
2005-08-24,1209.5899658203125,1209.5899658203125,1224.1500244140625,1209.3699951171875,1217.5699462890625,1930800000,-0.006570356379875575,-0.6592036186235425
2005-08-25,1212.3699951171875,1212.3699951171875,1213.72998046875,1209.5699462890625,1209.5899658203125,1571110000,0.0022983237092162323,0.22956866031227588
2005-08-26,1205.0999755859375,1205.0999755859375,1212.4000244140625,1204.22998046875,1212.4000244140625,1541090000,-0.005996535348556931,-0.6014586766805522
2005-08-29,1212.280029296875,1212.280029296875,1214.280029296875,1201.530029296875,1205.0999755859375,1599450000,0.005958056473651885,0.5940377442203705
2005-08-30,1208.4100341796875,1208.4100341796875,1212.280029296875,1201.0699462890625,1212.280029296875,1916470000,-0.0031923276995927674,-0.3197434047984468
2005-08-31,1220.3299560546875,1220.3299560546875,1220.3599853515625,1204.4000244140625,1208.4100341796875,2365510000,0.009864136789539124,0.9815803774647127
2005-09-01,1221.5899658203125,1221.5899658203125,1227.2900390625,1216.1800537109375,1220.3299560546875,2229860000,0.0010325156400312618,0.1031982962391605
2005-09-02,1218.02001953125,1218.02001953125,1224.449951171875,1217.75,1221.5899658203125,1640160000,-0.002922376893187084,-0.2926655374129036
2005-09-06,1233.3900146484375,1233.3900146484375,1233.6099853515625,1218.02001953125,1218.02001953125,1932090000,0.012618836201971906,1.2539882199711907
2005-09-07,1236.3599853515625,1236.3599853515625,1237.06005859375,1230.9300537109375,1233.3900146484375,2067700000,0.0024079736886564174,0.24050791657059736
2005-09-08,1231.6700439453125,1231.6700439453125,1236.3599853515625,1229.510009765625,1236.3599853515625,1955380000,-0.0037933461627815968,-0.38005591470121747
2005-09-09,1241.47998046875,1241.47998046875,1243.1300048828125,1231.6700439453125,1231.6700439453125,1992560000,0.007964743943933206,0.7933192791395705
2005-09-12,1240.56005859375,1240.56005859375,1242.5999755859375,1239.1500244140625,1241.47998046875,1938050000,-0.0007409880863746832,-0.07412627537386357
2005-09-13,1231.199951171875,1231.199951171875,1240.5699462890625,1231.199951171875,1240.5699462890625,2082360000,-0.007545065921665484,-0.7573673921888471
2005-09-14,1227.1600341796875,1227.1600341796875,1234.739990234375,1226.1600341796875,1231.199951171875,1986750000,-0.0032812842368473705,-0.3286679455365361
2005-09-15,1227.72998046875,1227.72998046875,1231.8800048828125,1224.8499755859375,1227.1600341796875,2079340000,0.0004644433270217796,0.046433550660279634
2005-09-16,1237.9100341796875,1237.9100341796875,1237.949951171875,1228.4200439453125,1228.4200439453125,3152470000,0.008291769259435089,0.8257581395948801
2005-09-19,1231.02001953125,1231.02001953125,1237.9100341796875,1227.6500244140625,1237.9100341796875,2076540000,-0.005565844413728538,-0.5581391440806682
2005-09-20,1221.3399658203125,1221.3399658203125,1236.489990234375,1220.0699462890625,1231.02001953125,2319250000,-0.007863441339177824,-0.7894521231179437
2005-09-21,1210.199951171875,1210.199951171875,1221.52001953125,1209.8900146484375,1221.3399658203125,2548150000,-0.009121141500479157,-0.9162993799830818
2005-09-22,1214.6199951171875,1214.6199951171875,1216.6400146484375,1205.3499755859375,1210.199951171875,2424720000,0.003652325337670348,0.36456717931691235
2005-09-23,1215.2900390625,1215.2900390625,1218.8299560546875,1209.800048828125,1214.6199951171875,1973020000,0.0005516490326242796,0.05514969302322027
2005-09-26,1215.6300048828125,1215.6300048828125,1222.56005859375,1211.8399658203125,1215.2900390625,2022220000,0.0002797404811898385,0.027970136111690566
2005-09-27,1215.6600341796875,1215.6600341796875,1220.1700439453125,1211.1099853515625,1215.6300048828125,1976270000,2.470266179210867e-05,0.002470235668638347
2005-09-28,1216.8900146484375,1216.8900146484375,1220.97998046875,1212.719970703125,1215.6600341796875,2106980000,0.0010117799665758653,0.10112684622163177
2005-09-29,1227.6800537109375,1227.6800537109375,1228.699951171875,1211.5400390625,1216.8900146484375,2176120000,0.008866897527807671,0.8827817434815387
2005-09-30,1228.81005859375,1228.81005859375,1229.5699462890625,1225.219970703125,1227.6800537109375,2097520000,0.000920439229583403,0.09200158851510246
2005-10-03,1226.699951171875,1226.699951171875,1233.3399658203125,1225.1500244140625,1228.81005859375,2097490000,-0.0017171957595218945,-0.171867183020373
2005-10-04,1214.469970703125,1214.469970703125,1229.8800048828125,1214.02001953125,1226.699951171875,2341420000,-0.009969822251208682,-1.001985374354899
2005-10-05,1196.3900146484375,1196.3900146484375,1214.469970703125,1196.25,1214.469970703125,2546780000,-0.014887116594756167,-1.4999041934534425
2005-10-06,1191.489990234375,1191.489990234375,1202.1400146484375,1181.9200439453125,1196.3900146484375,2792030000,-0.004095674783362702,-0.4104085030942367
2005-10-07,1195.9000244140625,1195.9000244140625,1199.7099609375,1191.4599609375,1191.489990234375,2126080000,0.0037012767340327546,0.3694443864339434
2005-10-10,1187.3299560546875,1187.3299560546875,1196.52001953125,1186.1199951171875,1195.9000244140625,2195990000,-0.007166208031122001,-0.7192008635452506
2005-10-11,1184.8699951171875,1184.8699951171875,1193.0999755859375,1183.1600341796875,1187.3299560546875,2299040000,-0.002071842729946871,-0.20739919651937394
2005-10-12,1177.6800537109375,1177.6800537109375,1190.02001953125,1173.6500244140625,1184.8699951171875,2491280000,-0.00606812682900193,-0.6086612731748998
2005-10-13,1176.8399658203125,1176.8399658203125,1179.56005859375,1168.199951171875,1177.6800537109375,2351150000,-0.0007133413595465932,-0.0713595908554969
2005-10-14,1186.5699462890625,1186.5699462890625,1187.1300048828125,1175.43994140625,1176.8399658203125,2188940000,0.008267887521960393,0.8233895771379748
2005-10-17,1190.0999755859375,1190.0999755859375,1191.2099609375,1184.47998046875,1186.5699462890625,2054570000,0.0029749862685424233,0.2970569754105139
2005-10-18,1178.1400146484375,1178.1400146484375,1190.0999755859375,1178.1300048828125,1190.0999755859375,2197010000,-0.010049543049197696,-1.0100380589756441
2005-10-19,1195.760009765625,1195.760009765625,1195.760009765625,1170.550048828125,1178.1400146484375,2703590000,0.014955773420908258,1.4845038560093757
2005-10-20,1177.800048828125,1177.800048828125,1197.300048828125,1173.300048828125,1195.760009765625,2617250000,-0.015019703611780955,-1.5133641676906875
2005-10-21,1179.5899658203125,1179.5899658203125,1186.4599609375,1174.9200439453125,1177.800048828125,2470920000,0.0015197121056060858,0.1518558511769907
2005-10-24,1199.3800048828125,1199.3800048828125,1199.3900146484375,1179.5899658203125,1179.5899658203125,2197790000,0.016777049344208095,1.6637869183025955
2005-10-25,1196.5400390625,1196.5400390625,1201.300048828125,1189.2900390625,1199.3800048828125,2312470000,-0.002367861569102958,-0.2370669386532537
2005-10-26,1191.3800048828125,1191.3800048828125,1204.010009765625,1191.3800048828125,1196.5400390625,2467750000,-0.004312462609885159,-0.4321788096966069
2005-10-27,1178.9000244140625,1178.9000244140625,1192.6500244140625,1178.8900146484375,1191.3800048828125,2395370000,-0.010475230755595533,-1.053048217155628
2005-10-28,1198.4100341796875,1198.4100341796875,1198.4100341796875,1178.9000244140625,1178.9000244140625,2379400000,0.016549333583500303,1.6413885701011692
2005-10-31,1207.010009765625,1207.010009765625,1211.4300537109375,1198.4100341796875,1198.4100341796875,2567470000,0.007176154521957301,0.7150528449828979
2005-11-01,1202.760009765625,1202.760009765625,1207.3399658203125,1201.6600341796875,1207.010009765625,2457850000,-0.003521097559766928,-0.3527311213989366
2005-11-02,1214.760009765625,1214.760009765625,1215.1700439453125,1201.0699462890625,1202.760009765625,2648090000,0.009977052697601962,0.9927610493678475
2005-11-03,1219.93994140625,1219.93994140625,1224.699951171875,1214.760009765625,1214.760009765625,2716630000,0.0042641604917701414,0.4255094722214066
2005-11-04,1220.1400146484375,1220.1400146484375,1222.52001953125,1214.449951171875,1219.93994140625,2050510000,0.00016400253438453305,0.016398908743909278
2005-11-07,1222.81005859375,1222.81005859375,1224.1800537109375,1217.2900390625,1220.1400146484375,1987580000,0.00218830946715709,0.21859186053234683
2005-11-08,1218.5899658203125,1218.5899658203125,1222.81005859375,1216.0799560546875,1222.81005859375,1965050000,-0.0034511433266182223,-0.34571122587991543
2005-11-09,1220.6500244140625,1220.6500244140625,1226.5899658203125,1216.530029296875,1218.5899658203125,2214460000,0.0016905264703728218,0.16890991389006485
2005-11-10,1230.9599609375,1230.9599609375,1232.4100341796875,1215.050048828125,1220.6500244140625,2378460000,0.008446267412632436,0.8410797282881278
2005-11-11,1234.719970703125,1234.719970703125,1235.699951171875,1230.719970703125,1230.9599609375,1773140000,0.0030545345786563427,0.3049878965987544
2005-11-14,1233.760009765625,1233.760009765625,1237.199951171875,1231.780029296875,1234.719970703125,1899780000,-0.0007774725932012672,-0.07777749817605605
2005-11-15,1229.010009765625,1229.010009765625,1237.93994140625,1226.4100341796875,1233.760009765625,2359370000,-0.0038500194222557127,-0.3857449824625265
2005-11-16,1231.2099609375,1231.2099609375,1232.239990234375,1227.1800537109375,1229.010009765625,2121580000,0.0017900189212409767,0.17884187466490664
2005-11-17,1242.800048828125,1242.800048828125,1242.9599609375,1231.2099609375,1231.2099609375,2298040000,0.009413575473187219,0.9369543885684766
2005-11-18,1248.27001953125,1248.27001953125,1249.5799560546875,1240.7099609375,1242.800048828125,2453290000,0.004401328040084085,0.4391670522724698
2005-11-21,1254.8499755859375,1254.8499755859375,1255.8900146484375,1246.9000244140625,1248.27001953125,2117350000,0.005271260185483184,0.5257415724039091
2005-11-22,1261.22998046875,1261.22998046875,1261.9000244140625,1251.4000244140625,1254.8499755859375,2291420000,0.0050842770107506485,0.5071395717316795
2005-11-23,1265.6099853515625,1265.6099853515625,1270.6400146484375,1259.510009765625,1261.22998046875,1985400000,0.0034728042867999687,0.3466788026831465
2005-11-25,1268.25,1268.25,1268.780029296875,1265.5400390625,1265.6099853515625,724940000,0.0020859622466586902,0.2083789648192422
2005-11-28,1257.4599609375,1257.4599609375,1268.43994140625,1257.1700439453125,1268.25,2016900000,-0.008507817120047334,-0.8544215188562845
2005-11-29,1257.47998046875,1257.47998046875,1266.1800537109375,1257.4599609375,1257.4599609375,2268340000,1.5920611289299558e-05,0.001592048455771274
2005-11-30,1249.47998046875,1249.47998046875,1260.9300537109375,1249.3900146484375,1257.47998046875,2374690000,-0.006361930308439456,-0.6382253629954913
2005-12-01,1264.6700439453125,1264.6700439453125,1266.1700439453125,1249.47998046875,1249.47998046875,2614830000,0.01215710832826944,1.2083804199621733
2005-12-02,1265.0799560546875,1265.0799560546875,1266.8499755859375,1261.4200439453125,1264.6700439453125,2125580000,0.0003241257364618999,0.03240732190632353
2005-12-05,1262.0899658203125,1262.0899658203125,1265.0799560546875,1258.1199951171875,1265.0799560546875,2325840000,-0.0023634792568365537,-0.23662766825763437
2005-12-06,1263.699951171875,1263.699951171875,1272.8900146484375,1262.0899658203125,1262.0899658203125,2110740000,0.001275650227134273,0.12748372766701307
2005-12-07,1257.3699951171875,1257.3699951171875,1264.8499755859375,1253.02001953125,1263.699951171875,2093830000,-0.005009065679568603,-0.5021653100799183
2005-12-08,1255.8399658203125,1255.8399658203125,1263.3599853515625,1250.9100341796875,1257.3699951171875,2178300000,-0.0012168489011322725,-0.12175898629097086
2005-12-09,1259.3699951171875,1259.3699951171875,1263.0799560546875,1254.239990234375,1255.8399658203125,1896290000,0.00281089103146126,0.28069478647455914
2005-12-12,1260.4300537109375,1260.4300537109375,1263.8599853515625,1255.52001953125,1259.3699951171875,1876550000,0.000841737216116023,0.0841383154016426
2005-12-13,1267.4300537109375,1267.4300537109375,1272.1099853515625,1258.56005859375,1260.4300537109375,2390020000,0.005553660022141527,0.5538295312984911
2005-12-14,1272.739990234375,1272.739990234375,1275.800048828125,1267.0699462890625,1267.4300537109375,2145520000,0.004189530229214977,0.41807785824551036
2005-12-15,1270.93994140625,1270.93994140625,1275.1700439453125,1267.739990234375,1272.739990234375,2180590000,-0.0014143099469935416,-0.14153110273098538
2005-12-16,1267.3199462890625,1267.3199462890625,1275.239990234375,1267.3199462890625,1270.93994140625,2584190000,-0.0028482818103757745,-0.2852345883930445
2005-12-19,1259.9200439453125,1259.9200439453125,1270.510009765625,1259.280029296875,1267.3199462890625,2208810000,-0.0058390167103565815,-0.5856130419099415
2005-12-20,1259.6199951171875,1259.6199951171875,1263.8599853515625,1257.2099609375,1259.9200439453125,1996690000,-0.00023814910284736257,-0.023817746484796877
2005-12-21,1262.7900390625,1262.7900390625,1269.3699951171875,1259.6199951171875,1259.6199951171875,2065170000,0.0025166668976364104,0.25135053946885194
2005-12-22,1268.1199951171875,1268.1199951171875,1268.18994140625,1262.5,1262.7900390625,1888500000,0.004220777714278201,0.4211895217280327
2005-12-23,1268.6600341796875,1268.6600341796875,1269.760009765625,1265.9200439453125,1268.1199951171875,1285810000,0.00042585801389405376,0.04257673621056687
2005-12-27,1256.5400390625,1256.5400390625,1271.8299560546875,1256.5400390625,1268.6600341796875,1540470000,-0.009553382932114052,-0.9599309229902498
2005-12-28,1258.1700439453125,1258.1700439453125,1261.0999755859375,1256.5400390625,1256.5400390625,1422360000,0.0012972168272717965,0.1296376168455956
2005-12-29,1254.4200439453125,1254.4200439453125,1260.6099853515625,1254.1800537109375,1258.1700439453125,1382540000,-0.0029805192215838217,-0.29849698145842485
2005-12-30,1248.2900390625,1248.2900390625,1254.4200439453125,1246.5899658203125,1254.4200439453125,1443500000,-0.004886724277406218,-0.4898703356058071
2006-01-03,1268.800048828125,1268.800048828125,1270.219970703125,1245.739990234375,1248.2900390625,2554570000,0.016430484201434892,1.6296964341378815
2006-01-04,1273.4599609375,1273.4599609375,1275.3699951171875,1267.739990234375,1268.800048828125,2515330000,0.0036726922525569528,0.36659643862557717
2006-01-05,1273.47998046875,1273.47998046875,1276.9100341796875,1270.300048828125,1273.4599609375,2433340000,1.572058161558587e-05,0.0015720458048537735
2006-01-06,1285.449951171875,1285.449951171875,1286.0899658203125,1273.47998046875,1273.47998046875,2446560000,0.009399418040885843,0.935551838421723
2006-01-09,1290.1500244140625,1290.1500244140625,1290.780029296875,1284.8199462890625,1285.449951171875,2301490000,0.0036563642465448076,0.3649695996218134
2006-01-10,1289.68994140625,1289.68994140625,1290.1500244140625,1283.760009765625,1290.1500244140625,2373080000,-0.0003566120211651036,-0.03566756223530049
2006-01-11,1294.1800537109375,1294.1800537109375,1294.9000244140625,1288.1199951171875,1289.719970703125,2406130000,0.003481544021186611,0.34754974769433383
2006-01-12,1286.06005859375,1286.06005859375,1294.1800537109375,1285.0400390625,1294.1800537109375,2318350000,-0.006274239116809244,-0.6294004875159206
2006-01-13,1287.6099853515625,1287.6099853515625,1288.9599609375,1282.780029296875,1286.06005859375,2206510000,0.0012051744764605132,0.12044488366576883
2006-01-17,1282.9300537109375,1282.9300537109375,1287.6099853515625,1278.6099853515625,1287.6099853515625,2179970000,-0.0036345878751066207,-0.3641209037951744
2006-01-18,1277.9300537109375,1277.9300537109375,1282.9300537109375,1272.0799560546875,1282.9300537109375,2233200000,-0.0038973286076955382,-0.39049429830878085
2006-01-19,1285.0400390625,1285.0400390625,1287.7900390625,1277.9300537109375,1277.9300537109375,2444020000,0.005563673325403196,0.5548253263319995
2006-01-20,1261.489990234375,1261.489990234375,1285.0400390625,1260.9200439453125,1285.0400390625,2845810000,-0.01832631522151318,-1.8496322409992532
2006-01-23,1263.8199462890625,1263.8199462890625,1268.18994140625,1261.489990234375,1261.489990234375,2256070000,0.0018469873504542988,0.1845283766660529
2006-01-24,1266.8599853515625,1266.8599853515625,1271.469970703125,1263.8199462890625,1263.8199462890625,2608720000,0.002405436843615494,0.24025484114446571
2006-01-25,1264.6800537109375,1264.6800537109375,1271.8699951171875,1259.4200439453125,1266.8599853515625,2617060000,-0.0017207360448914244,-0.1722218211682101
2006-01-26,1273.8299560546875,1273.8299560546875,1276.43994140625,1264.6800537109375,1264.6800537109375,2856780000,0.0072349542612786255,0.7208907535489939
2006-01-27,1283.719970703125,1283.719970703125,1286.3800048828125,1273.8299560546875,1273.8299560546875,2623620000,0.007763999112620157,0.773401437250556
2006-01-30,1285.18994140625,1285.18994140625,1287.93994140625,1283.510009765625,1283.719970703125,2282730000,0.0011450867297171374,0.11444316179666719
2006-01-31,1280.0799560546875,1280.0799560546875,1285.199951171875,1276.8499755859375,1285.199951171875,2708310000,-0.003976054579116317,-0.39839800993005314
2006-02-01,1282.4599609375,1282.4599609375,1283.3299560546875,1277.5699462890625,1280.0799560546875,2589410000,0.0018592626746127827,0.1857536385185309
2006-02-02,1270.8399658203125,1270.8399658203125,1282.4599609375,1267.719970703125,1282.4599609375,2565300000,-0.009060707913791766,-0.9102005775588267
2006-02-03,1264.030029296875,1264.030029296875,1270.8699951171875,1261.02001953125,1270.8399658203125,2282210000,-0.005358610609197956,-0.5373019460362076
2006-02-06,1265.02001953125,1265.02001953125,1267.0400390625,1261.6199951171875,1264.030029296875,2132360000,0.0007832015153355076,0.0782894973074496
2006-02-07,1254.780029296875,1254.780029296875,1265.780029296875,1253.6099853515625,1265.02001953125,2366370000,-0.008094725835381955,-0.8127666010110246
2006-02-08,1265.6500244140625,1265.6500244140625,1266.469970703125,1254.780029296875,1254.780029296875,2456860000,0.008662869079354651,0.8625561733288215
2006-02-09,1263.780029296875,1263.780029296875,1274.56005859375,1262.800048828125,1265.6500244140625,2441920000,-0.001477497792530147,-0.14785903687121538
2006-02-10,1266.989990234375,1266.989990234375,1269.8900146484375,1254.97998046875,1263.8199462890625,2290050000,0.002539968082329924,0.2536747815164882
2006-02-13,1262.8599853515625,1262.8599853515625,1266.989990234375,1258.3399658203125,1266.989990234375,1850080000,-0.003259698114938203,-0.3265022504588939
2006-02-14,1275.530029296875,1275.530029296875,1278.2099609375,1260.800048828125,1262.8599853515625,2437940000,0.010032817645881265,0.9982823043985454
2006-02-15,1280.0,1280.0,1281.0,1271.06005859375,1275.530029296875,2317590000,0.003504402562430453,0.34982764518372494
2006-02-16,1289.3800048828125,1289.3800048828125,1289.3900146484375,1280.0,1280.0,2251490000,0.0073281288146973544,0.7301408539075194
2006-02-17,1287.239990234375,1287.239990234375,1289.469970703125,1284.0699462890625,1289.3800048828125,2128260000,-0.0016597237744756521,-0.1661102641883317
2006-02-21,1283.030029296875,1283.030029296875,1291.9200439453125,1281.3299560546875,1287.239990234375,2104320000,-0.003270533054782976,-0.3275892937654234
2006-02-22,1292.6700439453125,1292.6700439453125,1294.1700439453125,1283.030029296875,1283.030029296875,2222380000,0.007513475466915054,0.7485389902519992
2006-02-23,1287.7900390625,1287.7900390625,1293.8399658203125,1285.1400146484375,1292.6700439453125,2144210000,-0.0037751357399127272,-0.3782279549742235
2006-02-24,1289.4300537109375,1289.4300537109375,1292.1099853515625,1285.6199951171875,1287.7900390625,1933010000,0.0012735108974994969,0.1272700670312287
2006-02-27,1294.1199951171875,1294.1199951171875,1297.5699462890625,1289.4300537109375,1289.4300537109375,1975320000,0.0036372204857118007,0.3630621795035809
2006-02-28,1280.6600341796875,1280.6600341796875,1294.1199951171875,1278.6600341796875,1294.1199951171875,2370860000,-0.010400860034838644,-1.0455326977436477
2006-03-01,1291.239990234375,1291.239990234375,1291.800048828125,1280.6600341796875,1280.6600341796875,2308320000,0.008261330698481784,0.8227392693299463
2006-03-02,1289.1400146484375,1289.1400146484375,1291.239990234375,1283.2099609375,1291.239990234375,2494590000,-0.0016263247744955356,-0.16276486762224268
2006-03-03,1287.22998046875,1287.22998046875,1297.3299560546875,1284.199951171875,1289.1400146484375,2152950000,-0.0014816343903563123,-0.14827330959771123
2006-03-06,1278.260009765625,1278.260009765625,1288.22998046875,1275.6700439453125,1287.22998046875,2280190000,-0.006968428982565,-0.6992821869927277
2006-03-07,1275.8800048828125,1275.8800048828125,1278.260009765625,1271.1099853515625,1278.260009765625,2268050000,-0.0018619098341728924,-0.1863645342863235
2006-03-08,1278.469970703125,1278.469970703125,1280.3299560546875,1268.4200439453125,1275.8800048828125,2442870000,0.0020299446737943594,0.20278871201145962
2006-03-09,1272.22998046875,1272.22998046875,1282.739990234375,1272.22998046875,1278.469970703125,2140110000,-0.0048808265953584895,-0.48927767296980873
2006-03-10,1281.4200439453125,1281.4200439453125,1284.3699951171875,1271.1099853515625,1272.22998046875,2123450000,0.007223586629499623,0.7197621493560185
2006-03-13,1284.1300048828125,1284.1300048828125,1287.3699951171875,1281.5799560546875,1281.5799560546875,2070330000,0.002114810791593591,0.21125777270365995
2006-03-14,1297.47998046875,1297.47998046875,1298.1400146484375,1282.6700439453125,1284.1300048828125,2165270000,0.01039612464094386,1.0342456576622459
2006-03-15,1303.02001953125,1303.02001953125,1304.4000244140625,1294.969970703125,1297.47998046875,2293000000,0.004269845505052494,0.4260755580596741
2006-03-16,1305.3299560546875,1305.3299560546875,1310.449951171875,1303.02001953125,1303.02001953125,2292180000,0.001772755973671547,0.17711864963935062
2006-03-17,1307.25,1307.25,1309.7900390625,1305.3199462890625,1305.3299560546875,2549620000,0.0014709261335852375,0.14698453814146073
2006-03-20,1305.0799560546875,1305.0799560546875,1310.0,1303.5899658203125,1307.25,1976830000,-0.0016600068428476167,-0.16613861808918454
2006-03-21,1297.22998046875,1297.22998046875,1310.8800048828125,1295.8199462890625,1305.0799560546875,2147370000,-0.00601493843309675,-0.6033101043218729
2006-03-22,1305.0400390625,1305.0400390625,1305.969970703125,1295.81005859375,1297.22998046875,2039810000,0.006020565906847075,0.6002514715950028
2006-03-23,1301.6700439453125,1301.6700439453125,1305.0400390625,1298.1099853515625,1305.0400390625,1980940000,-0.002582292509284545,-0.2585632377503073
2006-03-24,1302.949951171875,1302.949951171875,1306.530029296875,1298.8900146484375,1301.6700439453125,2326070000,0.000983280849487178,0.0982797745531337
2006-03-27,1301.6099853515625,1301.6099853515625,1303.739990234375,1299.0899658203125,1302.949951171875,2029700000,-0.0010284092793489963,-0.10289384550091378
2006-03-28,1293.22998046875,1293.22998046875,1306.239990234375,1291.8399658203125,1301.6099853515625,2148580000,-0.00643818423116127,-0.645899872572224
2006-03-29,1302.8900146484375,1302.8900146484375,1305.5999755859375,1293.22998046875,1293.22998046875,2143540000,0.007469695510914587,0.7441935488966642
2006-03-30,1300.25,1300.25,1310.1500244140625,1296.719970703125,1302.8900146484375,2294560000,-0.002026275908753372,-0.20283315831609944
2006-03-31,1294.8699951171875,1294.8699951171875,1303.0,1294.8699951171875,1300.25,2236710000,-0.004137669588781034,-0.41462534298418036
2006-04-03,1297.81005859375,1297.81005859375,1309.18994140625,1296.6500244140625,1302.8800048828125,2494080000,0.002270547226863817,0.22679734297248083
2006-04-04,1305.9300537109375,1305.9300537109375,1307.550048828125,1294.7099609375,1297.81005859375,2147660000,0.006256689924245107,0.6237198100456351
2006-04-05,1311.56005859375,1311.56005859375,1312.81005859375,1304.8199462890625,1305.9300537109375,2420020000,0.004311107525869495,0.43018413240023456
2006-04-06,1309.0400390625,1309.0400390625,1311.989990234375,1302.43994140625,1311.56005859375,2281680000,-0.0019213908770231436,-0.19232391163138288
2006-04-07,1295.5,1295.5,1314.0699462890625,1294.1800537109375,1309.0400390625,2082470000,-0.010343487333051349,-1.03973529590452
2006-04-10,1296.6199951171875,1296.6199951171875,1300.739990234375,1293.1700439453125,1295.510009765625,1898320000,0.00086452730002895,0.08641538115478599
2006-04-11,1286.5699462890625,1286.5699462890625,1300.7099609375,1282.9599609375,1296.5999755859375,2232880000,-0.007750959314195005,-0.7781154126378512
2006-04-12,1288.1199951171875,1288.1199951171875,1290.9300537109375,1286.449951171875,1286.5699462890625,1938100000,0.0012047917274888853,0.12040665483370268
2006-04-13,1289.1199951171875,1289.1199951171875,1292.0899658203125,1283.3699951171875,1288.1199951171875,1891940000,0.0007763251900372303,0.07760240055048999
2006-04-17,1285.3299560546875,1285.3299560546875,1292.449951171875,1280.739990234375,1289.1199951171875,1794650000,-0.00294002038356056,-0.29443507331151375
2006-04-18,1307.280029296875,1307.280029296875,1309.02001953125,1285.3299560546875,1285.3299560546875,2595440000,0.017077384012400332,1.6933204646026205
2006-04-19,1309.9300537109375,1309.9300537109375,1310.3900146484375,1302.7900390625,1307.6500244140625,2447310000,0.002027128354043395,0.20250765018054961
2006-04-20,1311.4599609375,1311.4599609375,1318.1600341796875,1306.3800048828125,1309.9300537109375,2512920000,0.0011679304724923067,0.11672489722763188
2006-04-21,1311.280029296875,1311.280029296875,1317.6700439453125,1306.5899658203125,1311.4599609375,2392630000,-0.0001371994921570696,-0.013720890486834968
2006-04-24,1308.1099853515625,1308.1099853515625,1311.280029296875,1303.7900390625,1311.280029296875,2117330000,-0.0024175186645771785,-0.24204455810256276
2006-04-25,1301.739990234375,1301.739990234375,1310.7900390625,1299.1700439453125,1308.1099853515625,2366380000,-0.004869617378140845,-0.4881512597334564
2006-04-26,1305.4100341796875,1305.4100341796875,1310.969970703125,1301.739990234375,1301.739990234375,2502690000,0.0028193371739710926,0.2815370297147241
2006-04-27,1309.719970703125,1309.719970703125,1315.0,1295.5699462890625,1305.4100341796875,2772010000,0.00330159598179125,0.32961576805392323
2006-04-28,1310.6099853515625,1310.6099853515625,1316.0400390625,1306.1600341796875,1309.719970703125,2419920000,0.0006795457566091123,0.06793149699389327
2006-05-01,1305.18994140625,1305.18994140625,1317.2099609375,1303.4599609375,1310.6099853515625,2437040000,-0.004135512475787029,-0.4144087356689018
2006-05-02,1313.2099609375,1313.2099609375,1313.6600341796875,1305.18994140625,1305.18994140625,2403470000,0.0061447144793416175,0.6125912703046048
2006-05-03,1308.1199951171875,1308.1199951171875,1313.469970703125,1303.9200439453125,1313.2099609375,2395230000,-0.003875972595181021,-0.38835036433497855
2006-05-04,1312.25,1312.25,1315.1400146484375,1307.8499755859375,1307.8499755859375,2431450000,0.0031572064475955397,0.3152232936836416
2006-05-05,1325.760009765625,1325.760009765625,1326.530029296875,1312.25,1312.25,2294760000,0.010295301783673105,1.0242666122685788
2006-05-08,1324.6600341796875,1324.6600341796875,1326.699951171875,1322.8699951171875,1325.760009765625,2151300000,-0.0008296943472687612,-0.0830038734127436
2006-05-09,1325.1400146484375,1325.1400146484375,1326.5999755859375,1322.47998046875,1324.6600341796875,2157290000,0.0003623423794523184,0.03622767493055886
2006-05-10,1322.8499755859375,1322.8499755859375,1325.510009765625,1317.43994140625,1324.5699462890625,2268550000,-0.0017281487519698047,-0.1729643723628145
2006-05-11,1305.9200439453125,1305.9200439453125,1322.6300048828125,1303.449951171875,1322.6300048828125,2531520000,-0.012798073820219913,-1.288067467835875
2006-05-12,1291.239990234375,1291.239990234375,1305.8800048828125,1290.3800048828125,1305.8800048828125,2567970000,-0.011241158123729833,-1.1304817461096426
2006-05-15,1294.5,1294.5,1294.81005859375,1284.510009765625,1291.18994140625,2505660000,0.002524712516867922,0.2521530784402824
2006-05-16,1292.0799560546875,1292.0799560546875,1297.8800048828125,1288.510009765625,1294.5,2386210000,-0.0018694816109019463,-0.1871231272629041
2006-05-17,1270.3199462890625,1270.3199462890625,1291.72998046875,1267.31005859375,1291.72998046875,2830200000,-0.01684107060376383,-1.6984493982545659
2006-05-18,1261.81005859375,1261.81005859375,1274.8900146484375,1261.75,1270.25,2537490000,-0.006699011316142922,-0.6721550408601831
2006-05-19,1267.030029296875,1267.030029296875,1272.1500244140625,1256.280029296875,1261.81005859375,2982300000,0.004136891022205491,0.41283576149624396
2006-05-22,1262.0699462890625,1262.0699462890625,1268.77001953125,1252.97998046875,1267.030029296875,2773010000,-0.0039147320056533985,-0.39224146258121
2006-05-23,1256.5799560546875,1256.5799560546875,1273.6700439453125,1256.1500244140625,1262.06005859375,2605250000,-0.004349988881771183,-0.43594776106485444
2006-05-24,1258.5699462890625,1258.5699462890625,1264.530029296875,1245.3399658203125,1256.56005859375,2999030000,0.0015836558786301858,0.1582403218007078
2006-05-25,1272.8800048828125,1272.8800048828125,1273.260009765625,1258.4100341796875,1258.4100341796875,2372730000,0.011370093999100828,1.130594031131146
2006-05-26,1280.1600341796875,1280.1600341796875,1280.5400390625,1272.5,1272.7099609375,1814020000,0.005719336676629716,0.5703043365720523
2006-05-30,1259.8699951171875,1259.8699951171875,1280.0400390625,1259.8699951171875,1280.0400390625,2176190000,-0.015849611392923735,-1.597655965752121
2006-05-31,1270.0899658203125,1270.0899658203125,1270.0899658203125,1259.3800048828125,1259.3800048828125,2692160000,0.00811192483568468,0.8079200028414162
2006-06-01,1285.7099609375,1285.7099609375,1285.7099609375,1269.18994140625,1270.050048828125,2360160000,0.012298337548946048,1.2223327369858277
2006-06-02,1288.219970703125,1288.219970703125,1290.6800537109375,1280.219970703125,1285.7099609375,2295540000,0.0019522363844757251,0.19503332475381976
2006-06-05,1265.2900390625,1265.2900390625,1288.1600341796875,1264.6600341796875,1288.1600341796875,2313470000,-0.017799702040102394,-1.7960022017338575
2006-06-06,1263.8499755859375,1263.8499755859375,1269.8800048828125,1254.4599609375,1265.22998046875,2697650000,-0.0011381291499216184,-0.11387773107430577
2006-06-07,1256.1500244140625,1256.1500244140625,1272.469970703125,1255.77001953125,1263.6099853515625,2644170000,-0.00609245663695579,-0.611109137700848
2006-06-08,1257.9300537109375,1257.9300537109375,1259.8499755859375,1235.1800537109375,1256.0799560546875,3543790000,0.0014170515163627329,0.14160484463521572
2006-06-09,1252.300048828125,1252.300048828125,1262.5799560546875,1250.030029296875,1257.9300537109375,2214000000,-0.004475610441298961,-0.4485655970165158
2006-06-12,1237.43994140625,1237.43994140625,1255.219970703125,1236.4300537109375,1252.27001953125,2247010000,-0.011866251571083786,-1.1937217492592567
2006-06-13,1223.68994140625,1223.68994140625,1243.3699951171875,1222.52001953125,1236.0799560546875,3215770000,-0.01111165038391615,-1.117384593032396
2006-06-14,1230.0400390625,1230.0400390625,1231.4599609375,1219.2900390625,1223.6600341796875,2667990000,0.005189302813874974,0.517588478216243
2006-06-15,1256.1600341796875,1256.1600341796875,1258.6400146484375,1230.010009765625,1230.010009765625,2775480000,0.021235077141956493,2.1012754739616786
2006-06-16,1251.5400390625,1251.5400390625,1256.27001953125,1246.3299560546875,1256.1600341796875,2783390000,-0.003677871442713476,-0.36846514409677683
2006-06-19,1240.1300048828125,1240.1300048828125,1255.9300537109375,1237.1700439453125,1251.5400390625,2517200000,-0.009116795167204206,-0.915860746773235
2006-06-20,1240.1199951171875,1240.1199951171875,1249.010009765625,1238.8699951171875,1240.1199951171875,2232950000,-8.071545390841983e-06,-0.000807157796593977
2006-06-21,1252.199951171875,1252.199951171875,1257.9599609375,1240.0899658203125,1240.0899658203125,2361230000,0.009740957409162698,0.9693820144398816
2006-06-22,1245.5999755859375,1245.5999755859375,1251.9200439453125,1241.530029296875,1251.9200439453125,2148180000,-0.005270704235182944,-0.5284643397792973
2006-06-23,1244.5,1244.5,1253.1300048828125,1241.4300537109375,1245.5899658203125,2017270000,-0.0008830889591340263,-0.08834791118988758
2006-06-26,1250.56005859375,1250.56005859375,1250.9200439453125,1243.6800537109375,1244.5,1878580000,0.004869472554238641,0.4857655020670141
2006-06-27,1239.199951171875,1239.199951171875,1253.3699951171875,1238.93994140625,1250.550048828125,2203130000,-0.00908401587257579,-0.9125527128600107
2006-06-28,1246.0,1246.0,1247.06005859375,1237.5899658203125,1238.989990234375,2085490000,0.005487450852216691,0.5472449647681757
2006-06-29,1272.8699951171875,1272.8699951171875,1272.8800048828125,1245.93994140625,1245.93994140625,2621250000,0.021565004106891994,2.1335769185163973
2006-06-30,1270.199951171875,1270.199951171875,1276.300048828125,1270.199951171875,1272.8599853515625,3049560000,-0.002097656442177853,-0.20998596049774926
2006-07-03,1280.18994140625,1280.18994140625,1280.3800048828125,1270.06005859375,1270.06005859375,1114470000,0.0078648957789349,0.7834128700747955
2006-07-05,1270.9100341796875,1270.9100341796875,1280.050048828125,1265.9100341796875,1280.050048828125,2165070000,-0.007248851851131444,-0.7275252437706834
2006-07-06,1274.0799560546875,1274.0799560546875,1278.3199462890625,1270.5799560546875,1270.5799560546875,2009160000,0.0024942142163870695,0.24911088267079962
2006-07-07,1265.47998046875,1265.47998046875,1275.3800048828125,1263.1300048828125,1274.0799560546875,1988150000,-0.006749949675504019,-0.6772833620935191
2006-07-10,1267.3399658203125,1267.3399658203125,1274.06005859375,1264.4599609375,1265.4599609375,1854590000,0.0014697864685884188,0.1468707389671119
2006-07-11,1272.4300537109375,1272.4300537109375,1273.6400146484375,1259.6500244140625,1267.260009765625,2310850000,0.004016355538295047,0.4008311513638601
2006-07-12,1258.5999755859375,1258.5999755859375,1273.31005859375,1257.2900390625,1272.3900146484375,2250450000,-0.01086902819111013,-1.0928527604668774
2006-07-13,1242.280029296875,1242.280029296875,1258.5799560546875,1241.4300537109375,1258.5799560546875,2545760000,-0.012966746071534585,-1.3051548192745042
2006-07-14,1236.199951171875,1236.199951171875,1242.699951171875,1228.449951171875,1242.2900390625,2467120000,-0.004894289517349271,-0.49063057756867906
2006-07-17,1234.489990234375,1234.489990234375,1240.0699462890625,1231.489990234375,1236.199951171875,2146410000,-0.001383239771105771,-0.13841973303625144
2006-07-18,1236.8599853515625,1236.8599853515625,1239.8599853515625,1224.5400390625,1234.47998046875,2481750000,0.001919817200573215,0.1917976706762714
2006-07-19,1259.81005859375,1259.81005859375,1261.81005859375,1236.739990234375,1236.739990234375,2701980000,0.018555110128867458,1.8385064331204772
2006-07-20,1249.1300048828125,1249.1300048828125,1262.56005859375,1249.1300048828125,1259.81005859375,2345580000,-0.008477511064532206,-0.8513649549338661
2006-07-21,1240.2900390625,1240.2900390625,1250.9599609375,1238.719970703125,1249.1199951171875,2704090000,-0.007076898149718125,-0.7102058166951474
2006-07-24,1260.9100341796875,1260.9100341796875,1262.5,1240.25,1240.25,2312720000,0.016625139659086186,1.6488454880015904
2006-07-25,1268.8800048828125,1268.8800048828125,1272.3900146484375,1257.18994140625,1260.9100341796875,2563930000,0.0063208083741757015,0.6300915845493745
2006-07-26,1268.4000244140625,1268.4000244140625,1273.8900146484375,1261.93994140625,1268.8699951171875,2667710000,-0.00037827096880949096,-0.0378342531319662
2006-07-27,1263.199951171875,1263.199951171875,1275.8499755859375,1261.9200439453125,1268.199951171875,2776710000,-0.004099710771126586,-0.4108137624991621
2006-07-28,1278.550048828125,1278.550048828125,1280.4200439453125,1263.1500244140625,1263.1500244140625,2480420000,0.012151756055729379,1.2078516199717921
2006-07-31,1276.6600341796875,1276.6600341796875,1278.6600341796875,1274.31005859375,1278.530029296875,2461300000,-0.0014782484660414985,-0.1479342153265696
2006-08-01,1270.9200439453125,1270.9200439453125,1278.6600341796875,1265.7099609375,1278.530029296875,2527690000,-0.004496099259552078,-0.4506237112435881
2006-08-02,1277.4100341796875,1277.4100341796875,1283.4200439453125,1270.72998046875,1270.72998046875,2610750000,0.005106529136347682,0.5093535034171588
2006-08-03,1280.27001953125,1280.27001953125,1283.9599609375,1271.25,1278.219970703125,2728440000,0.0022388937577111356,0.223639116973828
2006-08-04,1279.3599853515625,1279.3599853515625,1292.9200439453125,1273.8199462890625,1280.260009765625,2530970000,-0.0007108142546528029,-0.07110670028835725
2006-08-07,1275.77001953125,1275.77001953125,1279.31005859375,1273.0,1279.31005859375,2045660000,-0.0028060638611625555,-0.2810008238870877
2006-08-08,1271.47998046875,1271.47998046875,1282.75,1268.3699951171875,1275.6700439453125,2457840000,-0.003362705657620202,-0.33683722592652554
2006-08-09,1265.949951171875,1265.949951171875,1283.739990234375,1264.72998046875,1271.1300048828125,2555180000,-0.004349285385394919,-0.4358771040950483
2006-08-10,1271.81005859375,1271.81005859375,1272.550048828125,1261.300048828125,1265.719970703125,2402190000,0.0046290198253495785,0.4618338861988249
2006-08-11,1266.739990234375,1266.739990234375,1271.6400146484375,1262.0799560546875,1271.6400146484375,2004540000,-0.003986498082096501,-0.39944653469490954
2006-08-14,1268.2099609375,1268.2099609375,1278.9000244140625,1266.6700439453125,1266.6700439453125,2118020000,0.0011604360124866098,0.11597632270497371
2006-08-15,1285.5799560546875,1285.5799560546875,1286.22998046875,1268.18994140625,1268.18994140625,2334100000,0.013696466399260254,1.3603517555473534
2006-08-16,1295.4300537109375,1295.4300537109375,1296.2099609375,1285.27001953125,1285.27001953125,2554570000,0.007661987579892671,0.7632783631721066
2006-08-17,1297.47998046875,1297.47998046875,1300.780029296875,1292.7099609375,1295.3699951171875,2458340000,0.0015824295197877092,0.15811787974745858
2006-08-18,1302.300048828125,1302.300048828125,1302.300048828125,1293.5699462890625,1297.47998046875,2033910000,0.003714946228020821,0.3708062857582507
2006-08-21,1297.52001953125,1297.52001953125,1302.300048828125,1295.510009765625,1302.300048828125,1759240000,-0.003670451599211977,-0.36772042352294726
2006-08-22,1298.8199462890625,1298.8199462890625,1302.489990234375,1294.43994140625,1297.52001953125,1908740000,0.0010018548756436374,0.10013533539877052
2006-08-23,1292.989990234375,1292.989990234375,1301.5,1289.8199462890625,1298.72998046875,1893670000,-0.0044886560845824874,-0.4498760349021232
2006-08-24,1296.06005859375,1296.06005859375,1297.22998046875,1291.4000244140625,1292.969970703125,1930320000,0.0023743945293950297,0.2371580108853858
2006-08-25,1295.0899658203125,1295.0899658203125,1298.8800048828125,1292.3900146484375,1295.9200439453125,1667580000,-0.0007484936882400373,-0.07487739494986201
2006-08-28,1301.780029296875,1301.780029296875,1305.02001953125,1293.969970703125,1295.0899658203125,1834920000,0.005165713311912734,0.5152416785938775
2006-08-29,1304.280029296875,1304.280029296875,1305.02001953125,1295.2900390625,1301.5699462890625,2093720000,0.0019204473442031578,0.19186056427523657
2006-08-30,1305.3699951171875,1305.3699951171875,1306.739990234375,1302.1500244140625,1303.699951171875,2060690000,0.0008356838990319915,0.08353349096587734
2006-08-31,1303.8199462890625,1303.8199462890625,1306.1099853515625,1302.449951171875,1304.25,1974540000,-0.0011874402153588814,-0.11881457810914624
2006-09-01,1311.010009765625,1311.010009765625,1312.030029296875,1303.800048828125,1303.800048828125,1800520000,0.00551461380616769,0.5499463994837352
2006-09-05,1313.25,1313.25,1314.6700439453125,1308.8199462890625,1310.93994140625,2114480000,0.0017085988800158436,0.17071408854651043
2006-09-06,1300.260009765625,1300.260009765625,1313.0400390625,1299.280029296875,1313.0400390625,2329870000,-0.009891483140586299,-0.994072887125942
2006-09-07,1294.02001953125,1294.02001953125,1301.25,1292.1300048828125,1300.2099609375,2325850000,-0.004799032645401269,-0.4810584977398314
2006-09-08,1298.9200439453125,1298.9200439453125,1300.1400146484375,1294.02001953125,1294.02001953125,2132890000,0.0037866681659510792,0.3779516785635686
2006-09-11,1299.5400390625,1299.5400390625,1302.3599853515625,1290.9300537109375,1298.8599853515625,2506430000,0.00047731584409493877,0.04772019651234773
2006-09-12,1313.0,1313.0,1314.280029296875,1299.530029296875,1299.530029296875,2791580000,0.010357480749273451,1.0304209566623772
2006-09-13,1318.0699462890625,1318.0699462890625,1319.9200439453125,1311.1199951171875,1312.739990234375,2597220000,0.00386134523157855,0.38539093735431007
2006-09-14,1316.280029296875,1316.280029296875,1318.0,1313.25,1318.0,2351220000,-0.0013579833128180008,-0.1358906207768862
2006-09-15,1319.6600341796875,1319.6600341796875,1324.6500244140625,1316.280029296875,1316.280029296875,3198030000,0.0025678463606395585,0.2564555076311261
2006-09-18,1321.1800537109375,1321.1800537109375,1324.8699951171875,1318.1600341796875,1319.8499755859375,2325080000,0.0011518266007009004,0.11511637573800798
2006-09-19,1317.6400146484375,1317.6400146484375,1322.0400390625,1312.1700439453125,1321.1700439453125,2390850000,-0.0026794523975416373,-0.2683048555375884
2006-09-20,1325.1800537109375,1325.1800537109375,1328.530029296875,1318.280029296875,1318.280029296875,2543070000,0.005722381666218412,0.5706071034442843
2006-09-21,1318.030029296875,1318.030029296875,1328.18994140625,1315.449951171875,1324.8900146484375,2627440000,-0.005395511646919315,-0.5410119989902893
2006-09-22,1314.780029296875,1314.780029296875,1318.030029296875,1310.93994140625,1318.030029296875,2162880000,-0.002465801178850091,-0.246884627333857
2006-09-25,1326.3699951171875,1326.3699951171875,1329.3499755859375,1311.5799560546875,1314.780029296875,2710240000,0.00881513680011592,0.8776510314245869
2006-09-26,1336.3499755859375,1336.3499755859375,1336.5999755859375,1325.300048828125,1326.3499755859375,2673350000,0.007524280936307193,0.7496114733216496
2006-09-27,1336.5899658203125,1336.5899658203125,1340.0799560546875,1333.5400390625,1336.1199951171875,2749190000,0.00017958636491899327,0.017957024121812985
2006-09-28,1338.8800048828125,1338.8800048828125,1340.280029296875,1333.75,1336.56005859375,2397820000,0.0017133444968626677,0.17118783965645723
2006-09-29,1335.8499755859375,1335.8499755859375,1339.8800048828125,1335.6400146484375,1339.1500244140625,2273430000,-0.0022631074374287463,-0.2265672135253866
2006-10-02,1331.3199462890625,1331.3199462890625,1338.5400390625,1330.280029296875,1335.8199462890625,2154480000,-0.00339112129330843,-0.3396884177235413
2006-10-03,1334.1099853515625,1334.1099853515625,1338.31005859375,1327.0999755859375,1331.3199462890625,2682690000,0.0020956938790537283,0.20935009758710987
2006-10-04,1350.199951171875,1350.199951171875,1350.199951171875,1331.47998046875,1333.81005859375,3019880000,0.012060449286025232,1.198830157743166
2006-10-05,1353.219970703125,1353.219970703125,1353.7900390625,1347.75,1349.8399658203125,2817240000,0.002236720219570998,0.22342224846966835
2006-10-06,1349.5899658203125,1349.5899658203125,1353.219970703125,1344.2099609375,1353.219970703125,2523000000,-0.0026824943182935934,-0.2686098653359275
2006-10-09,1350.6600341796875,1350.6600341796875,1352.68994140625,1346.550048828125,1349.5799560546875,1935170000,0.0007928840510640356,0.0792569884558926
2006-10-10,1353.4200439453125,1353.4200439453125,1354.22998046875,1348.5999755859375,1350.6199951171875,2376140000,0.0020434526052304225,0.20413675958842037
2006-10-11,1349.949951171875,1349.949951171875,1353.969970703125,1343.5699462890625,1353.280029296875,2521000000,-0.002563943683974057,-0.2567236216697791
2006-10-12,1362.8299560546875,1362.8299560546875,1363.760009765625,1349.93994140625,1349.93994140625,2514350000,0.009541098076733423,0.9495869261272885
2006-10-13,1365.6199951171875,1365.6199951171875,1366.6300048828125,1360.5,1362.8199462890625,2482920000,0.002047239312655602,0.20451465739917868
2006-10-16,1369.06005859375,1369.06005859375,1370.199951171875,1364.47998046875,1365.6099853515625,2305920000,0.0025190488487738527,0.25158813634742494
2006-10-17,1364.050048828125,1364.050048828125,1369.050048828125,1356.8699951171875,1369.050048828125,2519620000,-0.0036594521432252725,-0.36661643184791043
2006-10-18,1365.800048828125,1365.800048828125,1372.8699951171875,1360.949951171875,1363.9300537109375,2658840000,0.0012829441276758224,0.12821218580672925
2006-10-19,1366.9599609375,1366.9599609375,1368.0899658203125,1362.06005859375,1365.949951171875,2619830000,0.0008492546990097605,0.08488942862782346
2006-10-20,1368.5999755859375,1368.5999755859375,1368.6600341796875,1362.0999755859375,1366.93994140625,2526410000,0.0011997532446470505,0.11990341158502982
2006-10-23,1377.02001953125,1377.02001953125,1377.4000244140625,1363.93994140625,1368.5799560546875,2480430000,0.006152304614580828,0.6133456455451609
2006-10-24,1377.3800048828125,1377.3800048828125,1377.780029296875,1372.4200439453125,1377.02001953125,2876890000,0.0002614234698528062,0.026138930469176484
2006-10-25,1382.219970703125,1382.219970703125,1383.6099853515625,1376.0,1377.3599853515625,2953540000,0.003513892900401272,0.3507733603266655
2006-10-26,1389.0799560546875,1389.0799560546875,1389.449951171875,1379.469970703125,1382.2099609375,2793350000,0.004963019994619788,0.4950744808794787
2006-10-27,1377.3399658203125,1377.3399658203125,1388.8900146484375,1375.8499755859375,1388.8900146484375,2458450000,-0.00845163029183671,-0.8487547836851526
2006-10-30,1377.9300537109375,1377.9300537109375,1381.219970703125,1373.4599609375,1377.300048828125,2770440000,0.00042842573748558266,0.04283339893832096
2006-10-31,1377.93994140625,1377.93994140625,1381.2099609375,1372.18994140625,1377.9300537109375,2803030000,7.175759964006545e-06,0.0007175734218364178
2006-11-01,1367.81005859375,1367.81005859375,1381.949951171875,1366.260009765625,1377.760009765625,2821160000,-0.007351469035843494,-0.737862425334979
2006-11-02,1367.3399658203125,1367.3399658203125,1368.3900146484375,1362.2099609375,1367.43994140625,2646180000,-0.0003436827873022352,-0.034374185976655966
2006-11-03,1364.300048828125,1364.300048828125,1371.6800537109375,1360.97998046875,1367.31005859375,2419730000,-0.0022232342125417803,-0.22257092668210424
2006-11-06,1379.780029296875,1379.780029296875,1381.4000244140625,1364.27001953125,1364.27001953125,2533550000,0.011346463325312195,1.1282575026932746
2006-11-07,1382.8399658203125,1382.8399658203125,1388.18994140625,1379.18994140625,1379.75,2636390000,0.002217698805944357,0.22152433415975262
2006-11-08,1385.719970703125,1385.719970703125,1388.6099853515625,1379.3299560546875,1382.5,2814820000,0.0020826740288086842,0.2080508269778957
2006-11-09,1378.3299560546875,1378.3299560546875,1388.9200439453125,1377.31005859375,1385.4300537109375,3012050000,-0.005332978382845854,-0.5347249472951695
2006-11-10,1380.9000244140625,1380.9000244140625,1381.0400390625,1375.5999755859375,1378.3299560546875,2290200000,0.0018646249021037065,0.1862888647065484
2006-11-13,1384.4200439453125,1384.4200439453125,1387.6099853515625,1378.800048828125,1380.5799560546875,2386340000,0.0025490763045961096,0.25458329201797897
2006-11-14,1393.219970703125,1393.219970703125,1394.489990234375,1379.0699462890625,1384.3599853515625,3027480000,0.006356399415263114,0.6336282710039514
2006-11-15,1396.5699462890625,1396.5699462890625,1401.3499755859375,1392.1300048828125,1392.9100341796875,2831130000,0.002404484328664136,0.24015981817582427
2006-11-16,1399.760009765625,1399.760009765625,1403.760009765625,1396.530029296875,1396.530029296875,2835730000,0.002284213178895156,0.22816083299046205
2006-11-17,1401.199951171875,1401.199951171875,1401.2099609375,1394.550048828125,1399.760009765625,2726100000,0.0010287059183031744,0.10281771629614289
2006-11-20,1400.5,1400.5,1404.3699951171875,1397.8499755859375,1401.1700439453125,2546710000,-0.0004995369656483062,-0.04996617758049194
2006-11-21,1402.81005859375,1402.81005859375,1403.489990234375,1399.989990234375,1400.4300537109375,2597940000,0.001649452762406245,0.16480939092360739
2006-11-22,1406.0899658203125,1406.0899658203125,1407.8900146484375,1402.260009765625,1402.68994140625,2237710000,0.0023380978817977294,0.2335368784049262
2006-11-24,1400.949951171875,1400.949951171875,1405.93994140625,1399.25,1405.93994140625,832550000,-0.0036555375355650233,-0.36622353406025426
2006-11-27,1381.9599609375,1381.9599609375,1400.949951171875,1381.43994140625,1400.949951171875,2711210000,-0.013555081120842472,-1.3647789970175506
2006-11-28,1386.719970703125,1386.719970703125,1387.9100341796875,1377.8299560546875,1381.6099853515625,2639750000,0.0034443905034671207,0.34384721766224924
2006-11-29,1399.47998046875,1399.47998046875,1401.1400146484375,1386.1099853515625,1386.1099853515625,2790970000,0.009201576407062984,0.9159499819874409
2006-11-30,1400.6300048828125,1400.6300048828125,1406.300048828125,1393.8299560546875,1399.469970703125,4006230000,0.0008217512433992269,0.08214137907016746
2006-12-01,1396.7099609375,1396.7099609375,1402.4599609375,1385.9300537109375,1400.6300048828125,2800980000,-0.002798771932377986,-0.28026958176261096
2006-12-04,1409.1199951171875,1409.1199951171875,1411.22998046875,1396.6700439453125,1396.6700439453125,2766320000,0.00888519057411008,0.8845949539756106
2006-12-05,1414.760009765625,1414.760009765625,1415.27001953125,1408.780029296875,1409.0999755859375,2755700000,0.00400250842226435,0.3994519694966535
2006-12-06,1412.9000244140625,1412.9000244140625,1415.9300537109375,1411.050048828125,1414.4000244140625,2725280000,-0.0013147002592126533,-0.13155652358048572
2006-12-07,1407.2900390625,1407.2900390625,1418.27001953125,1406.800048828125,1412.8599853515625,2743150000,-0.003970546574156186,-0.39784501220787016
2006-12-08,1409.8399658203125,1409.8399658203125,1414.0899658203125,1403.6700439453125,1407.27001953125,2440460000,0.001811941168510689,0.18103015833673988
2006-12-11,1413.0400390625,1413.0400390625,1415.5999755859375,1408.56005859375,1409.81005859375,2289900000,0.002269813113380925,0.22672409790369433
2006-12-12,1411.56005859375,1411.56005859375,1413.780029296875,1404.75,1413.0,2738170000,-0.0010473733424651854,-0.10479222212118866
2006-12-13,1413.2099609375,1413.2099609375,1416.6400146484375,1411.050048828125,1411.3199462890625,2552260000,0.0011688502615989638,0.11681676879644158
2006-12-14,1425.489990234375,1425.489990234375,1427.22998046875,1413.1600341796875,1413.1600341796875,2729700000,0.008689458492585622,0.8651922436740064
2006-12-15,1427.0899658203125,1427.0899658203125,1431.6300048828125,1425.47998046875,1425.47998046875,3229580000,0.0011224039431343424,0.11217745187634652
2006-12-18,1422.47998046875,1422.47998046875,1431.81005859375,1420.6500244140625,1427.0799560546875,2568140000,-0.00323033968563613,-0.3235568496471714
2006-12-19,1425.550048828125,1425.550048828125,1428.300048828125,1414.8800048828125,1422.4200439453125,2717060000,0.002158250661892236,0.2155924984594354
2006-12-20,1423.530029296875,1423.530029296875,1429.050048828125,1423.510009765625,1425.510009765625,2387630000,-0.0014170106008628558,-0.1418015509807603
2006-12-21,1418.300048828125,1418.300048828125,1426.4000244140625,1415.9000244140625,1423.199951171875,2322410000,-0.003673951628075822,-0.36807171642770387
2006-12-22,1410.760009765625,1410.760009765625,1418.8199462890625,1410.280029296875,1418.0999755859375,1647590000,-0.005316251006780903,-0.5330432553268684
2006-12-26,1416.9000244140625,1416.9000244140625,1417.9100341796875,1410.449951171875,1410.75,1310310000,0.004352274381138388,0.4342830626287104
2006-12-27,1426.8399658203125,1426.8399658203125,1427.719970703125,1416.6300048828125,1416.6300048828125,1667370000,0.007015273650207154,0.6990781099262332
2006-12-28,1424.72998046875,1424.72998046875,1427.260009765625,1422.050048828125,1426.77001953125,1508570000,-0.0014787820653379136,-0.14798765426649957
2006-12-29,1418.300048828125,1418.300048828125,1427.0,1416.8399658203125,1424.7099609375,1678200000,-0.004513087903512458,-0.4523302629615828
2007-01-03,1416.5999755859375,1416.5999755859375,1429.4200439453125,1407.8599853515625,1418.030029296875,3429160000,-0.0011986696634412874,-0.11993886425253535
2007-01-04,1418.3399658203125,1418.3399658203125,1421.8399658203125,1408.4300537109375,1416.5999755859375,3004460000,0.0012282862236074887,0.12275324972152997
2007-01-05,1409.7099609375,1409.7099609375,1418.3399658203125,1405.75,1418.3399658203125,2919400000,-0.006084581335068839,-0.6103167832470129
2007-01-08,1412.8399658203125,1412.8399658203125,1414.97998046875,1403.969970703125,1409.260009765625,2763340000,0.00222031834174663,0.22178570774974288
2007-01-09,1412.1099853515625,1412.1099853515625,1415.6099853515625,1405.4200439453125,1412.8399658203125,3038380000,-0.00051667597633831,-0.05168094993646467
2007-01-10,1414.8499755859375,1414.8499755859375,1415.989990234375,1405.3199462890625,1408.699951171875,2764660000,0.0019403518584233392,0.1938471807337008
2007-01-11,1423.8199462890625,1423.8199462890625,1427.1199951171875,1414.8399658203125,1414.8399658203125,2857870000,0.006339874091180642,0.6319861629223327
2007-01-12,1430.72998046875,1430.72998046875,1431.22998046875,1422.5799560546875,1423.8199462890625,2686480000,0.004853165737491727,0.4841427093058067
2007-01-16,1431.9000244140625,1431.9000244140625,1433.9300537109375,1428.6199951171875,1430.72998046875,2599530000,0.000817795084526729,0.08174608723255757
2007-01-17,1430.6199951171875,1430.6199951171875,1435.27001953125,1428.5699462890625,1431.77001953125,2690270000,-0.0008939376178855873,-0.08943374184001605
2007-01-18,1426.3699951171875,1426.3699951171875,1432.9599609375,1424.2099609375,1430.5899658203125,2822430000,-0.002970739969038294,-0.2975161375757787
2007-01-19,1430.5,1430.5,1431.5699462890625,1425.18994140625,1426.3499755859375,2777480000,0.0028954653399542174,0.28912815542454734
2007-01-22,1422.949951171875,1422.949951171875,1431.3900146484375,1420.4000244140625,1430.469970703125,2540120000,-0.005277909002534109,-0.5291886366783456
2007-01-23,1427.989990234375,1427.989990234375,1431.3299560546875,1421.6600341796875,1422.949951171875,2975070000,0.003541965097471733,0.3535707111787036
2007-01-24,1440.1300048828125,1440.1300048828125,1440.1400146484375,1427.9599609375,1427.9599609375,2783180000,0.008501470410478884,0.8465536428398069
2007-01-25,1423.9000244140625,1423.9000244140625,1440.68994140625,1422.3399658203125,1440.1199951171875,2994330000,-0.011269802319041844,-1.133378773070705
2007-01-26,1422.1800537109375,1422.1800537109375,1427.27001953125,1416.9599609375,1423.9000244140625,2626620000,-0.001207929400684371,-0.12086595354295969
2007-01-29,1420.6199951171875,1420.6199951171875,1426.93994140625,1418.4599609375,1422.030029296875,2730480000,-0.001096948722968838,-0.10975508115664012
2007-01-30,1428.8199462890625,1428.8199462890625,1428.8199462890625,1420.6099853515625,1420.6099853515625,2706250000,0.005772093311412707,0.5755498607645567
2007-01-31,1438.239990234375,1438.239990234375,1441.6099853515625,1424.780029296875,1428.6500244140625,2976690000,0.006592883847806208,0.6571245841597129
2007-02-01,1445.93994140625,1445.93994140625,1446.6400146484375,1437.9000244140625,1437.9000244140625,2914890000,0.005353731800087358,0.5339451523831852
2007-02-02,1448.3900146484375,1448.3900146484375,1449.3299560546875,1444.489990234375,1445.93994140625,2569450000,0.0016944502133364736,0.16930162521957198
2007-02-05,1446.989990234375,1446.989990234375,1449.3800048828125,1443.8499755859375,1448.3299560546875,2439430000,-0.0009666073363550076,-0.09670748024880951
2007-02-06,1448.0,1448.0,1450.18994140625,1443.4000244140625,1446.97998046875,2608710000,0.0006980074309024253,0.06977639370160676
2007-02-07,1450.02001953125,1450.02001953125,1452.989990234375,1446.43994140625,1447.4100341796875,2618820000,0.0013950411127416906,0.13940689469243953
2007-02-08,1448.31005859375,1448.31005859375,1450.449951171875,1442.81005859375,1449.989990234375,2816180000,-0.0011792671235344443,-0.11799630061502266
2007-02-09,1438.06005859375,1438.06005859375,1452.449951171875,1433.43994140625,1448.25,2951810000,-0.0070772138460132306,-0.7102376113371196
2007-02-12,1433.3699951171875,1433.3699951171875,1439.1099853515625,1431.43994140625,1438.0,2395680000,-0.0032613821992586445,-0.32667120978962083
2007-02-13,1444.260009765625,1444.260009765625,1444.4100341796875,1433.219970703125,1433.219970703125,2652150000,0.007597490309923183,0.7568774732917578
2007-02-14,1455.300048828125,1455.300048828125,1457.6500244140625,1443.9100341796875,1443.9100341796875,2699290000,0.007644080004882037,0.7615012063124971
2007-02-15,1456.81005859375,1456.81005859375,1457.969970703125,1453.18994140625,1455.1500244140625,2490920000,0.0010375934274453602,0.1037055499453231
2007-02-16,1455.5400390625,1455.5400390625,1456.77001953125,1451.5699462890625,1456.77001953125,2399450000,-0.0008717811383565088,-0.08721613605295131
2007-02-20,1459.6800537109375,1459.6800537109375,1460.530029296875,1449.199951171875,1455.530029296875,2337860000,0.002844315193901492,0.2840277783407165
2007-02-21,1457.6300048828125,1457.6300048828125,1459.5999755859375,1452.02001953125,1459.5999755859375,2606980000,-0.001404450806129165,-0.14054379715543586
2007-02-22,1456.3800048828125,1456.3800048828125,1461.5699462890625,1450.510009765625,1457.2900390625,1950770000,-0.0008575564414925463,-0.08579243533695571
2007-02-23,1451.18994140625,1451.18994140625,1456.219970703125,1448.3599853515625,1456.219970703125,2579950000,-0.003563673944411261,-0.35700389567874835
2007-02-26,1449.3699951171875,1449.3699951171875,1456.949951171875,1445.47998046875,1451.0400390625,2822170000,-0.0012541061904680628,-0.12548932397342685
2007-02-27,1399.0400390625,1399.0400390625,1449.25,1389.4200439453125,1449.25,4065230000,-0.034725402225963764,-3.5342660843100724
2007-02-28,1406.8199462890625,1406.8199462890625,1415.8900146484375,1396.6500244140625,1398.6400146484375,3925250000,0.005560889616694542,0.5545484952734019
2007-03-01,1403.1700439453125,1403.1700439453125,1409.4599609375,1380.8699951171875,1406.800048828125,3874910000,-0.0025944345993798024,-0.25978059773005213
2007-03-02,1387.1700439453125,1387.1700439453125,1403.4000244140625,1386.8699951171875,1403.1600341796875,3312260000,-0.011402751982227732,-1.1468261829749615
2007-03-05,1374.1199951171875,1374.1199951171875,1391.8599853515625,1373.969970703125,1387.1099853515625,3480520000,-0.009407677800631231,-0.9452209514841423
2007-03-06,1395.4100341796875,1395.4100341796875,1397.9000244140625,1374.06005859375,1374.06005859375,3358160000,0.01549358071940743,1.5374780717887004
2007-03-07,1391.969970703125,1391.969970703125,1401.1600341796875,1390.6400146484375,1395.02001953125,3141350000,-0.0024652707034493737,-0.24683144867990262
2007-03-08,1401.8900146484375,1401.8900146484375,1407.9300537109375,1391.8800048828125,1391.8800048828125,3014850000,0.007126622092502144,0.7101347730782964
2007-03-09,1402.8399658203125,1402.8399658203125,1410.1500244140625,1397.300048828125,1401.8900146484375,2623050000,0.0006776217548800645,0.06773922729208479
2007-03-12,1406.5999755859375,1406.5999755859375,1409.3399658203125,1398.4000244140625,1402.800048828125,2664000000,0.0026802841786919274,0.26766986224967043
2007-03-13,1377.949951171875,1377.949951171875,1406.22998046875,1377.7099609375,1406.22998046875,3485570000,-0.020368281609082217,-2.057857550740609
2007-03-14,1387.1700439453125,1387.1700439453125,1388.0899658203125,1363.97998046875,1377.8599853515625,3758350000,0.006691166660731218,0.666888016495876
2007-03-15,1392.280029296875,1392.280029296875,1395.72998046875,1385.1600341796875,1387.1099853515625,2821900000,0.003683748343518811,0.3676979959512594
2007-03-16,1386.949951171875,1386.949951171875,1397.510009765625,1383.6300048828125,1392.280029296875,3393640000,-0.003828308970065253,-0.3835655701215665
2007-03-19,1402.06005859375,1402.06005859375,1403.199951171875,1386.949951171875,1386.949951171875,2777180000,0.010894486429815275,1.0835569042727349
2007-03-20,1410.93994140625,1410.93994140625,1411.530029296875,1400.699951171875,1402.0400390625,2795940000,0.006333453947334089,0.6313481911504475
2007-03-21,1435.0400390625,1435.0400390625,1437.77001953125,1409.75,1410.9200439453125,3184770000,0.017080881296924755,1.6936643202980273
2007-03-22,1434.5400390625,1434.5400390625,1437.6600341796875,1429.8800048828125,1435.0400390625,3129970000,-0.0003484223341437831,-0.0348483047308206
2007-03-23,1436.1099853515625,1436.1099853515625,1438.8900146484375,1433.2099609375,1434.5400390625,2619020000,0.001094390010953239,0.10937916027600407
2007-03-26,1437.5,1437.5,1437.6500244140625,1423.280029296875,1436.1099853515625,2754660000,0.0009679026415914116,0.0967434525865559
2007-03-27,1428.6099853515625,1428.6099853515625,1437.489990234375,1425.5400390625,1437.489990234375,2673040000,-0.006184358016304348,-0.6203560368758968
2007-03-28,1417.22998046875,1417.22998046875,1428.3499755859375,1414.0699462890625,1428.3499755859375,3000440000,-0.00796578842336182,-0.7997684815493823
2007-03-29,1422.530029296875,1422.530029296875,1426.239990234375,1413.27001953125,1417.1700439453125,2854710000,0.0037397238988494674,0.37327485166896573
2007-03-30,1420.8599853515625,1420.8599853515625,1429.219970703125,1408.9000244140625,1422.52001953125,2903960000,-0.0011739955648866207,-0.11746852375143864
2007-04-02,1424.550048828125,1424.550048828125,1425.489990234375,1416.3699951171875,1420.8299560546875,2875880000,0.0025970634085028532,0.2593696866817386
2007-04-03,1437.77001953125,1437.77001953125,1440.5699462890625,1424.27001953125,1424.27001953125,2921760000,0.009280102663995704,0.9237307072510437
2007-04-04,1439.3699951171875,1439.3699951171875,1440.1600341796875,1435.0799560546875,1437.75,2616320000,0.0011128174632957233,0.11121987409165861
2007-04-05,1443.760009765625,1443.760009765625,1444.8800048828125,1436.6700439453125,1438.93994140625,2357230000,0.003049955649575775,0.304531397039247
2007-04-09,1444.6099853515625,1444.6099853515625,1448.0999755859375,1443.280029296875,1443.77001953125,2349410000,0.0005887235968500271,0.05885503670995764
2007-04-10,1448.3900146484375,1448.3900146484375,1448.72998046875,1443.989990234375,1444.5799560546875,2510110000,0.0026166434783123638,0.26132260269691304
2007-04-11,1438.8699951171875,1438.8699951171875,1448.3900146484375,1436.1500244140625,1448.22998046875,2950190000,-0.006572828751212234,-0.6594524912466886
2007-04-12,1447.800048828125,1447.800048828125,1448.02001953125,1433.9100341796875,1438.8699951171875,2770570000,0.006206296427920366,0.6187116686112808
2007-04-13,1452.8499755859375,1452.8499755859375,1453.1099853515625,1444.1500244140625,1447.800048828125,2690020000,0.0034880001295067853,0.3481931165325918
2007-04-16,1468.3299560546875,1468.3299560546875,1468.6199951171875,1452.8399658203125,1452.8399658203125,2870140000,0.010654906376349693,1.0598542873156813
2007-04-17,1471.47998046875,1471.47998046875,1474.3499755859375,1467.1500244140625,1468.469970703125,2920570000,0.0021453110052500612,0.2143013111473107
2007-04-18,1472.5,1472.5,1476.5699462890625,1466.4100341796875,1471.469970703125,2971330000,0.0006931929382587576,0.06929527910064429
2007-04-19,1470.72998046875,1470.72998046875,1474.22998046875,1464.469970703125,1472.47998046875,2913610000,-0.0012020506154498678,-0.12027736577713097
2007-04-20,1484.3499755859375,1484.3499755859375,1484.739990234375,1470.68994140625,1470.68994140625,3329940000,0.009260704070808812,0.9218086660297053
2007-04-23,1480.9300537109375,1480.9300537109375,1487.3199462890625,1480.18994140625,1484.3299560546875,2575020000,-0.002303986210293818,-0.2306644470370378
2007-04-24,1480.4100341796875,1480.4100341796875,1483.8199462890625,1473.739990234375,1480.9300537109375,3119750000,-0.00035114388417389897,-0.03512055496236482
2007-04-25,1495.4200439453125,1495.4200439453125,1496.5899658203125,1480.280029296875,1480.280029296875,3252590000,0.010139089454322958,1.0088033702708323
2007-04-26,1494.25,1494.25,1498.02001953125,1491.1700439453125,1495.27001953125,3211800000,-0.0007824182576994243,-0.07827245066179983
2007-04-27,1494.0699462890625,1494.0699462890625,1497.3199462890625,1488.6700439453125,1494.2099609375,2732810000,-0.000120497715199952,-0.012050497563288578
2007-04-30,1482.3699951171875,1482.3699951171875,1497.1600341796875,1482.2900390625,1494.0699462890625,3093420000,-0.007830925989064319,-0.7861748709062836
2007-05-01,1486.300048828125,1486.300048828125,1487.27001953125,1476.699951171875,1482.3699951171875,3400350000,0.002651196208694806,0.26476879873137943
2007-05-02,1495.9200439453125,1495.9200439453125,1499.0999755859375,1486.1300048828125,1486.1300048828125,3189800000,0.0064724448638566745,0.6451588538502733
2007-05-03,1502.3900146484375,1502.3900146484375,1503.3399658203125,1495.56005859375,1495.56005859375,3007970000,0.004325077887225248,0.43157516194131645
2007-05-04,1505.6199951171875,1505.6199951171875,1510.3399658203125,1501.800048828125,1502.3499755859375,2761930000,0.002149894792468965,0.21475870756333293
2007-05-07,1509.47998046875,1509.47998046875,1511.0,1505.5400390625,1505.5699462890625,2545090000,0.0025637181786113405,0.25604374591920354
2007-05-08,1507.719970703125,1507.719970703125,1509.3599853515625,1500.6600341796875,1509.3599853515625,2795720000,-0.0011659709227004322,-0.11666511956337745
2007-05-09,1512.5799560546875,1512.5799560546875,1513.800048828125,1503.77001953125,1507.3199462890625,2935550000,0.0032234005292746115,0.32182165109129485
2007-05-10,1491.469970703125,1491.469970703125,1512.3299560546875,1491.4200439453125,1512.3299560546875,3031240000,-0.013956277330703482,-1.4054581884656236
2007-05-11,1505.8499755859375,1505.8499755859375,1506.239990234375,1491.469970703125,1491.469970703125,2720780000,0.00964149809602488,0.9595315462487675
2007-05-14,1503.1500244140625,1503.1500244140625,1510.9000244140625,1498.3399658203125,1505.760009765625,2776130000,-0.0017929748750863395,-0.17945841784523792
2007-05-15,1501.18994140625,1501.18994140625,1514.8299560546875,1500.4300537109375,1503.1099853515625,3071020000,-0.0013039836183860176,-0.1304834544834399
2007-05-16,1514.1400146484375,1514.1400146484375,1514.1500244140625,1500.75,1500.75,2915350000,0.008626538777668946,0.8589542804573146
2007-05-17,1512.75,1512.75,1517.1400146484375,1509.2900390625,1514.010009765625,2868640000,-0.000918022530934981,-0.09184441716888588
2007-05-18,1522.75,1522.75,1522.75,1512.739990234375,1512.739990234375,2959050000,0.006610477607007059,0.6588724214163112
2007-05-21,1525.0999755859375,1525.0999755859375,1529.8699951171875,1522.7099609375,1522.75,3465360000,0.0015432445154737184,0.1542054937372437
2007-05-22,1524.1199951171875,1524.1199951171875,1529.239990234375,1522.050048828125,1525.0999755859375,2860500000,-0.0006425680181219029,-0.06427745534309215
2007-05-23,1522.280029296875,1522.280029296875,1532.4300537109375,1521.9000244140625,1524.0899658203125,3084260000,-0.001207231600010017,-0.12079608910859567
2007-05-24,1507.510009765625,1507.510009765625,1529.31005859375,1505.1800537109375,1522.0999755859375,3365530000,-0.009702564079535403,-0.9749940652956229
2007-05-25,1515.72998046875,1515.72998046875,1517.4100341796875,1507.5,1507.5,2316250000,0.00545268067865301,0.5437868634530784
2007-05-29,1518.1099853515625,1518.1099853515625,1521.800048828125,1512.02001953125,1515.550048828125,2571790000,0.0015702037391096546,0.15689722581672777
2007-05-30,1530.22998046875,1530.22998046875,1530.22998046875,1510.06005859375,1517.5999755859375,2980210000,0.007983608061428171,0.79519076731304
2007-05-31,1530.6199951171875,1530.6199951171875,1535.56005859375,1528.260009765625,1530.18994140625,3335530000,0.00025487322390449485,0.025484074924219384
2007-06-01,1536.3399658203125,1536.3399658203125,1540.56005859375,1530.6199951171875,1530.6199951171875,2927020000,0.0037370286036848555,0.37300632600247885
2007-06-04,1539.1800537109375,1539.1800537109375,1540.530029296875,1532.31005859375,1536.280029296875,2738930000,0.0018486063981995038,0.18468998282521767
2007-06-05,1530.949951171875,1530.949951171875,1539.1199951171875,1525.6199951171875,1539.1199951171875,2939450000,-0.005347069382311664,-0.5361416122665549
2007-06-06,1517.3800048828125,1517.3800048828125,1530.5699462890625,1514.1300048828125,1530.5699462890625,2964190000,-0.008863742592418067,-0.8903259242367221
2007-06-07,1490.719970703125,1490.719970703125,1517.3599853515625,1490.3699951171875,1517.3599853515625,3538470000,-0.017569780868271323,-1.7725961545529239
2007-06-08,1507.6700439453125,1507.6700439453125,1507.760009765625,1487.4100341796875,1490.7099609375,2993460000,0.011370393887050856,1.1306236827796718
2007-06-11,1509.1199951171875,1509.1199951171875,1515.530029296875,1503.3499755859375,1507.6400146484375,2525280000,0.0009617165093236402,0.09612543562845575
2007-06-12,1493.0,1493.0,1511.3299560546875,1492.969970703125,1509.1199951171875,3056200000,-0.010681718597158829,-1.0739177694170063
2007-06-13,1515.6700439453125,1515.6700439453125,1515.699951171875,1492.6500244140625,1492.6500244140625,3077930000,0.015184222334435615,1.507009586153037
2007-06-14,1522.969970703125,1522.969970703125,1526.449951171875,1515.5799560546875,1515.5799560546875,2813630000,0.004816303381447451,0.48047420992171935
2007-06-15,1532.9100341796875,1532.9100341796875,1538.7099609375,1522.969970703125,1522.969970703125,3406030000,0.006526762620259197,0.650555553085301
2007-06-18,1531.050048828125,1531.050048828125,1535.43994140625,1529.31005859375,1532.9000244140625,2480240000,-0.0012133688932095543,-0.12141056212539508
2007-06-19,1533.699951171875,1533.699951171875,1535.8499755859375,1525.6700439453125,1531.02001953125,2873590000,0.0017307744745367337,0.17292784103802356
2007-06-20,1512.8399658203125,1512.8399658203125,1537.3199462890625,1512.3599853515625,1533.6800537109375,3286900000,-0.013601086272203244,-1.3694428381801145
2007-06-21,1522.18994140625,1522.18994140625,1522.9000244140625,1504.75,1512.5,3161110000,0.006180412864005502,0.6161392441565994
2007-06-22,1502.56005859375,1502.56005859375,1522.18994140625,1500.739990234375,1522.18994140625,4284320000,-0.012895816927002701,-1.2979689827432705
2007-06-25,1497.739990234375,1497.739990234375,1514.2900390625,1492.6800537109375,1502.56005859375,3287250000,-0.0032079039581859314,-0.3213060312434161
2007-06-26,1492.8900146484375,1492.8900146484375,1506.1199951171875,1490.5400390625,1497.6800537109375,3398530000,-0.0032381959602871824,-0.3243450262866244
2007-06-27,1506.3399658203125,1506.3399658203125,1506.800048828125,1484.1800537109375,1492.6199951171875,3398150000,0.009009338290096647,0.8968996323785083
2007-06-28,1505.7099609375,1505.7099609375,1514.8399658203125,1503.4100341796875,1506.3199462890625,3006710000,-0.0004182355225962331,-0.04183230074661176
2007-06-29,1503.3499755859375,1503.3499755859375,1517.530029296875,1493.6099853515625,1505.699951171875,3165410000,-0.0015673572021088766,-0.15685867913800638
2007-07-02,1519.4300537109375,1519.4300537109375,1519.449951171875,1504.6600341796875,1504.6600341796875,2648990000,0.010696164157472765,1.0639364857749432
2007-07-03,1524.8699951171875,1524.8699951171875,1526.010009765625,1519.1199951171875,1519.1199951171875,1560790000,0.0035802512876219605,0.3573857444479607
2007-07-05,1525.4000244140625,1525.4000244140625,1526.5699462890625,1517.719970703125,1524.8599853515625,2622950000,0.0003475898263931576,0.03475294310442522
2007-07-06,1530.43994140625,1530.43994140625,1532.4000244140625,1520.469970703125,1524.9599609375,2441520000,0.0033039969263952695,0.32985507214163295
2007-07-09,1531.8499755859375,1531.8499755859375,1534.260009765625,1527.449951171875,1530.4300537109375,2715330000,0.0009213260458897921,0.09209018855550247
2007-07-10,1510.1199951171875,1510.1199951171875,1531.8499755859375,1510.010009765625,1531.8499755859375,3244280000,-0.014185449499020453,-1.42870247254699
2007-07-11,1518.760009765625,1518.760009765625,1519.3399658203125,1506.0999755859375,1509.9300537109375,3082920000,0.00572140934255172,0.570510424265772
2007-07-12,1547.699951171875,1547.699951171875,1547.9200439453125,1518.739990234375,1518.739990234375,3489600000,0.01905497986526261,1.8875707510562434
2007-07-13,1552.5,1552.5,1555.0999755859375,1544.8499755859375,1547.6800537109375,2801120000,0.003101407882381002,0.3096608437751028
2007-07-16,1549.52001953125,1549.52001953125,1555.9000244140625,1546.68994140625,1552.5,2704110000,-0.0019194721215780586,-0.1921316668940251
2007-07-17,1549.3699951171875,1549.3699951171875,1555.3199462890625,1547.739990234375,1549.52001953125,3007140000,-9.681992628141067e-05,-0.009682461363302837
2007-07-18,1546.1700439453125,1546.1700439453125,1549.199951171875,1533.6700439453125,1549.199951171875,3609220000,-0.0020653240878290013,-0.20674598107695802
2007-07-19,1553.0799560546875,1553.0799560546875,1555.199951171875,1546.1300048828125,1546.1300048828125,3251450000,0.0044690505655788915,0.4459094012305411
2007-07-20,1534.0999755859375,1534.0999755859375,1553.18994140625,1529.199951171875,1553.18994140625,3745780000,-0.012220864994591185,-1.2296153790126367
2007-07-23,1541.5699462890625,1541.5699462890625,1547.22998046875,1534.06005859375,1534.06005859375,3102700000,0.004869285458577677,0.4857468831634159
2007-07-24,1511.0400390625,1511.0400390625,1541.5699462890625,1508.6199951171875,1541.5699462890625,4115830000,-0.01980442554686246,-2.0003161459610794
2007-07-25,1518.0899658203125,1518.0899658203125,1524.31005859375,1503.72998046875,1511.030029296875,4283200000,0.004665612144987508,0.4654761912206715
2007-07-26,1482.6600341796875,1482.6600341796875,1518.0899658203125,1465.300048828125,1518.0899658203125,4472550000,-0.02333849273648292,-2.361514831842795
2007-07-27,1458.949951171875,1458.949951171875,1488.530029296875,1458.949951171875,1482.43994140625,4784650000,-0.01599158435597181,-1.6120829482687424
2007-07-30,1473.9100341796875,1473.9100341796875,1477.8800048828125,1454.3199462890625,1458.9300537109375,4128780000,0.010254006997153065,1.0201791310726158
2007-07-31,1455.27001953125,1455.27001953125,1488.300048828125,1454.25,1473.9000244140625,4524520000,-0.012646643428824822,-1.2727292908787835
2007-08-01,1465.81005859375,1465.81005859375,1468.3800048828125,1439.5899658203125,1455.1800537109375,5256780000,0.007242669003718616,0.7216566833712894
2007-08-02,1472.199951171875,1472.199951171875,1476.4300537109375,1460.5799560546875,1465.4599609375,4368850000,0.004359290987711706,0.43498168025946604
2007-08-03,1433.06005859375,1433.06005859375,1473.22998046875,1432.800048828125,1472.1800537109375,4272110000,-0.026585989591270898,-2.694578841666203
2007-08-06,1467.6700439453125,1467.6700439453125,1467.6700439453125,1427.3900146484375,1433.0400390625,5067200000,0.024151105980530163,2.386408016486739
2007-08-07,1476.7099609375,1476.7099609375,1488.300048828125,1455.800048828125,1467.6199951171875,4909390000,0.006159366016551537,0.6140474654544519
2007-08-08,1497.489990234375,1497.489990234375,1503.8900146484375,1476.219970703125,1476.219970703125,5499560000,0.014071842031649018,1.3973752789070895
2007-08-09,1453.0899658203125,1453.0899658203125,1497.2099609375,1453.0899658203125,1497.2099609375,5889600000,-0.029649630183580356,-3.009806670758095
2007-08-10,1453.6400146484375,1453.6400146484375,1462.02001953125,1429.739990234375,1453.0899658203125,5345780000,0.0003785373521689728,0.037846572498061996
2007-08-13,1452.9200439453125,1452.9200439453125,1466.2900390625,1451.5400390625,1453.4200439453125,3696280000,-0.0004952881702965373,-0.04954108659971804
2007-08-14,1426.5400390625,1426.5400390625,1456.739990234375,1426.199951171875,1452.8699951171875,3814630000,-0.018156542744898196,-1.8323395498988106
2007-08-15,1406.699951171875,1406.699951171875,1440.780029296875,1404.3599853515625,1426.1500244140625,4290930000,-0.013907838088907498,-1.400545824953103
2007-08-16,1411.27001953125,1411.27001953125,1415.969970703125,1370.5999755859375,1406.6400146484375,6509300000,0.003248786889889166,0.3243520983883055
2007-08-17,1445.93994140625,1445.93994140625,1450.3299560546875,1411.260009765625,1411.260009765625,3570040000,0.024566469488606746,2.4269566522519797
2007-08-20,1445.550048828125,1445.550048828125,1451.75,1430.5400390625,1445.93994140625,3321340000,-0.0002696464541576127,-0.026968281529931474
2007-08-21,1447.1199951171875,1447.1199951171875,1455.3199462890625,1439.760009765625,1445.550048828125,3012150000,0.0010860546062276821,0.10854652755820737
2007-08-22,1464.0699462890625,1464.0699462890625,1464.8599853515625,1447.030029296875,1447.030029296875,3309120000,0.011712885751746116,1.16448208805781
2007-08-23,1462.5,1462.5,1472.06005859375,1453.8800048828125,1464.050048828125,3084390000,-0.001072316451165345,-0.10728917937874119
2007-08-24,1479.3699951171875,1479.3699951171875,1479.4000244140625,1460.5400390625,1462.3399658203125,2541400000,0.011535039396367575,1.1469018050261517
2007-08-27,1466.7900390625,1466.7900390625,1479.3599853515625,1465.97998046875,1479.3599853515625,2406180000,-0.008503590106740622,-0.8539951913098606
2007-08-28,1432.3599853515625,1432.3599853515625,1466.719970703125,1432.010009765625,1466.719970703125,3078090000,-0.023473062124790167,-2.3752942896165807
2007-08-29,1463.760009765625,1463.760009765625,1463.760009765625,1432.010009765625,1432.010009765625,2824070000,0.021921880487575596,2.168505098090459
2007-08-30,1457.6400146484375,1457.6400146484375,1468.4300537109375,1451.25,1463.6700439453125,2582960000,-0.0041810099171704085,-0.4189774778312817
2007-08-31,1473.989990234375,1473.989990234375,1481.469970703125,1457.6099853515625,1457.6099853515625,2731610000,0.011216744478492524,1.1154303290853471
2007-09-04,1489.4200439453125,1489.4200439453125,1496.4000244140625,1472.1500244140625,1473.9599609375,2766600000,0.01046822150297233,1.041380907704796
2007-09-05,1472.2900390625,1472.2900390625,1488.760009765625,1466.3399658203125,1488.760009765625,2991600000,-0.011501124180816724,-1.156777363141079
2007-09-06,1478.550048828125,1478.550048828125,1481.489990234375,1467.4100341796875,1472.030029296875,2459590000,0.0042518862449216765,0.42428725177974674
2007-09-07,1453.550048828125,1453.550048828125,1478.550048828125,1449.0699462890625,1478.550048828125,3191080000,-0.016908457052106307,-1.7053037079487448
2007-09-10,1451.699951171875,1451.699951171875,1462.25,1439.2900390625,1453.5,2835720000,-0.0012728131774627505,-0.12736238921536894
2007-09-11,1471.489990234375,1471.489990234375,1472.47998046875,1451.68994140625,1451.68994140625,3015330000,0.013632320540153398,1.3540236395020915
2007-09-12,1471.56005859375,1471.56005859375,1479.5,1465.75,1471.0999755859375,2885720000,4.761728577151736e-05,0.004761615210455319
2007-09-13,1483.949951171875,1483.949951171875,1489.5799560546875,1471.469970703125,1471.469970703125,2877080000,0.008419562970447103,0.838431615381002
2007-09-14,1484.25,1484.25,1485.989990234375,1473.1800537109375,1483.949951171875,2641740000,0.0002021960564695391,0.020217561760197237
2007-09-17,1476.6500244140625,1476.6500244140625,1484.239990234375,1471.8199462890625,1484.239990234375,2598390000,-0.0051204147454522175,-0.5133568991712144
2007-09-18,1519.780029296875,1519.780029296875,1519.8900146484375,1476.6300048828125,1476.6300048828125,3708940000,0.02920800742879237,2.8789581640806357
2007-09-19,1529.030029296875,1529.030029296875,1538.739990234375,1519.75,1519.75,3846750000,0.0060864071258255326,0.6067959764234634
2007-09-20,1518.75,1518.75,1529.1400146484375,1516.4200439453125,1528.68994140625,2957700000,-0.00672323571146749,-0.6745938475255173
2007-09-21,1525.75,1525.75,1530.8900146484375,1518.75,1518.75,3679460000,0.004609053497942384,0.4598464335745744
2007-09-24,1517.72998046875,1517.72998046875,1530.1800537109375,1516.1500244140625,1525.75,3131310000,-0.0052564440643945165,-0.5270307770366357
2007-09-25,1517.2099609375,1517.2099609375,1518.27001953125,1507.1300048828125,1516.3399658203125,3187770000,-0.00034262980763510864,-0.03426885186387916
2007-09-26,1525.4200439453125,1525.4200439453125,1529.3900146484375,1518.6199951171875,1518.6199951171875,3237390000,0.005411303128236344,0.5396714632315107
2007-09-27,1531.3800048828125,1531.3800048828125,1532.4599609375,1525.81005859375,1527.3199462890625,2872180000,0.003907094941590916,0.38994820691835785
2007-09-28,1526.75,1526.75,1533.739990234375,1521.989990234375,1531.239990234375,2925350000,-0.0030234199663373706,-0.30279997338536946
2007-10-01,1547.0400390625,1547.0400390625,1549.02001953125,1527.25,1527.2900390625,3281990000,0.013289693179957318,1.3202159881824789
2007-10-02,1546.6300048828125,1546.6300048828125,1548.010009765625,1540.3699951171875,1546.9599609375,3101910000,-0.00026504432292262514,-0.026507945337673727
2007-10-03,1539.5899658203125,1539.5899658203125,1545.8399658203125,1536.3399658203125,1545.800048828125,3065320000,-0.004551857289897487,-0.4562248537264931
2007-10-04,1542.8399658203125,1542.8399658203125,1544.02001953125,1537.6300048828125,1539.9100341796875,2690430000,0.002110951663853111,0.21087267359828202
2007-10-05,1557.5899658203125,1557.5899658203125,1561.9100341796875,1543.8399658203125,1543.8399658203125,2919030000,0.009560291622441541,0.9514881229474793
2007-10-08,1552.5799560546875,1552.5799560546875,1556.510009765625,1549.0,1556.510009765625,2040650000,-0.003216513893620543,-0.322169799390635
2007-10-09,1565.1500244140625,1565.1500244140625,1565.260009765625,1551.8199462890625,1553.1800537109375,2932040000,0.008096245420633474,0.8063646659190855
2007-10-10,1562.469970703125,1562.469970703125,1565.4200439453125,1555.4599609375,1564.97998046875,3044760000,-0.00171233023616435,-0.17137979492955385
2007-10-11,1554.4100341796875,1554.4100341796875,1576.0899658203125,1546.719970703125,1564.719970703125,3911260000,-0.005158458514124553,-0.5171809293999425
2007-10-12,1561.800048828125,1561.800048828125,1563.030029296875,1554.0899658203125,1555.4100341796875,2788690000,0.004754224745041169,0.4742959110705808
2007-10-15,1548.7099609375,1548.7099609375,1564.739990234375,1540.81005859375,1562.25,3139290000,-0.00838141086014621,-0.8416732385427675
2007-10-16,1538.530029296875,1538.530029296875,1547.81005859375,1536.2900390625,1547.81005859375,3234560000,-0.006573168570868315,-0.6594866980535926
2007-10-17,1541.239990234375,1541.239990234375,1550.6600341796875,1526.010009765625,1544.43994140625,3638070000,0.0017613961937021916,0.1759846754610529
2007-10-18,1540.0799560546875,1540.0799560546875,1542.7900390625,1531.760009765625,1539.2900390625,3203210000,-0.0007526629123547623,-0.07529463052930717
2007-10-19,1500.6300048828125,1500.6300048828125,1540.0,1500.260009765625,1540.0,4160970000,-0.025615521464831148,-2.594931140710293
2007-10-22,1506.3299560546875,1506.3299560546875,1508.06005859375,1490.4000244140625,1497.7900390625,3471830000,0.003798372119262039,0.3791176519172483
2007-10-23,1519.5899658203125,1519.5899658203125,1520.010009765625,1503.6099853515625,1509.300048828125,3309120000,0.008802858704579641,0.8764339431983929
2007-10-24,1515.8800048828125,1515.8800048828125,1517.22998046875,1489.56005859375,1516.6099853515625,4003300000,-0.0024414223711310967,-0.2444407502362128
2007-10-25,1514.4000244140625,1514.4000244140625,1523.239990234375,1500.4599609375,1516.1500244140625,4183960000,-0.0009763176926820272,-0.09767946012353228
2007-10-26,1535.280029296875,1535.280029296875,1535.530029296875,1520.1800537109375,1522.1700439453125,3612120000,0.013787641670760742,1.369345687603249
2007-10-29,1540.97998046875,1540.97998046875,1544.6700439453125,1536.4300537109375,1536.9200439453125,3124480000,0.0037126459428287184,0.37057710835717533
2007-10-30,1531.02001953125,1531.02001953125,1539.4200439453125,1529.550048828125,1539.4200439453125,3212520000,-0.006463394115263088,-0.6484372289334848
2007-10-31,1549.3800048828125,1549.3800048828125,1552.760009765625,1529.4000244140625,1532.1500244140625,3953070000,0.011991995609034412,1.1920661356754998
2007-11-01,1508.43994140625,1508.43994140625,1545.7900390625,1506.6600341796875,1545.7900390625,4241470000,-0.026423513500588247,-2.6778888689808897
2007-11-02,1509.6500244140625,1509.6500244140625,1513.1500244140625,1492.530029296875,1511.0699462890625,4285990000,0.0008022082779672868,0.08018866808870675
2007-11-05,1502.1700439453125,1502.1700439453125,1510.8399658203125,1489.949951171875,1505.6099853515625,3819330000,-0.004954777827830159,-0.4967093437071673
2007-11-06,1520.27001953125,1520.27001953125,1520.77001953125,1499.0699462890625,1505.3299560546875,3879160000,0.012049218834373487,1.1977204894451743
2007-11-07,1475.6199951171875,1475.6199951171875,1515.4599609375,1475.0400390625,1515.4599609375,4353160000,-0.02936979868078282,-2.980972636157473
2007-11-08,1474.77001953125,1474.77001953125,1482.5,1450.31005859375,1475.27001953125,5439720000,-0.0005760125159255391,-0.0576178474867469
2007-11-09,1453.699951171875,1453.699951171875,1474.0899658203125,1448.510009765625,1467.5899658203125,4587050000,-0.014287019725334527,-1.4390061812011599
2007-11-12,1439.1800537109375,1439.1800537109375,1464.93994140625,1438.530029296875,1453.6600341796875,4192520000,-0.009988235501578235,-1.0038452592368512
2007-11-13,1481.050048828125,1481.050048828125,1481.3699951171875,1441.3499755859375,1441.3499755859375,4141310000,0.029092951232353004,2.867778438776126
2007-11-14,1470.5799560546875,1470.5799560546875,1492.1400146484375,1466.469970703125,1483.4000244140625,4031470000,-0.007069371343474851,-0.7094477743350598
2007-11-15,1451.1500244140625,1451.1500244140625,1472.6700439453125,1443.489990234375,1468.0400390625,3941010000,-0.013212427900045731,-1.3300488548972065
2007-11-16,1458.739990234375,1458.739990234375,1462.1800537109375,1443.989990234375,1453.0899658203125,4168870000,0.005230310920731451,0.5216680351984778
2007-11-19,1433.27001953125,1433.27001953125,1456.699951171875,1430.4200439453125,1456.699951171875,4119650000,-0.017460253968243356,-1.7614482080618146
2007-11-20,1439.699951171875,1439.699951171875,1452.6400146484375,1419.280029296875,1434.510009765625,4875150000,0.004486196985218349,0.4476163998967163
2007-11-21,1416.77001953125,1416.77001953125,1436.4000244140625,1415.6400146484375,1434.7099609375,4076230000,-0.015926882279853283,-1.605507806431886
2007-11-23,1440.699951171875,1440.699951171875,1440.8599853515625,1417.6199951171875,1417.6199951171875,1612720000,0.01689048420755146,1.6749426122977584
2007-11-26,1407.219970703125,1407.219970703125,1446.0899658203125,1406.0999755859375,1440.739990234375,3706470000,-0.023238690638891946,-2.3512966551297514
2007-11-27,1428.22998046875,1428.22998046875,1429.489990234375,1407.4300537109375,1409.5899658203125,4320720000,0.014930153212029174,1.4819795556490158
2007-11-28,1469.02001953125,1469.02001953125,1471.6199951171875,1432.949951171875,1432.949951171875,4508020000,0.028559853539212643,2.8159623399831912
2007-11-29,1469.719970703125,1469.719970703125,1473.81005859375,1458.3599853515625,1467.4100341796875,3524730000,0.0004764749033838722,0.04763614252619821
2007-11-30,1481.1400146484375,1481.1400146484375,1488.93994140625,1470.8900146484375,1471.8299560546875,4422200000,0.0077702175740654855,0.774018490674295
2007-12-03,1472.4200439453125,1472.4200439453125,1481.1600341796875,1470.0799560546875,1479.6300048828125,3323250000,-0.005887337197621245,-0.5904735888843634
2007-12-04,1462.7900390625,1462.7900390625,1471.3399658203125,1460.6600341796875,1471.3399658203125,3343620000,-0.006540256581273551,-0.6561737772241493
2007-12-05,1485.010009765625,1485.010009765625,1486.0899658203125,1465.219970703125,1465.219970703125,3663660000,0.015190129895446658,1.5075915045568595
2007-12-06,1507.3399658203125,1507.3399658203125,1508.02001953125,1482.18994140625,1484.5899658203125,3568570000,0.015036906086721702,1.4924972509290384
2007-12-07,1504.6600341796875,1504.6600341796875,1510.6300048828125,1502.6600341796875,1508.5999755859375,3177710000,-0.0017779211733210953,-0.17795035510103796
2007-12-10,1515.9599609375,1515.9599609375,1518.27001953125,1504.9599609375,1505.1099853515625,2911760000,0.007509953412149439,0.7481894107170777
2007-12-11,1477.6500244140625,1477.6500244140625,1523.5699462890625,1475.989990234375,1516.6800537109375,4080180000,-0.025271074111842595,-2.5595871370425174
2007-12-12,1486.5899658203125,1486.5899658203125,1511.9599609375,1468.22998046875,1487.5799560546875,4482120000,0.006050107439882435,0.6031879025493236
2007-12-13,1488.4100341796875,1488.4100341796875,1489.4000244140625,1469.2099609375,1483.27001953125,3635170000,0.0012243243942324789,0.12235755203020807
2007-12-14,1467.949951171875,1467.949951171875,1486.6700439453125,1467.780029296875,1486.18994140625,3401050000,-0.01374626785493871,-1.3841622651711092
2007-12-17,1445.9000244140625,1445.9000244140625,1465.050048828125,1445.4300537109375,1465.050048828125,3569030000,-0.015020898185397868,-1.5134854466995853
2007-12-18,1454.97998046875,1454.97998046875,1460.1600341796875,1435.6500244140625,1445.9200439453125,3723690000,0.006279795215002659,0.6260159463819628
2007-12-19,1453.0,1453.0,1464.4200439453125,1445.31005859375,1454.699951171875,3401300000,-0.0013608300425632658,-0.13617568126454338
2007-12-20,1460.1199951171875,1460.1199951171875,1461.530029296875,1447.219970703125,1456.4200439453125,3526890000,0.004900203108869627,0.4888236191244567
2007-12-21,1484.4599609375,1484.4599609375,1485.4000244140625,1463.18994140625,1463.18994140625,4508590000,0.016669839397931874,1.653242266561838
2007-12-24,1496.449951171875,1496.449951171875,1497.6300048828125,1484.550048828125,1484.550048828125,1267420000,0.008077004803014542,0.8044560385114575
2007-12-26,1497.6600341796875,1497.6600341796875,1498.8499755859375,1488.199951171875,1495.1199951171875,2010500000,0.0008086358029313345,0.08083090331470758
2007-12-27,1476.27001953125,1476.27001953125,1495.050048828125,1475.8599853515625,1495.050048828125,2365770000,-0.014282289812289406,-1.4385263354659774
2007-12-28,1478.489990234375,1478.489990234375,1488.010009765625,1471.699951171875,1479.8299560546875,2420510000,0.0015037700920255137,0.15026405620078628
2007-12-31,1468.3599853515625,1468.3599853515625,1475.8299560546875,1465.1300048828125,1475.25,2440880000,-0.006851588410961562,-0.687516831107418
2008-01-02,1447.1600341796875,1447.1600341796875,1471.77001953125,1442.0699462890625,1467.969970703125,3452650000,-0.014437843160646446,-1.4543083003997033
2008-01-03,1447.1600341796875,1447.1600341796875,1456.800048828125,1443.72998046875,1447.550048828125,3429500000,0.0,0.0
2008-01-04,1411.6300048828125,1411.6300048828125,1444.010009765625,1411.18994140625,1444.010009765625,4166000000,-0.024551555085623233,-2.485797022395527
2008-01-07,1416.1800537109375,1416.1800537109375,1423.8699951171875,1403.449951171875,1414.0699462890625,4221260000,0.0032232587947169655,0.3218075231744636
2008-01-08,1390.18994140625,1390.18994140625,1430.280029296875,1388.300048828125,1415.7099609375,4705390000,-0.018352265474000595,-1.8522757462586334
2008-01-09,1409.1300048828125,1409.1300048828125,1409.18994140625,1378.699951171875,1390.25,5351030000,0.013624083236714934,1.3532109841889144
2008-01-10,1420.3299560546875,1420.3299560546875,1429.0899658203125,1395.31005859375,1406.780029296875,5170490000,0.007948131920451518,0.7916711897125965
2008-01-11,1401.02001953125,1401.02001953125,1419.9100341796875,1394.8299560546875,1419.9100341796875,4495840000,-0.013595387776707546,-1.3688651328566237
2008-01-14,1416.25,1416.25,1417.8900146484375,1402.9100341796875,1402.9100341796875,3682090000,0.01087063729028337,1.0811976648879809
2008-01-15,1380.949951171875,1380.949951171875,1411.8800048828125,1380.5999755859375,1411.8800048828125,4601640000,-0.024925012411738723,-2.5240900594804327
2008-01-16,1373.199951171875,1373.199951171875,1391.989990234375,1364.27001953125,1377.4100341796875,5440620000,-0.005612078839948742,-0.5627885721787484
2008-01-17,1333.25,1333.25,1377.719970703125,1330.6700439453125,1374.7900390625,5303130000,-0.02909259582902124,-2.952417654491263
2008-01-18,1325.18994140625,1325.18994140625,1350.280029296875,1312.510009765625,1333.9000244140625,6004840000,-0.006045421784173999,-0.6063769329588801
2008-01-22,1310.5,1310.5,1322.0899658203125,1274.2900390625,1312.93994140625,6544690000,-0.011085159151345114,-1.114705738766174
2008-01-23,1338.5999755859375,1338.5999755859375,1339.0899658203125,1270.050048828125,1310.4100341796875,3241680000,0.021442179004912187,2.121552966457579
2008-01-24,1352.0699462890625,1352.0699462890625,1355.1500244140625,1334.31005859375,1340.1300048828125,5735300000,0.01006273042641359,1.001243825754608
2008-01-25,1330.6099853515625,1330.6099853515625,1368.56005859375,1327.5,1357.3199462890625,4882250000,-0.015871931031674613,-1.599923900826646
2008-01-28,1353.9599609375,1353.9599609375,1353.969970703125,1322.260009765625,1330.699951171875,4100930000,0.01754832433469833,1.7396130410481234
2008-01-29,1362.300048828125,1362.300048828125,1364.9300537109375,1350.18994140625,1355.93994140625,4232960000,0.0061597743886385725,0.6140880526633927
2008-01-30,1355.81005859375,1355.81005859375,1385.8599853515625,1352.949951171875,1362.219970703125,4742760000,-0.0047639947161109975,-0.4775378708849709
2008-01-31,1378.550048828125,1378.550048828125,1385.6199951171875,1334.0799560546875,1351.97998046875,4970290000,0.016772253672436177,1.6633152629790866
2008-02-01,1395.4200439453125,1395.4200439453125,1396.02001953125,1375.9300537109375,1378.5999755859375,4650770000,0.01223749194418322,1.2163219167380697
2008-02-04,1380.8199462890625,1380.8199462890625,1395.3800048828125,1379.68994140625,1395.3800048828125,3495780000,-0.010462869384454843,-1.0517990019449541
2008-02-05,1336.6400146484375,1336.6400146484375,1380.280029296875,1336.6400146484375,1380.280029296875,4315740000,-0.031995432684296055,-3.2518473415344133
2008-02-06,1326.449951171875,1326.449951171875,1351.9599609375,1324.3399658203125,1339.47998046875,4008120000,-0.007623640894248274,-0.7652849389237927
2008-02-07,1336.9100341796875,1336.9100341796875,1347.1600341796875,1316.75,1324.010009765625,4589160000,0.007885772846967454,0.7854842639587953
2008-02-08,1331.2900390625,1331.2900390625,1341.219970703125,1321.06005859375,1336.8800048828125,3768490000,-0.004203719751894819,-0.42125802217774283
2008-02-11,1339.1300048828125,1339.1300048828125,1341.4000244140625,1320.3199462890625,1331.9200439453125,3593140000,0.005888999083801139,0.5871726706863655
2008-02-12,1348.8599853515625,1348.8599853515625,1362.0999755859375,1339.3599853515625,1340.550048828125,4044640000,0.007265896838448915,0.7239627380711977
2008-02-13,1367.2099609375,1367.2099609375,1369.22998046875,1350.780029296875,1353.1199951171875,3856420000,0.013604062530741423,1.351235803840717
2008-02-14,1348.8599853515625,1348.8599853515625,1368.1600341796875,1347.31005859375,1367.3299560546875,3644760000,-0.013421475932895444,-1.3512358038407142
2008-02-15,1349.989990234375,1349.989990234375,1350.0,1338.1300048828125,1347.52001953125,3583300000,0.0008377480947496796,0.08373973796748069
2008-02-19,1348.780029296875,1348.780029296875,1367.280029296875,1345.050048828125,1355.8599853515625,3613550000,-0.0008962740066612573,-0.08966759003646299
2008-02-20,1360.030029296875,1360.030029296875,1363.7099609375,1336.550048828125,1348.3900146484375,3870520000,0.008340870828184466,0.830627798826117
2008-02-21,1342.530029296875,1342.530029296875,1367.93994140625,1339.3399658203125,1362.2099609375,3696660000,-0.012867362942748706,-1.295086452748304
2008-02-22,1353.1099853515625,1353.1099853515625,1354.300048828125,1327.0400390625,1344.219970703125,3572660000,0.007880610357913875,0.7849720529112649
2008-02-25,1371.800048828125,1371.800048828125,1374.3599853515625,1346.030029296875,1352.75,3866350000,0.013812671311938196,1.3718145806112505
2008-02-26,1381.2900390625,1381.2900390625,1387.3399658203125,1363.2900390625,1371.760009765625,4096060000,0.006917910698780005,0.6894091743071527
2008-02-27,1380.02001953125,1380.02001953125,1388.3399658203125,1372.0,1378.949951171875,3904700000,-0.0009194445013966934,-0.09198674497638418
2008-02-28,1367.6800537109375,1367.6800537109375,1378.1600341796875,1363.1600341796875,1378.1600341796875,3938580000,-0.00894187449867867,-0.8982092990434256
2008-02-29,1330.6300048828125,1330.6300048828125,1364.0699462890625,1325.4200439453125,1364.0699462890625,4426730000,-0.027089704735838493,-2.7463395019370087
2008-03-03,1331.3399658203125,1331.3399658203125,1335.1300048828125,1320.0400390625,1330.449951171875,4117570000,0.0005335524788219193,0.05334101903081005
2008-03-04,1326.75,1326.75,1331.030029296875,1307.3900146484375,1329.5799560546875,4757180000,-0.003447628658457935,-0.3453585425228547
2008-03-05,1333.699951171875,1333.699951171875,1344.18994140625,1320.219970703125,1327.68994140625,4277710000,0.005238327621537531,0.5224655309318044
2008-03-06,1304.3399658203125,1304.3399658203125,1332.199951171875,1303.4200439453125,1332.199951171875,4323460000,-0.022013935987449718,-2.225985852476442
2008-03-07,1293.3699951171875,1293.3699951171875,1313.239990234375,1282.4300537109375,1301.530029296875,4565410000,-0.008410361554953893,-0.8445928205016419
2008-03-10,1273.3699951171875,1273.3699951171875,1295.010009765625,1272.6600341796875,1293.1600341796875,4261240000,-0.01546347918654778,-1.5584285792662653
2008-03-11,1320.6500244140625,1320.6500244140625,1320.6500244140625,1274.4000244140625,1274.4000244140625,5109080000,0.037129844018763736,3.6457132613329772
2008-03-12,1308.77001953125,1308.77001953125,1333.260009765625,1307.8599853515625,1321.1300048828125,4414280000,-0.008995573894062803,-0.9036278359461815
2008-03-13,1315.47998046875,1315.47998046875,1321.6800537109375,1282.1099853515625,1305.260009765625,5073360000,0.005126921336342294,0.5113823424050402
2008-03-14,1288.1400146484375,1288.1400146484375,1321.469970703125,1274.8599853515625,1316.050048828125,5153780000,-0.02078326255529206,-2.1002274391494558
2008-03-17,1276.5999755859375,1276.5999755859375,1287.5,1256.97998046875,1283.2099609375,5683010000,-0.00895868378535658,-0.8999054083631237
2008-03-18,1330.739990234375,1330.739990234375,1330.739990234375,1277.1600341796875,1277.1600341796875,5335630000,0.04240953758720556,4.153489642900969
2008-03-19,1298.4200439453125,1298.4200439453125,1341.510009765625,1298.4200439453125,1330.969970703125,5358550000,-0.02428719849575589,-2.4586996626083604
2008-03-20,1329.510009765625,1329.510009765625,1330.6700439453125,1295.219970703125,1299.6700439453125,6145220000,0.0239444592412823,2.366228612414184
2008-03-24,1349.8800048828125,1349.8800048828125,1359.6800537109375,1330.2900390625,1330.2900390625,4499000000,0.015321430427423843,1.520524258521512
2008-03-25,1352.989990234375,1352.989990234375,1357.469970703125,1341.2099609375,1349.0699462890625,4145120000,0.0023038976355771457,0.2301247732709045
2008-03-26,1341.1300048828125,1341.1300048828125,1352.449951171875,1336.4100341796875,1352.449951171875,4055670000,-0.008765759863092581,-0.8804405138629654
2008-03-27,1325.760009765625,1325.760009765625,1345.6199951171875,1325.6600341796875,1340.3399658203125,4037930000,-0.011460481132498757,-1.1526658548939026
2008-03-28,1315.219970703125,1315.219970703125,1334.8699951171875,1312.949951171875,1327.02001953125,3686980000,-0.00795018629681199,-0.7981957531415771
2008-03-31,1322.699951171875,1322.699951171875,1328.52001953125,1312.81005859375,1315.9200439453125,4188990000,0.0056872467232620405,0.567113539282709
2008-04-01,1370.1800537109375,1370.1800537109375,1370.1800537109375,1326.4100341796875,1326.4100341796875,4745120000,0.03589635162305438,3.5267092136393354
2008-04-02,1367.530029296875,1367.530029296875,1377.949951171875,1361.550048828125,1369.9599609375,4320440000,-0.0019340702025878453,-0.1935942931411036
2008-04-03,1369.31005859375,1369.31005859375,1375.6600341796875,1358.6800537109375,1365.68994140625,3920100000,0.001301638178863307,0.1300791782277431
2008-04-04,1370.4000244140625,1370.4000244140625,1380.9100341796875,1362.8299560546875,1369.8499755859375,3703100000,0.0007959963585104646,0.07956797214259201
2008-04-07,1372.5400390625,1372.5400390625,1386.739990234375,1369.02001953125,1373.68994140625,3747780000,0.0015615985189088022,0.15603804918229908
2008-04-08,1365.5400390625,1365.5400390625,1370.1600341796875,1360.6199951171875,1370.1600341796875,3602500000,-0.005100033369358936,-0.5113082927238636
2008-04-09,1354.489990234375,1354.489990234375,1368.3900146484375,1349.969970703125,1365.5,3556670000,-0.008092072375784243,-0.8124990899776953
2008-04-10,1360.550048828125,1360.550048828125,1367.239990234375,1350.1099853515625,1355.3699951171875,3686150000,0.004474051958627934,0.44640731409255985
2008-04-11,1332.8299560546875,1332.8299560546875,1357.97998046875,1331.2099609375,1357.97998046875,3723790000,-0.020374180867005598,-2.0584597439500687
2008-04-14,1328.3199462890625,1328.3199462890625,1335.6400146484375,1326.1600341796875,1332.199951171875,3565020000,-0.0033837848145122917,-0.338952276199069
2008-04-15,1334.4300537109375,1334.4300537109375,1337.719970703125,1324.3499755859375,1331.719970703125,3581230000,0.004599876286541349,0.45893291868171726
2008-04-16,1364.7099609375,1364.7099609375,1365.489990234375,1337.02001953125,1337.02001953125,4260370000,0.022691265939609684,2.243764859546432
2008-04-17,1365.56005859375,1365.56005859375,1368.5999755859375,1357.25,1363.3699951171875,3713880000,0.0006229145243916712,0.06227205936699851
2008-04-18,1390.3299560546875,1390.3299560546875,1395.9000244140625,1369.0,1369.0,4222380000,0.01813900260560164,1.7976453606154175
2008-04-21,1388.1700439453125,1388.1700439453125,1390.22998046875,1379.25,1387.719970703125,3420570000,-0.001553524830540276,-0.15547328014771578
2008-04-22,1375.93994140625,1375.93994140625,1386.4300537109375,1369.8399658203125,1386.4300537109375,3821900000,-0.008810233726340488,-0.8849273303171198
2008-04-23,1379.9300537109375,1379.9300537109375,1387.8699951171875,1372.239990234375,1378.4000244140625,4103610000,0.0028999174924810855,0.289572084308319
2008-04-24,1388.8199462890625,1388.8199462890625,1397.719970703125,1371.0899658203125,1380.52001953125,4461660000,0.006442277675030139,0.6421614900284472
2008-04-25,1397.8399658203125,1397.8399658203125,1399.1099853515625,1379.97998046875,1387.8800048828125,3891150000,0.006494736452591576,0.647373652873597
2008-04-28,1396.3699951171875,1396.3699951171875,1402.9000244140625,1394.4000244140625,1397.9599609375,3607000000,-0.0010516015703287973,-0.10521548912095745
2008-04-29,1390.93994140625,1390.93994140625,1397.0,1386.699951171875,1395.6099853515625,3815320000,-0.003888692631555557,-0.389627325560662
2008-04-30,1385.5899658203125,1385.5899658203125,1404.5699462890625,1384.25,1391.219970703125,4508890000,-0.0038463023648085404,-0.38537184080868875
2008-05-01,1409.3399658203125,1409.3399658203125,1410.0699462890625,1383.0699462890625,1385.969970703125,4448780000,0.017140713043443112,1.6995468403442282
2008-05-02,1413.9000244140625,1413.9000244140625,1422.719970703125,1406.25,1409.1600341796875,3953030000,0.0032355987230490157,0.3230375437438833
2008-05-05,1407.489990234375,1407.489990234375,1415.3399658203125,1404.3699951171875,1415.3399658203125,3410090000,-0.0045335837534509205,-0.4543891610429601
2008-05-06,1418.260009765625,1418.260009765625,1421.5699462890625,1397.0999755859375,1405.5999755859375,3924100000,0.007651933303949532,0.7622805755977705
2008-05-07,1392.5699462890625,1392.5699462890625,1419.5400390625,1391.1600341796875,1417.489990234375,4075860000,-0.018113789643415146,-1.827985274237049
2008-05-08,1397.6800537109375,1397.6800537109375,1402.3499755859375,1389.3900146484375,1394.2900390625,3827550000,0.0036695517058173976,0.3662835326675613
2008-05-09,1388.280029296875,1388.280029296875,1394.9000244140625,1384.1099853515625,1394.9000244140625,3518620000,-0.0067254479228667785,-0.6748165663026326
2008-05-12,1403.5799560546875,1403.5799560546875,1404.06005859375,1386.199951171875,1389.4000244140625,3370630000,0.011020778542468523,1.096049229248502
2008-05-13,1403.0400390625,1403.0400390625,1406.300048828125,1396.260009765625,1404.4000244140625,4018590000,-0.00038467134690722826,-0.03847453519088049
2008-05-14,1408.6600341796875,1408.6600341796875,1420.18994140625,1405.6500244140625,1405.6500244140625,3979370000,0.0040055842746602455,0.39975832806234696
2008-05-15,1423.5699462890625,1423.5699462890625,1424.4000244140625,1406.8699951171875,1408.3599853515625,3836480000,0.01058446448937378,1.0528841196037528
2008-05-16,1425.3499755859375,1425.3499755859375,1425.8199462890625,1414.3499755859375,1423.8900146484375,3842590000,0.0012503981989189228,0.12496171021445246
2008-05-19,1426.6300048828125,1426.6300048828125,1440.239990234375,1421.6300048828125,1425.280029296875,3683970000,0.0008980456160241346,0.08976426143178004
2008-05-20,1413.4000244140625,1413.4000244140625,1424.489990234375,1409.0899658203125,1424.489990234375,3854320000,-0.009273589104020541,-0.9316856535458926
2008-05-21,1390.7099609375,1390.7099609375,1419.1199951171875,1388.81005859375,1414.06005859375,4517990000,-0.016053532676263305,-1.6183786536071225
2008-05-22,1394.3499755859375,1394.3499755859375,1399.0699462890625,1390.22998046875,1390.8299560546875,3955960000,0.0026173787135195248,0.2613959343079893
2008-05-23,1375.9300537109375,1375.9300537109375,1392.199951171875,1373.719970703125,1392.199951171875,3516380000,-0.013210400686713863,-1.3298434194715
2008-05-27,1385.3499755859375,1385.3499755859375,1387.4000244140625,1373.0699462890625,1375.969970703125,3588860000,0.006846221470047986,0.6822892512121779
2008-05-28,1390.8399658203125,1390.8399658203125,1391.25,1378.1600341796875,1386.5400390625,3927240000,0.003962890483361736,0.39550589164796673
2008-05-29,1398.260009765625,1398.260009765625,1406.3199462890625,1388.5899658203125,1390.5,3894440000,0.005334937252062799,0.5320756886204072
2008-05-30,1400.3800048828125,1400.3800048828125,1404.4599609375,1398.0799560546875,1398.3599853515625,3845630000,0.0015161665944682934,0.15150183743460113
2008-06-02,1385.6700439453125,1385.6700439453125,1399.6199951171875,1377.7900390625,1399.6199951171875,3714320000,-0.010504263761414556,-1.0559822954777744
2008-06-03,1377.6500244140625,1377.6500244140625,1393.1199951171875,1370.1199951171875,1386.4200439453125,4396380000,-0.005787827748960472,-0.5804642134554054
2008-06-04,1377.199951171875,1377.199951171875,1388.1800537109375,1371.739990234375,1376.260009765625,4338640000,-0.0003266963555412783,-0.032674973242131165
2008-06-05,1404.050048828125,1404.050048828125,1404.050048828125,1377.47998046875,1377.47998046875,4350790000,0.019496150601372664,1.9308535254153512
2008-06-06,1360.6800537109375,1360.6800537109375,1400.06005859375,1359.9000244140625,1400.06005859375,4771660000,-0.030889208795217615,-3.1376338018537795
2008-06-09,1361.760009765625,1361.760009765625,1370.6300048828125,1350.6199951171875,1360.8299560546875,4404570000,0.0007936884587542714,0.07933736546294129
2008-06-10,1358.43994140625,1358.43994140625,1366.8399658203125,1351.56005859375,1358.97998046875,4635070000,-0.002438071565889488,-0.24410485020095887
2008-06-11,1335.489990234375,1335.489990234375,1357.0899658203125,1335.469970703125,1357.0899658203125,4779980000,-0.01689434363076614,-1.703868102064929
2008-06-12,1339.8699951171875,1339.8699951171875,1353.030029296875,1331.2900390625,1335.780029296875,4734240000,0.0032796987733647587,0.3274332291770189
2008-06-13,1360.030029296875,1360.030029296875,1360.030029296875,1341.7099609375,1341.81005859375,4080420000,0.015046261393385496,1.493418918259099
2008-06-16,1360.1400146484375,1360.1400146484375,1364.699951171875,1352.0699462890625,1358.8499755859375,3706940000,8.086979639654324e-05,0.008086652661084204
2008-06-17,1350.9300537109375,1350.9300537109375,1366.5899658203125,1350.5400390625,1360.7099609375,3801960000,-0.006771332979186417,-0.6794362473468583
2008-06-18,1337.81005859375,1337.81005859375,1349.5899658203125,1333.4000244140625,1349.5899658203125,4573570000,-0.009711824147480841,-0.9759291491304709
2008-06-19,1342.8299560546875,1342.8299560546875,1347.6600341796875,1330.5,1336.8900146484375,4811670000,0.003752324501292925,0.374530209313213
2008-06-20,1317.9300537109375,1317.9300537109375,1341.02001953125,1314.4599609375,1341.02001953125,5324900000,-0.01854285587797533,-1.8716929874510457
2008-06-23,1318.0,1318.0,1323.780029296875,1315.31005859375,1319.77001953125,4186370000,5.307283862721057e-05,0.005307143031393916
2008-06-24,1314.2900390625,1314.2900390625,1326.02001953125,1304.4200439453125,1317.22998046875,4705050000,-0.002814841378983357,-0.28188104950155796
2008-06-25,1321.969970703125,1321.969970703125,1335.6300048828125,1314.5400390625,1314.5400390625,4825640000,0.005843407020038827,0.5826400535617632
2008-06-26,1283.1500244140625,1283.1500244140625,1316.2900390625,1283.1500244140625,1316.2900390625,5231280000,-0.029365225496321257,-2.9805014810582433
2008-06-27,1278.3800048828125,1278.3800048828125,1289.449951171875,1272.0,1283.5999755859375,6208260000,-0.0037174293266512004,-0.3724356139002652
2008-06-30,1280.0,1280.0,1290.31005859375,1274.8599853515625,1278.06005859375,5032330000,0.0012672250121246176,0.12664227601932254
2008-07-01,1284.9100341796875,1284.9100341796875,1285.31005859375,1260.6800537109375,1276.68994140625,5846290000,0.003835964202880904,0.38286256531538476
2008-07-02,1261.52001953125,1261.52001953125,1292.1700439453125,1261.510009765625,1285.8199462890625,5276090000,-0.01820362050746238,-1.83713449871704
2008-07-03,1262.9000244140625,1262.9000244140625,1271.47998046875,1252.010009765625,1262.9599609375,3247590000,0.0010939223012293997,0.10933244042243555
2008-07-07,1252.31005859375,1252.31005859375,1273.949951171875,1240.6800537109375,1262.9000244140625,5265420000,-0.008385434805281422,-0.8420790350197398
2008-07-08,1273.699951171875,1273.699951171875,1274.1700439453125,1242.8399658203125,1251.8399658203125,6034110000,0.01708034877731812,1.6936119626383928
2008-07-09,1244.68994140625,1244.68994140625,1277.3599853515625,1244.5699462890625,1273.3800048828125,5181000000,-0.022776172472122824,-2.3039556424807297
2008-07-10,1253.3900146484375,1253.3900146484375,1257.6500244140625,1236.760009765625,1245.25,5840430000,0.0069897513852792414,0.6965436311526433
2008-07-11,1239.489990234375,1239.489990234375,1257.27001953125,1225.3499755859375,1248.6600341796875,6742200000,-0.011089943474586694,-1.115189535208209
2008-07-14,1228.300048828125,1228.300048828125,1253.5,1225.010009765625,1241.6099853515625,5434860000,-0.00902785943768214,-0.9068857497041091
2008-07-15,1214.9100341796875,1214.9100341796875,1234.3499755859375,1200.43994140625,1226.8299560546875,7363640000,-0.010901257116461394,-1.0961111207184446
2008-07-16,1245.3599853515625,1245.3599853515625,1245.52001953125,1211.3900146484375,1214.6500244140625,6738630000,0.02506354406105049,2.475460487471305
2008-07-17,1260.3199462890625,1260.3199462890625,1262.31005859375,1241.489990234375,1246.31005859375,7365210000,0.012012559511679566,1.1940981372926736
2008-07-18,1260.6800537109375,1260.6800537109375,1262.22998046875,1251.81005859375,1258.219970703125,5653280000,0.00028572698776629935,0.02856861755844398
2008-07-21,1260.0,1260.0,1267.739990234375,1255.699951171875,1261.8199462890625,4630640000,-0.0005394340212933058,-0.05395795681692814
2008-07-22,1277.0,1277.0,1277.4200439453125,1248.8299560546875,1257.0799560546875,6180230000,0.013492063492063444,1.3401856087015562
2008-07-23,1282.18994140625,1282.18994140625,1291.1700439453125,1276.06005859375,1278.8699951171875,6705830000,0.004064167115309214,0.4055930696717993
2008-07-24,1252.5400390625,1252.5400390625,1283.219970703125,1251.47998046875,1283.219970703125,6127980000,-0.023124422822433988,-2.339598696581199
2008-07-25,1257.760009765625,1257.760009765625,1263.22998046875,1251.75,1253.510009765625,4672560000,0.00416750805589583,0.41588480463002037
2008-07-28,1234.3699951171875,1234.3699951171875,1260.0899658203125,1234.3699951171875,1257.760009765625,4282960000,-0.01859656410350974,-1.877165431708631
2008-07-29,1263.199951171875,1263.199951171875,1263.199951171875,1236.3800048828125,1236.3800048828125,5414240000,0.023356008464828548,2.3087430794461805
2008-07-30,1284.260009765625,1284.260009765625,1284.3299560546875,1264.52001953125,1264.52001953125,5631330000,0.01667199129814123,1.6534539279929734
2008-07-31,1267.3800048828125,1267.3800048828125,1284.9300537109375,1265.969970703125,1281.3699951171875,5346050000,-0.013143759639368535,-1.3230903287162037
2008-08-01,1260.31005859375,1260.31005859375,1270.52001953125,1254.5400390625,1269.4200439453125,4684870000,-0.005578395005305659,-0.5594012357643428
2008-08-04,1249.010009765625,1249.010009765625,1260.489990234375,1247.449951171875,1253.27001953125,4562280000,-0.00896608636190177,-0.9006523604902408
2008-08-05,1284.8800048828125,1284.8800048828125,1284.8800048828125,1254.6700439453125,1254.8699951171875,1219310000,0.028718741112345736,2.8314087237507635
2008-08-06,1289.18994140625,1289.18994140625,1291.6700439453125,1276.0,1283.989990234375,4873420000,0.003354349438903892,0.3348736157926132
2008-08-07,1266.0699462890625,1266.0699462890625,1286.510009765625,1264.2900390625,1286.510009765625,5319380000,-0.017933738369047658,-1.8096496701488594
2008-08-08,1296.3199462890625,1296.3199462890625,1297.8499755859375,1262.1099853515625,1266.2900390625,4966810000,0.02389283474318682,2.361186756964235
2008-08-11,1305.3199462890625,1305.3199462890625,1313.1500244140625,1291.4100341796875,1294.4200439453125,5067310000,0.006942730477737413,0.6918740696878146
2008-08-12,1289.5899658203125,1289.5899658203125,1304.7900390625,1285.6400146484375,1304.7900390625,4711290000,-0.012050670422580567,-1.2123868402247893
2008-08-13,1285.8299560546875,1285.8299560546875,1294.030029296875,1274.8599853515625,1288.6400146484375,4787600000,-0.0029156630132689543,-0.29199218388871534
2008-08-14,1292.9300537109375,1292.9300537109375,1300.1099853515625,1276.8399658203125,1282.1099853515625,4064000000,0.005521801403690407,0.5506612147370432
2008-08-15,1298.199951171875,1298.199951171875,1302.050048828125,1290.739990234375,1293.8499755859375,4041820000,0.004075933919094776,0.4067649803148502
2008-08-18,1278.5999755859375,1278.5999755859375,1300.219970703125,1274.510009765625,1298.1400146484375,3829290000,-0.015097809523290096,-1.5212941748937443
2008-08-19,1266.68994140625,1266.68994140625,1276.6500244140625,1263.1099853515625,1276.6500244140625,4159760000,-0.009314902555218274,-0.9358557566294581
2008-08-20,1274.5400390625,1274.5400390625,1276.010009765625,1261.1600341796875,1267.3399658203125,4555030000,0.006197331643397197,0.6178207156833316
2008-08-21,1277.719970703125,1277.719970703125,1281.4000244140625,1265.219970703125,1271.0699462890625,4032590000,0.0024949640993341404,0.24918568436600885
2008-08-22,1292.199951171875,1292.199951171875,1293.0899658203125,1277.5899658203125,1277.5899658203125,3741070000,0.011332671321386378,1.1268937664792815
2008-08-25,1266.8399658203125,1266.8399658203125,1290.469970703125,1264.8699951171875,1290.469970703125,3420600000,-0.019625434383095275,-1.9820570527915713
2008-08-26,1271.510009765625,1271.510009765625,1275.6500244140625,1263.2099609375,1267.030029296875,3587570000,0.0036863724474374138,0.36795944289534066
2008-08-27,1281.6600341796875,1281.6600341796875,1285.050048828125,1270.030029296875,1271.2900390625,3499610000,0.007982653959549557,0.7950961127648376
2008-08-28,1300.6800537109375,1300.6800537109375,1300.6800537109375,1283.7900390625,1283.7900390625,3854280000,0.014840144050698667,1.473110654423011
2008-08-29,1282.8299560546875,1282.8299560546875,1297.5899658203125,1282.739990234375,1296.489990234375,3288120000,-0.013723665251360151,-1.3818705278780863
2008-09-02,1277.5799560546875,1277.5799560546875,1303.0400390625,1272.199951171875,1287.8299560546875,4783560000,-0.004092514347066145,-0.41009116023289693
2008-09-03,1274.97998046875,1274.97998046875,1280.5999755859375,1265.5899658203125,1276.6099853515625,5056980000,-0.0020350785667978544,-0.20371521529357994
2008-09-04,1236.8299560546875,1236.8299560546875,1271.800048828125,1232.8299560546875,1271.800048828125,5212500000,-0.02992205759970956,-3.0378857722846977
2008-09-05,1242.31005859375,1242.31005859375,1244.93994140625,1217.22998046875,1233.2099609375,5017080000,0.004430764724152825,0.4420977784567912
2008-09-08,1267.7900390625,1267.7900390625,1274.4200439453125,1247.1199951171875,1249.5,7351340000,0.02051016192977806,2.0302661013164873
2008-09-09,1224.510009765625,1224.510009765625,1268.6600341796875,1224.510009765625,1267.97998046875,7380630000,-0.03413816796421554,-3.473448601838737
2008-09-10,1232.0400390625,1232.0400390625,1243.9000244140625,1221.5999755859375,1227.5,6543440000,0.006149422411268146,0.6130591871801976
2008-09-11,1249.050048828125,1249.050048828125,1249.97998046875,1211.5400390625,1229.0400390625,6869250000,0.013806377411702098,1.3711937637728921
2008-09-12,1251.699951171875,1251.699951171875,1255.0899658203125,1233.81005859375,1245.8800048828125,6273260000,0.002121534158087801,0.21192868823826516
2008-09-15,1192.699951171875,1192.699951171875,1250.9200439453125,1192.699951171875,1250.9200439453125,8279510000,-0.04713589702129706,-4.828298467905812
2008-09-16,1213.5999755859375,1213.5999755859375,1214.8399658203125,1169.280029296875,1188.31005859375,9459830000,0.017523287725070613,1.7371525271791655
2008-09-17,1156.3900146484375,1156.3900146484375,1210.3399658203125,1155.8800048828125,1210.3399658203125,9431870000,-0.04714070706031326,-4.82880326718849
2008-09-18,1206.510009765625,1206.510009765625,1211.1400146484375,1133.5,1157.0799560546875,10082690000,0.043341774386062015,4.242880631709865
2008-09-19,1255.0799560546875,1255.0799560546875,1265.1199951171875,1213.1099853515625,1213.1099853515625,9387170000,0.0402565630586833,3.9467377977745945
2008-09-22,1207.0899658203125,1207.0899658203125,1255.3699951171875,1205.6099853515625,1255.3699951171875,5368130000,-0.038236599989398545,-3.8986804501017693
2008-09-23,1188.219970703125,1188.219970703125,1221.1500244140625,1187.06005859375,1207.6099853515625,5185730000,-0.01563263356626765,-1.5756111732193459
2008-09-24,1185.8699951171875,1185.8699951171875,1197.4100341796875,1179.7900390625,1188.7900390625,4820360000,-0.001977727730452905,-0.19796860163376573
2008-09-25,1209.1800537109375,1209.1800537109375,1220.030029296875,1187.8699951171875,1187.8699951171875,5877640000,0.019656504245599393,1.9465810036084243
2008-09-26,1213.27001953125,1213.27001953125,1215.77001953125,1187.5400390625,1204.469970703125,5383610000,0.0033824291161275166,0.3376721569391682
2008-09-29,1106.4200439453125,1106.4200439453125,1209.0699462890625,1106.4200439453125,1209.0699462890625,7305060000,-0.08806776221769597,-9.218959234553594
2008-09-30,1166.3599853515625,1166.3599853515625,1168.030029296875,1113.780029296875,1113.780029296875,4937680000,0.0541746705821724,5.2758158003824995
2008-10-01,1161.06005859375,1161.06005859375,1167.030029296875,1140.77001953125,1164.1700439453125,5782130000,-0.004543988840816637,-0.45543441395915435
2008-10-02,1114.280029296875,1114.280029296875,1160.6400146484375,1111.4300537109375,1160.6400146484375,6285640000,-0.04029079197981711,-4.112494871855385
2008-10-03,1099.22998046875,1099.22998046875,1153.8199462890625,1098.1400146484375,1115.1600341796875,6716120000,-0.013506522985628489,-1.3598565792345263
2008-10-06,1056.8900146484375,1056.8900146484375,1097.56005859375,1007.969970703125,1097.56005859375,7956020000,-0.03851784119121027,-3.9279269706541475
2008-10-07,996.22998046875,996.22998046875,1072.9100341796875,996.22998046875,1057.5999755859375,7069210000,-0.05739484084336377,-5.910779118196403
2008-10-08,984.9400024414062,984.9400024414062,1021.0599975585938,970.969970703125,988.9099731445312,8716330000,-0.01133270253725105,-1.1397406925517297
2008-10-09,909.9199829101562,909.9199829101562,1005.25,909.1900024414062,988.4199829101562,6819000000,-0.07616709580816616,-7.922406331313588
2008-10-10,899.219970703125,899.219970703125,936.3599853515625,839.7999877929688,902.3099975585938,11456230000,-0.011759289177065702,-1.1828976472150512
2008-10-13,1003.3499755859375,1003.3499755859375,1006.9299926757812,912.75,912.75,7263370000,0.11580036951513706,10.957196759533847
2008-10-14,998.010009765625,998.010009765625,1044.31005859375,972.0700073242188,1009.969970703125,8161990000,-0.005322136791994336,-0.5336349813536854
2008-10-15,907.8400268554688,907.8400268554688,994.5999755859375,903.989990234375,994.5999755859375,6542330000,-0.0903497780862258,-9.4695124884235
2008-10-16,946.4299926757812,946.4299926757812,947.7100219726562,865.8300170898438,909.530029296875,7984500000,0.042507451399756535,4.162882229094104
2008-10-17,940.5499877929688,940.5499877929688,984.6400146484375,918.739990234375,942.2899780273438,6581780000,-0.006212826018106576,-0.6232205932727285
2008-10-20,985.4000244140625,985.4000244140625,985.4000244140625,943.510009765625,943.510009765625,5175640000,0.04768490479313692,4.658287732523155
2008-10-21,955.0499877929688,955.0499877929688,985.4400024414062,952.469970703125,980.4000244140625,5121830000,-0.030799711659374562,-3.128399253606999
2008-10-22,896.780029296875,896.780029296875,951.6699829101562,875.8099975585938,951.6699829101562,6147980000,-0.06101246975642627,-6.295307968785188
2008-10-23,908.1099853515625,908.1099853515625,922.8300170898438,858.4400024414062,899.0800170898438,7189900000,0.012634041442215027,1.2554897845818378
2008-10-24,876.77001953125,876.77001953125,896.2999877929688,852.8499755859375,895.219970703125,6550050000,-0.034511200543819176,-3.512077795125528
2008-10-27,848.9199829101562,848.9199829101562,893.780029296875,846.75,874.280029296875,5558050000,-0.03176435781413156,-3.2279789320129515
2008-10-28,940.510009765625,940.510009765625,940.510009765625,845.27001953125,848.9199829101562,7096950000,0.10789005877973534,10.245735847393652
2008-10-29,930.0900268554688,930.0900268554688,969.969970703125,922.260009765625,939.510009765625,7077800000,-0.011079077098555157,-1.1140907177516441
2008-10-30,954.0900268554688,954.0900268554688,963.22998046875,928.5,939.3800048828125,6175830000,0.025803953710955563,2.5476650236373044
2008-10-31,968.75,968.75,984.3800048828125,944.5900268554688,953.1099853515625,6394350000,0.01536539816147986,1.5248545898600414
2008-11-03,966.2999877929688,966.2999877929688,975.5700073242188,958.8200073242188,968.6699829101562,4492280000,-0.0025290448588709546,-0.2532248295049081
2008-11-04,1005.75,1005.75,1007.510009765625,971.3099975585938,971.3099975585938,5531290000,0.04082584363592434,4.001447845739003
2008-11-05,952.77001953125,952.77001953125,1001.8400268554688,949.8599853515625,1001.8400268554688,5426640000,-0.05267708721725084,-5.411525893116384
2008-11-06,904.8800048828125,904.8800048828125,952.4000244140625,899.72998046875,952.4000244140625,6102230000,-0.05026398151360678,-5.157120827951978
2008-11-07,930.989990234375,930.989990234375,931.4600219726562,906.9000244140625,907.4400024414062,4931640000,0.028854638416884848,2.84461819721001
2008-11-10,919.2100219726562,919.2100219726562,951.9500122070312,907.469970703125,936.75,4572000000,-0.012653163176065019,-1.273389618685711
2008-11-11,898.9500122070312,898.9500122070312,917.1500244140625,884.9000244140625,917.1500244140625,4998340000,-0.02204067545102073,-2.228720025294257
2008-11-12,852.2999877929688,852.2999877929688,893.3900146484375,850.47998046875,893.3900146484375,5764180000,-0.05189390264262972,-5.328886594572081
2008-11-13,911.2899780273438,911.2899780273438,913.010009765625,818.6900024414062,853.1300048828125,7849120000,0.06921270805966984,6.692259078968742
2008-11-14,873.2899780273438,873.2899780273438,916.8800048828125,869.8800048828125,904.3599853515625,5881030000,-0.041699130810434304,-4.259349062086725
2008-11-17,850.75,850.75,882.2899780273438,848.97998046875,873.22998046875,4927490000,-0.025810416464710606,-2.6149349993598614
2008-11-18,859.1199951171875,859.1199951171875,865.9000244140625,826.8400268554688,852.3400268554688,6679470000,0.00983837216243022,0.9790290485441311
2008-11-19,806.5800170898438,806.5800170898438,864.5700073242188,806.1799926757812,859.030029296875,6548600000,-0.06115557585198217,-6.310549598420712
2008-11-20,752.4400024414062,752.4400024414062,820.52001953125,747.780029296875,805.8699951171875,9093740000,-0.06712293077105447,-6.948184541277702
2008-11-21,800.030029296875,800.030029296875,801.2000122070312,741.02001953125,755.8400268554688,9495900000,0.06324760339835156,6.1328001115067465
2008-11-24,851.8099975585938,851.8099975585938,865.5999755859375,801.2000122070312,801.2000122070312,7879440000,0.06472253086203117,6.271423081455647
2008-11-25,857.3900146484375,857.3900146484375,868.9400024414062,834.989990234375,853.4000244140625,6952700000,0.006550776705881445,0.6529413613966316
2008-11-26,887.6799926757812,887.6799926757812,887.6799926757812,841.3699951171875,852.9000244140625,5793260000,0.03532812081997916,3.471840142238202
2008-11-28,896.239990234375,896.239990234375,896.25,881.2100219726562,886.8900146484375,2740860000,0.009643111965147444,0.9596913918806831
2008-12-01,816.2100219726562,816.2100219726562,888.6099853515625,815.6900024414062,888.6099853515625,6052010000,-0.0892952436107991,-9.353652163820918
2008-12-02,848.8099975585938,848.8099975585938,850.5399780273438,817.9400024414062,817.9400024414062,6170100000,0.03994067054843109,3.916366397642246
2008-12-03,870.739990234375,870.739990234375,873.1199951171875,827.5999755859375,843.5999755859375,6221880000,0.025836162084397873,2.550804791981371
2008-12-04,845.219970703125,845.219970703125,875.5999755859375,833.5999755859375,869.75,5860390000,-0.02930842710506598,-2.974649977384212
2008-12-05,876.0700073242188,876.0700073242188,879.4199829101562,818.4099731445312,844.4299926757812,6165370000,0.03649941753675101,3.5849090941538373
2008-12-08,909.7000122070312,909.7000122070312,918.5700073242188,882.7100219726562,882.7100219726562,6553600000,0.0383873487297306,3.7668883466785243
2008-12-09,888.6699829101562,888.6699829101562,916.260009765625,885.3800048828125,906.47998046875,5693110000,-0.023117543162227583,-2.3388944476325926
2008-12-10,899.239990234375,899.239990234375,908.27001953125,885.4500122070312,892.1699829101562,5942130000,0.01189418741207482,1.1824007505509535
2008-12-11,873.5900268554688,873.5900268554688,904.6300048828125,868.72998046875,898.3499755859375,5513840000,-0.0285240465920793,-2.8938762495764387
2008-12-12,879.72998046875,879.72998046875,883.239990234375,851.3499755859375,871.7899780273438,5959590000,0.007028415417449585,0.7003831230512167
2008-12-15,868.5700073242188,868.5700073242188,884.6300048828125,857.719970703125,881.0700073242188,4982390000,-0.012685680143110334,-1.2766830411484198
2008-12-16,913.1799926757812,913.1799926757812,914.6599731445312,871.530029296875,871.530029296875,6009780000,0.05136026454446818,5.008481578859222
2008-12-17,904.4199829101562,904.4199829101562,918.8499755859375,895.9400024414062,908.1599731445312,5907380000,-0.009592862125632595,-0.9639170015611964
2008-12-18,885.280029296875,885.280029296875,911.02001953125,877.4400024414062,905.97998046875,5675000000,-0.021162683238924562,-2.1389823129044907
2008-12-19,887.8800048828125,887.8800048828125,905.469970703125,883.02001953125,886.9600219726562,6705310000,0.002936896236101161,0.29325919817233526
2008-12-22,871.6300048828125,871.6300048828125,887.3699951171875,857.0900268554688,887.2000122070312,4869850000,-0.018302022695223075,-1.8471576686337163
2008-12-23,863.1599731445312,863.1599731445312,880.4400024414062,860.0999755859375,874.3099975585938,4051970000,-0.009717462330154691,-0.9764984984231136
2008-12-24,868.1500244140625,868.1500244140625,869.7899780273438,861.4400024414062,863.8699951171875,1546550000,0.005781143038123382,0.5764496357789292
2008-12-26,872.7999877929688,872.7999877929688,873.739990234375,866.52001953125,869.510009765625,1880050000,0.005356174910027267,0.5341881620716299
2008-12-29,869.4199829101562,869.4199829101562,873.7000122070312,857.0700073242188,872.3699951171875,3323430000,-0.003872599599089699,-0.38801175284807
2008-12-30,890.6400146484375,890.6400146484375,891.1199951171875,870.5800170898438,870.5800170898438,3627800000,0.024407112966569722,2.4114018863220665
2008-12-31,903.25,903.25,910.3200073242188,889.6699829101562,890.5900268554688,4172940000,0.01415834135471683,1.4059048160206564
2009-01-02,931.7999877929688,931.7999877929688,934.72998046875,899.3499755859375,902.989990234375,4048270000,0.03160806841181141,3.111881625446231
2009-01-05,927.4500122070312,927.4500122070312,936.6300048828125,919.530029296875,929.1699829101562,5413910000,-0.004668357633531128,-0.4679288447595494
2009-01-06,934.7000122070312,934.7000122070312,943.8499755859375,927.280029296875,931.1699829101562,5392620000,0.0078171328961949,0.7786737413759767
2009-01-07,906.6500244140625,906.6500244140625,927.4500122070312,902.3699951171875,927.4500122070312,4704940000,-0.030009615306130777,-3.046912022057231
2009-01-08,909.72998046875,909.72998046875,910.0,896.8099975585938,905.72998046875,4991550000,0.0033970727091503505,0.33913156919744314
2009-01-09,890.3499755859375,890.3499755859375,911.9299926757812,888.3099975585938,909.9099731445312,4716500000,-0.021303029798827477,-2.1533214293202936
2009-01-12,870.260009765625,870.260009765625,890.4000244140625,864.3200073242188,890.4000244140625,4725050000,-0.02256412239141281,-2.2822587628668867
2009-01-13,871.7899780273438,871.7899780273438,877.02001953125,862.02001953125,869.7899780273438,5567460000,0.0017580587922576552,0.17565152157664873
2009-01-14,842.6199951171875,842.6199951171875,867.280029296875,836.9299926757812,867.280029296875,5407880000,-0.03345987410426654,-3.40324644901829
2009-01-15,843.739990234375,843.739990234375,851.5900268554688,817.0399780273438,841.989990234375,7807350000,0.0013291817470242329,0.1328299166952238
2009-01-16,850.1199951171875,850.1199951171875,858.1300048828125,830.6599731445312,844.4500122070312,6786040000,0.0075615769747268136,0.7533131556373145
2009-01-20,805.219970703125,805.219970703125,849.6400146484375,804.469970703125,849.6400146484375,6375230000,-0.052816102046715274,-5.426201462391315
2009-01-21,840.239990234375,840.239990234375,841.719970703125,804.2999877929688,806.77001953125,6467830000,0.04349124562903017,4.257205806919397
2009-01-22,827.5,827.5,839.739990234375,811.2899780273438,839.739990234375,5843830000,-0.015162323124874533,-1.5278446440878557
2009-01-23,831.9500122070312,831.9500122070312,838.6099853515625,806.0700073242188,822.1599731445312,5832160000,0.005377658256231044,0.5363250283092427
2009-01-26,836.5700073242188,836.5700073242188,852.530029296875,827.6900024414062,832.5,6039940000,0.005553212391849582,0.5537850154850269
2009-01-27,845.7100219726562,845.7100219726562,850.4500122070312,835.4000244140625,837.2999877929688,5353260000,0.010925582519593302,1.0866329534482322
2009-01-28,874.0900268554688,874.0900268554688,877.8599853515625,845.72998046875,845.72998046875,6199180000,0.03355760738960489,3.300683868264074
2009-01-29,845.1400146484375,845.1400146484375,868.8900146484375,844.1500244140625,868.8900146484375,5067060000,-0.03312017219917118,-3.3681064466673822
2009-01-30,825.8800048828125,825.8800048828125,851.6599731445312,821.6699829101562,845.6900024414062,5350580000,-0.022789134855526583,-2.305282101067711
2009-02-02,825.4400024414062,825.4400024414062,830.780029296875,812.8699951171875,823.0900268554688,5673270000,-0.0005327680035899229,-0.05329099748901644
2009-02-03,838.510009765625,838.510009765625,842.5999755859375,821.97998046875,825.6900024414062,5886310000,0.01583398827965876,1.5709938442946172
2009-02-04,832.22998046875,832.22998046875,851.8499755859375,829.1799926757812,837.77001953125,6420450000,-0.007489510230927809,-0.7517697439794895
2009-02-05,845.8499755859375,845.8499755859375,850.5499877929688,819.9099731445312,831.75,6624030000,0.016365662661559144,1.6233188600758928
2009-02-06,868.5999755859375,868.5999755859375,870.75,845.4199829101562,846.0900268554688,6484100000,0.026896022529575125,2.65406819353971
2009-02-09,869.8900146484375,869.8900146484375,875.010009765625,861.6500244140625,868.239990234375,5574370000,0.0014851935283901607,0.14840917192800343
2009-02-10,827.1599731445312,827.1599731445312,868.0499877929688,822.989990234375,866.8699951171875,6770170000,-0.04912120013376109,-5.036866949414839
2009-02-11,833.739990234375,833.739990234375,838.219970703125,822.2999877929688,827.4099731445312,5926460000,0.007954951041488467,0.7923477223390516
2009-02-12,835.1900024414062,835.1900024414062,835.47998046875,808.0599975585938,829.9099731445312,6476460000,0.0017391659558319006,0.17376553579209741
2009-02-13,826.8400268554688,826.8400268554688,839.4299926757812,825.2100219726562,833.9500122070312,5296650000,-0.00999769580757559,-1.0048008389114624
2009-02-17,789.1699829101562,789.1699829101562,818.6099853515625,789.1699829101562,818.6099853515625,5907820000,-0.0455590473632177,-4.662949981810491
2009-02-18,788.4199829101562,788.4199829101562,796.1699829101562,780.4299926757812,791.0599975585938,5740710000,-0.000950365594538094,-0.0950817478245573
2009-02-19,778.9400024414062,778.9400024414062,797.5800170898438,777.030029296875,787.9099731445312,5746940000,-0.01202402358417931,-1.2096896898495146
2009-02-20,770.0499877929688,770.0499877929688,778.6900024414062,754.25,775.8699951171875,8210590000,-0.01141296456796903,-1.1478592263616476
2009-02-23,743.3300170898438,743.3300170898438,777.8499755859375,742.3699951171875,773.25,6509300000,-0.034699008021163436,-3.5315317490224962
2009-02-24,773.1400146484375,773.1400146484375,775.489990234375,744.6900024414062,744.6900024414062,7234490000,0.04010331464253336,3.9320049221726596
2009-02-25,764.9000244140625,764.9000244140625,780.1199951171875,752.8900146484375,770.6400146484375,7483640000,-0.010657824039959851,-1.0715025437918897
2009-02-26,752.8300170898438,752.8300170898438,779.4199829101562,751.75,765.760009765625,7599970000,-0.01577984957375933,-1.5905676845763752
2009-02-27,735.0900268554688,735.0900268554688,751.27001953125,734.52001953125,749.9299926757812,8926480000,-0.023564403426620917,-2.384648417029285
2009-03-02,700.8200073242188,700.8200073242188,729.5700073242188,699.7000122070312,729.5700073242188,7868290000,-0.04662016661802437,-4.774188875107267
2009-03-03,696.3300170898438,696.3300170898438,711.6699829101562,692.2999877929688,704.4400024414062,7583230000,-0.006406766626880556,-0.6427378038351219
2009-03-04,712.8699951171875,712.8699951171875,724.1199951171875,698.5999755859375,698.5999755859375,7673620000,0.02375307342984989,2.347535830991525
2009-03-05,682.5499877929688,682.5499877929688,708.27001953125,677.9299926757812,708.27001953125,7507250000,-0.04253230958224652,-4.346330218569738
2009-03-06,683.3800048828125,683.3800048828125,699.0900268554688,666.7899780273438,684.0399780273438,7331830000,0.0012160531897855709,0.1215314395986425
2009-03-09,676.530029296875,676.530029296875,695.27001953125,672.8800048828125,680.760009765625,7277320000,-0.010023669901070842,-1.007424513030657
2009-03-10,719.5999755859375,719.5999755859375,719.5999755859375,679.280029296875,679.280029296875,8618330000,0.06366302222212594,6.17186323188922
2009-03-11,721.3599853515625,721.3599853515625,731.9199829101562,713.8499755859375,719.5900268554688,7287810000,0.002445816877900686,0.24428307358472248
2009-03-12,750.739990234375,750.739990234375,752.6300048828125,714.760009765625,720.8900146484375,7326630000,0.04072863130673077,3.992107486845256
2009-03-13,756.5499877929688,756.5499877929688,758.2899780273438,742.4600219726562,751.969970703125,6787090000,0.007739027671590959,0.7709235009042813
2009-03-16,753.8900146484375,753.8900146484375,774.530029296875,753.3699951171875,758.8400268554688,7883540000,-0.0035159251701146754,-0.3522120560965446
2009-03-17,778.1199951171875,778.1199951171875,778.1199951171875,749.9299926757812,753.8800048828125,6156800000,0.032139940837456527,3.1634259452989566
2009-03-18,794.3499755859375,794.3499755859375,803.0399780273438,765.6400146484375,776.010009765625,9098450000,0.020857940382711382,2.0643391776914966
2009-03-19,784.0399780273438,784.0399780273438,803.239990234375,781.8200073242188,797.9199829101562,9033870000,-0.012979162680767709,-1.3064127999233972
2009-03-20,768.5399780273438,768.5399780273438,788.9099731445312,766.2000122070312,784.5800170898438,7643720000,-0.01976940007446848,-1.996742895118435
2009-03-23,822.9199829101562,822.9199829101562,823.3699951171875,772.3099975585938,772.3099975585938,7715770000,0.07075754864749229,6.836638735773641
2009-03-24,806.1199951171875,806.1199951171875,823.6500244140625,805.47998046875,820.5999755859375,6767980000,-0.020415092769478838,-2.062636109659859
2009-03-25,813.8800048828125,813.8800048828125,826.780029296875,791.3699951171875,806.8099975585938,7687180000,0.009626370531222062,0.9580332245017488
2009-03-26,832.8599853515625,832.8599853515625,832.97998046875,814.0599975585938,814.0599975585938,6992960000,0.02332036707485252,2.3052602239829927
2009-03-27,815.9400024414062,815.9400024414062,828.6799926757812,813.4299926757812,828.6799926757812,5600210000,-0.020315519064124654,-2.0524717385895697
2009-03-30,787.530029296875,787.530029296875,809.0700073242188,779.8099975585938,809.0700073242188,5912660000,-0.03481870365409789,-3.5439323427820706
2009-03-31,797.8699951171875,797.8699951171875,810.47998046875,790.8800048828125,790.8800048828125,6089100000,0.013129614663131228,1.3044168377756997
2009-04-01,811.0800170898438,811.0800170898438,813.6199951171875,783.3200073242188,793.5900268554688,6034140000,0.01655660953977356,1.6421043179743084
2009-04-02,834.3800048828125,834.3800048828125,845.6099853515625,814.530029296875,814.530029296875,7542810000,0.028727113604116505,2.8322225961306002
2009-04-03,842.5,842.5,842.5,826.7000122070312,835.1300048828125,5855640000,0.00973177097925304,0.9684722294469393
2009-04-06,835.47998046875,835.47998046875,839.75,822.7899780273438,839.75,6210000000,-0.008332367396142404,-0.8367275616680818
2009-04-07,815.5499877929688,815.5499877929688,834.1199951171875,814.530029296875,834.1199951171875,5155580000,-0.02385454246862917,-2.414366931764816
2009-04-08,825.1599731445312,825.1599731445312,828.4199829101562,814.8400268554688,816.760009765625,5938460000,0.011783441230339475,1.1714557086847552
2009-04-09,856.5599975585938,856.5599975585938,856.9099731445312,829.2899780273438,829.2899780273438,7600710000,0.0380532568665477,3.7347090620733754
2009-04-13,858.72998046875,858.72998046875,864.3099975585938,845.3499755859375,855.3300170898438,6434890000,0.0025333694269418228,0.25301658560268464
2009-04-14,841.5,841.5,856.8800048828125,840.25,856.8800048828125,7569840000,-0.02006449158715151,-2.026851722493524
2009-04-15,852.0599975585938,852.0599975585938,852.9299926757812,835.5800170898438,839.4400024414062,6241100000,0.012549016706588034,1.2470930388817558
2009-04-16,865.2999877929688,865.2999877929688,870.3499755859375,847.0399780273438,854.5399780273438,6598670000,0.015538800404093056,1.5419309485732728
2009-04-17,869.5999755859375,869.5999755859375,875.6300048828125,860.8699951171875,865.1799926757812,7352010000,0.004969360746134077,0.4957054226539451
2009-04-20,832.3900146484375,832.3900146484375,868.27001953125,832.3900146484375,868.27001953125,6973960000,-0.04278974468970964,-4.373220914165703
2009-04-21,850.0800170898438,850.0800170898438,850.0900268554688,826.8300170898438,831.25,7436490000,0.021252059887909347,2.1029384216146014
2009-04-22,843.5499877929688,843.5499877929688,861.780029296875,840.5700073242188,847.260009765625,7327860000,-0.007681664273476052,-0.7711320225478271
2009-04-23,851.9199829101562,851.9199829101562,852.8699951171875,835.4500122070312,844.6199951171875,6563100000,0.009922346320087705,0.9873443065781582
2009-04-24,866.22998046875,866.22998046875,871.7999877929688,853.9099731445312,853.9099731445312,7114440000,0.016797349335216705,1.6657834020331603
2009-04-27,857.510009765625,857.510009765625,868.8300170898438,854.6500244140625,862.8200073242188,5613460000,-0.0100665768903615,-1.0117587499046197
2009-04-28,855.1599731445312,855.1599731445312,864.47998046875,847.1199951171875,854.47998046875,6328000000,-0.0027405354973477625,-0.27442976398493146
2009-04-29,873.6400146484375,873.6400146484375,882.0599975585938,856.8499755859375,856.8499755859375,6101620000,0.021610040324914648,2.1379853727164115
2009-04-30,872.8099975585938,872.8099975585938,888.7000122070312,868.510009765625,876.5900268554688,6862540000,-0.0009500676204463598,-0.09505192207446081
2009-05-01,877.52001953125,877.52001953125,880.47998046875,866.0999755859375,872.739990234375,5312170000,0.005396388659423046,0.5381880325807842
2009-05-04,907.239990234375,907.239990234375,907.8499755859375,879.2100219726562,879.2100219726562,7038840000,0.03386813980494785,3.3307243587725845
2009-05-05,903.7999877929688,903.7999877929688,907.7000122070312,897.3400268554688,906.0999755859375,6882860000,-0.0037917226736418064,-0.3798929477293887
2009-05-06,919.530029296875,919.530029296875,920.280029296875,903.9500122070312,903.9500122070312,8555040000,0.01740433914180306,1.725461832941929
2009-05-07,907.3900146484375,907.3900146484375,929.5800170898438,901.3599853515625,919.5800170898438,9120100000,-0.013202412386380091,-1.3290338985760735
2009-05-08,929.22998046875,929.22998046875,930.1699829101562,909.030029296875,909.030029296875,8163280000,0.024068995104353563,2.3783902379113706
2009-05-11,909.239990234375,909.239990234375,922.989990234375,908.6799926757812,922.989990234375,6150600000,-0.02151242496964101,-2.1747190202753868
2009-05-12,908.3499755859375,908.3499755859375,915.5700073242188,896.4600219726562,910.52001953125,6871750000,-0.0009788555914792552,-0.09793349834762966
2009-05-13,883.9199829101562,883.9199829101562,905.4000244140625,882.7999877929688,905.4000244140625,7091820000,-0.02689491201893024,-2.726319853661259
2009-05-14,893.0700073242188,893.0700073242188,898.3599853515625,882.52001953125,884.239990234375,6134870000,0.010351643351174777,1.029843199277203
2009-05-15,882.8800048828125,882.8800048828125,896.969970703125,878.9400024414062,892.760009765625,5439720000,-0.01141008247711417,-1.1475676904067544
2009-05-18,909.7100219726562,909.7100219726562,910.0,886.0700073242188,886.0700073242188,5702150000,0.030389200051489373,2.9936594996533383
2009-05-19,908.1300048828125,908.1300048828125,916.3900146484375,905.219970703125,909.6699829101562,6616270000,-0.0017368359715522752,-0.17383460198724435
2009-05-20,903.469970703125,903.469970703125,924.5999755859375,901.3699951171875,908.6199951171875,8205060000,-0.005131461524926495,-0.514467268804702
2009-05-21,888.3300170898438,888.3300170898438,900.4199829101562,879.6099853515625,900.4199829101562,6019840000,-0.016757561517510733,-1.6899558030336284
2009-05-22,887.0,887.0,896.6500244140625,883.75,888.6799926757812,5155320000,-0.00149721056843366,-0.14983325081699614
2009-05-26,910.3300170898438,910.3300170898438,911.760009765625,881.4600219726562,887.0,5667050000,0.02630216131887675,2.596220760015714
2009-05-27,893.0599975585938,893.0599975585938,913.8400268554688,891.8699951171875,909.9500122070312,5698800000,-0.018971163431981575,-1.9153424774368057
2009-05-28,906.8300170898438,906.8300170898438,909.4500122070312,887.5999755859375,892.9600219726562,5738980000,0.015418918738823617,1.5301255166552454
2009-05-29,919.1400146484375,919.1400146484375,920.02001953125,903.5599975585938,907.02001953125,6050420000,0.013574757481119137,1.3483445887850907
2009-06-01,942.8699951171875,942.8699951171875,947.77001953125,923.260009765625,923.260009765625,6370440000,0.025817590454732198,2.548994386142355
2009-06-02,944.739990234375,944.739990234375,949.3800048828125,938.4600219726562,942.8699951171875,5987340000,0.0019833011198484574,0.1981336974747815
2009-06-03,931.760009765625,931.760009765625,942.510009765625,923.8499755859375,942.510009765625,5323770000,-0.013739209309357014,-1.383446575070985
2009-06-04,942.4600219726562,942.4600219726562,942.469970703125,929.3200073242188,932.489990234375,5352890000,0.011483656837475431,1.1418220142166204
2009-06-05,940.0900268554688,940.0900268554688,951.6900024414062,934.1300048828125,945.6699829101562,5277910000,-0.002514690344346815,-0.2517857488816695
2009-06-08,939.1400146484375,939.1400146484375,946.3300170898438,926.4400024414062,938.1199951171875,4483430000,-0.001010554499986549,-0.1011065454445827
2009-06-09,942.4299926757812,942.4299926757812,946.9199829101562,936.1500244140625,940.3499755859375,4439950000,0.0035031816087351952,0.3497059761173111
2009-06-10,939.1500244140625,939.1500244140625,949.77001953125,927.969970703125,942.72998046875,5379420000,-0.0034803309393901527,-0.3486401379967999
2009-06-11,944.8900146484375,944.8900146484375,956.22998046875,939.0399780273438,939.0399780273438,5500840000,0.006111899148334876,0.6093297249542341
2009-06-12,946.2100219726562,946.2100219726562,946.2999877929688,935.6599731445312,943.4400024414062,4528120000,0.0013969957389272647,0.1396020848219796
2009-06-15,923.719970703125,923.719970703125,942.4500122070312,919.6500244140625,942.4500122070312,4697880000,-0.023768561680042266,-2.405559125359691
2009-06-16,911.969970703125,911.969970703125,928.0,911.5999755859375,925.5999755859375,4951200000,-0.012720305257724385,-1.2801901027885947
2009-06-17,910.7100219726562,910.7100219726562,918.4400024414062,903.780029296875,911.8900146484375,5523650000,-0.0013815682214813885,-0.13825234667824293
2009-06-18,918.3699951171875,918.3699951171875,921.9299926757812,907.9400024414062,910.8599853515625,4684010000,0.008410990281999098,0.8375815004881833
2009-06-19,921.22998046875,921.22998046875,927.0900268554688,915.7999877929688,919.9600219726562,5713390000,0.003114197291689047,0.310935822324291
2009-06-22,893.0399780273438,893.0399780273438,918.1300048828125,893.0399780273438,918.1300048828125,4903940000,-0.030600396251826645,-3.107836433082392
2009-06-23,895.0999755859375,895.0999755859375,898.6900024414062,888.8599853515625,893.4600219726562,5071020000,0.0023067249051313965,0.23040684995177824
2009-06-24,900.9400024414062,900.9400024414062,910.8499755859375,896.3099975585938,896.3099975585938,4636720000,0.006524440861084724,0.650324882432666
2009-06-25,920.260009765625,920.260009765625,921.4199829101562,896.27001953125,899.4500122070312,4911240000,0.021444277390130884,2.1217583998248744
2009-06-26,918.9000244140625,918.9000244140625,922.0,913.030029296875,918.8400268554688,6076660000,-0.001477827284822375,-0.14789203486033056
2009-06-29,927.22998046875,927.22998046875,927.989990234375,916.1799926757812,919.8599853515625,4211760000,0.009065138571521025,0.9024296841261898
2009-06-30,919.3200073242188,919.3200073242188,930.010009765625,912.8599853515625,927.1500244140625,4627570000,-0.008530756458643096,-0.8567351633166496
2009-07-01,923.3300170898438,923.3300170898438,931.9199829101562,920.8200073242188,920.8200073242188,3919400000,0.004361930267673175,0.43524446236517017
2009-07-02,896.4199829101562,896.4199829101562,921.239990234375,896.4199829101562,921.239990234375,3931000000,-0.029144546025377416,-2.9577684825958017
2009-07-06,898.719970703125,898.719970703125,898.719970703125,886.3599853515625,894.27001953125,4712580000,0.0025657480163505664,0.2562462104257053
2009-07-07,881.030029296875,881.030029296875,898.5999755859375,879.9299926757812,898.5999755859375,4673300000,-0.019683485382449017,-1.987978536288478
2009-07-08,879.5599975585938,879.5599975585938,886.7999877929688,869.3200073242188,881.9000244140625,5721780000,-0.001668537608706111,-0.16699311679349974
2009-07-09,882.6799926757812,882.6799926757812,887.8599853515625,878.4500122070312,881.280029296875,4347170000,0.003547222617954038,0.3540946062317481
2009-07-10,879.1300048828125,879.1300048828125,883.5700073242188,872.8099975585938,880.030029296875,3912080000,-0.00402182877421664,-0.40299380776840443
2009-07-13,901.0499877929688,901.0499877929688,901.0499877929688,875.3200073242188,879.5700073242188,4499440000,0.024933721734452963,2.4627948777227284
2009-07-14,905.8400268554688,905.8400268554688,905.8400268554688,896.5,900.77001953125,4149030000,0.005316063622877065,0.5301983236099628
2009-07-15,932.6799926757812,932.6799926757812,933.9500122070312,910.1500244140625,910.1500244140625,5238830000,0.02962991811422233,2.919943487510086
2009-07-16,940.739990234375,940.739990234375,943.9600219726562,927.4500122070312,930.1699829101562,4898640000,0.008641760970416357,0.8604634691705462
2009-07-17,940.3800048828125,940.3800048828125,941.8900146484375,934.6500244140625,940.5599975585938,5141380000,-0.00038266189946156715,-0.038273513320932276
2009-07-20,951.1300048828125,951.1300048828125,951.6199951171875,940.989990234375,942.0700073242188,4853150000,0.01143154888894049,1.136670246273114
2009-07-21,954.5800170898438,954.5800170898438,956.530029296875,943.219970703125,951.969970703125,5309300000,0.003627277227424175,0.3620714522427704
2009-07-22,954.0700073242188,954.0700073242188,959.8300170898438,947.75,953.4000244140625,4634100000,-0.0005342765996504406,-0.053441937624996994
2009-07-23,976.2899780273438,976.2899780273438,979.4199829101562,953.27001953125,954.0700073242188,5761650000,0.023289664838582524,2.3022599224312996
2009-07-24,979.260009765625,979.260009765625,979.7899780273438,965.9500122070312,972.1599731445312,4458300000,0.003042161453180592,0.3037543443477206
2009-07-27,982.1799926757812,982.1799926757812,982.489990234375,972.2899780273438,978.6300048828125,4631290000,0.0029818259512661704,0.29773891259700835
2009-07-28,979.6199951171875,979.6199951171875,982.3499755859375,969.3499755859375,981.47998046875,5490350000,-0.0026064444171983725,-0.260984710734954
2009-07-29,975.1500244140625,975.1500244140625,977.760009765625,968.6500244140625,977.6599731445312,5178770000,-0.004562963930304753,-0.45734060269341126
2009-07-30,986.75,986.75,996.6799926757812,976.010009765625,976.010009765625,6035180000,0.01189558047020256,1.182538418815696
2009-07-31,987.47998046875,987.47998046875,993.1799926757812,982.8499755859375,986.7999877929688,5139070000,0.0007397825880415265,0.07395090837835545
2009-08-03,1002.6300048828125,1002.6300048828125,1003.6099853515625,990.219970703125,990.219970703125,5603440000,0.015342107904679603,1.5225607827281227
2009-08-04,1005.6500244140625,1005.6500244140625,1007.1199951171875,996.6799926757812,1001.4099731445312,5713700000,0.003012097699592653,0.30075704221065014
2009-08-05,1002.719970703125,1002.719970703125,1006.6400146484375,994.3099975585938,1005.4099731445312,7242120000,-0.002913591845875696,-0.291784461716649
2009-08-06,997.0800170898438,997.0800170898438,1008.0,992.489990234375,1004.0599975585938,6753380000,-0.005624654717235167,-0.5640532654178876
2009-08-07,1010.47998046875,1010.47998046875,1018.0,999.8300170898438,999.8300170898438,6827090000,0.013439205629671047,1.334970053225195
2009-08-10,1007.0999755859375,1007.0999755859375,1010.1199951171875,1000.989990234375,1008.8900146484375,5406080000,-0.0033449498734695604,-0.3350556724880266
2009-08-11,994.3499755859375,994.3499755859375,1005.77001953125,992.4000244140625,1005.77001953125,5773160000,-0.012660113503211945,-1.2740935609429687
2009-08-12,1005.8099975585938,1005.8099975585938,1012.780029296875,993.3599853515625,994.0,5498170000,0.011525139291026054,1.1459230792872048
2009-08-13,1012.72998046875,1012.72998046875,1013.1400146484375,1000.8200073242188,1005.8599853515625,5250660000,0.0068800100684554,0.68564507961441
2009-08-14,1004.0900268554688,1004.0900268554688,1012.5999755859375,994.5999755859375,1012.22998046875,4940750000,-0.008531349698250423,-0.8567949977279208
2009-08-17,979.72998046875,979.72998046875,998.1799926757812,978.510009765625,998.1799926757812,4088570000,-0.02426081898553223,-2.4559960849173303
2009-08-18,989.6699829101562,989.6699829101562,991.2000122070312,980.6199951171875,980.6199951171875,4198970000,0.01014565506778764,1.0094533393885528
2009-08-19,996.4600219726562,996.4600219726562,999.6099853515625,980.6199951171875,986.8800048828125,4257000000,0.006860912404894393,0.6837483447019445
2009-08-20,1007.3699951171875,1007.3699951171875,1008.9199829101562,996.3900146484375,996.4099731445312,4893160000,0.010948731413161106,1.0889227984113237
2009-08-21,1026.1300048828125,1026.1300048828125,1027.5899658203125,1009.0599975585938,1009.0599975585938,5885550000,0.018622760114512582,1.84514797254206
2009-08-24,1025.5699462890625,1025.5699462890625,1035.8199462890625,1022.47998046875,1026.5899658203125,6302450000,-0.0005457969176273503,-0.05459459189837834
2009-08-25,1028.0,1028.0,1037.75,1026.2099609375,1026.6300048828125,5768740000,0.0023694665778091206,0.2366663818367554
2009-08-26,1028.1199951171875,1028.1199951171875,1032.469970703125,1021.5700073242188,1027.3499755859375,5080060000,0.0001167267676920325,0.011671995565297763
2009-08-27,1030.97998046875,1030.97998046875,1033.3299560546875,1016.2000122070312,1027.81005859375,5785880000,0.002781762211750971,0.27779002715912854
2009-08-28,1028.9300537109375,1028.9300537109375,1039.469970703125,1023.1300048828125,1031.6199951171875,5785780000,-0.001988328383331406,-0.1990307732377177
2009-08-31,1020.6199951171875,1020.6199951171875,1025.2099609375,1014.6199951171875,1025.2099609375,5004560000,-0.008076407685613796,-0.8109198540382183
2009-09-01,998.0399780273438,998.0399780273438,1028.449951171875,996.280029296875,1019.52001953125,6862360000,-0.022123823948061228,-2.237222631680637
2009-09-02,994.75,994.75,1000.3400268554688,991.969970703125,996.0700073242188,5842730000,-0.003296439120451411,-0.3301884345751011
2009-09-03,1003.239990234375,1003.239990234375,1003.4299926757812,992.25,996.1199951171875,4624280000,0.008534797923473336,0.8498582450941842
2009-09-04,1016.4000244140625,1016.4000244140625,1016.47998046875,1001.6500244140625,1003.8400268554688,4097370000,0.013117533499250822,1.3032243708161282
2009-09-08,1025.3900146484375,1025.3900146484375,1026.0699462890625,1018.6699829101562,1018.6699829101562,5235160000,0.008844933115342624,0.8806045829839553
2009-09-09,1033.3699951171875,1033.3699951171875,1036.3399658203125,1023.969970703125,1025.3599853515625,5202550000,0.007782385584753415,0.7752259025442713
2009-09-10,1044.1400146484375,1044.1400146484375,1044.1400146484375,1028.0400390625,1032.989990234375,5191380000,0.010422229774562641,1.0368292776658143
2009-09-11,1042.72998046875,1042.72998046875,1048.1800537109375,1038.4000244140625,1043.9200439453125,4922600000,-0.0013504263412050799,-0.13513389885911675
2009-09-14,1049.3399658203125,1049.3399658203125,1049.739990234375,1035.0,1040.1500244140625,4979610000,0.0063391150876768165,0.631910740710653
2009-09-15,1052.6300048828125,1052.6300048828125,1056.0400390625,1043.4200439453125,1049.030029296875,6185620000,0.0031353414238139976,0.31304364906445525
2009-09-16,1068.760009765625,1068.760009765625,1068.760009765625,1052.8699951171875,1053.989990234375,6793530000,0.015323527552882465,1.5207308062442324
2009-09-17,1065.489990234375,1065.489990234375,1074.77001953125,1061.199951171875,1067.8699951171875,6668110000,-0.003059638741504833,-0.3064329005571477
2009-09-18,1068.300048828125,1068.300048828125,1071.52001953125,1064.27001953125,1066.5999755859375,5607970000,0.0026373392706691146,0.26338675941077866
2009-09-21,1064.6600341796875,1064.6600341796875,1067.280029296875,1057.4599609375,1067.1400146484375,4615280000,-0.0034072961546995906,-0.3413114207888716
2009-09-22,1071.6600341796875,1071.6600341796875,1073.81005859375,1066.3499755859375,1066.3499755859375,5246600000,0.006574868761175523,0.6553348588268071
2009-09-23,1060.8699951171875,1060.8699951171875,1080.1500244140625,1060.3900146484375,1072.68994140625,5531930000,-0.010068528001755062,-1.01195584531233
2009-09-24,1050.780029296875,1050.780029296875,1066.2900390625,1045.8499755859375,1062.56005859375,5505610000,-0.00951102950102567,-0.9556548191774188
2009-09-25,1044.3800048828125,1044.3800048828125,1053.469970703125,1041.1700439453125,1049.47998046875,4507090000,-0.006090736629573268,-0.6109360827818335
2009-09-28,1062.97998046875,1062.97998046875,1065.1300048828125,1045.3800048828125,1045.3800048828125,3726950000,0.017809586069224448,1.7652853549567058
2009-09-29,1060.6099853515625,1060.6099853515625,1069.6199951171875,1057.8299560546875,1063.68994140625,4949900000,-0.0022295764367475934,-0.22320656428964164
2009-09-30,1057.0799560546875,1057.0799560546875,1063.4000244140625,1046.469970703125,1061.02001953125,5998860000,-0.003328301020761093,-0.3333852135212442
2009-10-01,1029.8499755859375,1029.8499755859375,1054.9100341796875,1029.449951171875,1054.9100341796875,5791450000,-0.025759622356647194,-2.6097211493280956
2009-10-02,1025.2099609375,1025.2099609375,1030.5999755859375,1019.9500122070312,1029.7099609375,5583240000,-0.004505524841904807,-0.4515705309363511
2009-10-05,1040.4599609375,1040.4599609375,1042.5799560546875,1025.9200439453125,1026.8699951171875,4313310000,0.014875001786029074,1.4765453960324761
2009-10-06,1054.719970703125,1054.719970703125,1060.550048828125,1042.02001953125,1042.02001953125,5029840000,0.013705486324313787,1.36124155690534
2009-10-07,1057.5799560546875,1057.5799560546875,1058.02001953125,1050.0999755859375,1053.6500244140625,4238220000,0.002711606332490124,0.2707936560526622
2009-10-08,1065.47998046875,1065.47998046875,1070.6700439453125,1060.030029296875,1060.030029296875,4988400000,0.007469907470196047,0.7442145876693546
2009-10-09,1071.489990234375,1071.489990234375,1071.510009765625,1063.0,1065.280029296875,3763780000,0.005640659492242017,0.5624810543572637
2009-10-12,1076.18994140625,1076.18994140625,1079.4599609375,1071.6300048828125,1071.6300048828125,3710430000,0.00438636964853667,0.43767775685664234
2009-10-13,1073.18994140625,1073.18994140625,1075.300048828125,1066.7099609375,1074.9599609375,4320480000,-0.0027876120046986808,-0.2791504630813565
2009-10-14,1092.02001953125,1092.02001953125,1093.1700439453125,1078.6800537109375,1078.6800537109375,5406420000,0.0175458950913443,1.7393743058258577
2009-10-15,1096.56005859375,1096.56005859375,1096.56005859375,1086.4100341796875,1090.3599853515625,5369780000,0.004157468710554335,0.4148850316393222
2009-10-16,1087.6800537109375,1087.6800537109375,1094.6700439453125,1081.530029296875,1094.6700439453125,4894740000,-0.008098056110305896,-0.8131023468328601
2009-10-19,1097.9100341796875,1097.9100341796875,1100.1700439453125,1086.47998046875,1088.219970703125,4619240000,0.009405321384581278,0.9361366739513969
2009-10-20,1091.06005859375,1091.06005859375,1098.6400146484375,1086.1600341796875,1098.6400146484375,5396930000,-0.006239104637617676,-0.6258649187024325
2009-10-21,1081.4000244140625,1081.4000244140625,1101.3599853515625,1080.77001953125,1090.3599853515625,5616290000,-0.008853806079326398,-0.889323391718201
2009-10-22,1092.9100341796875,1092.9100341796875,1095.2099609375,1074.31005859375,1080.9599609375,5192410000,0.010643618925255227,1.0587374358508141
2009-10-23,1079.5999755859375,1079.5999755859375,1095.8299560546875,1075.489990234375,1095.6199951171875,4767460000,-0.012178549173757158,-1.225331535289976
2009-10-26,1066.949951171875,1066.949951171875,1091.75,1065.22998046875,1080.3599853515625,6363380000,-0.01171732558366989,-1.1786514446438598
2009-10-27,1063.4100341796875,1063.4100341796875,1072.47998046875,1060.6199951171875,1067.5400390625,5337380000,-0.0033177910438061398,-0.33233071166753814
2009-10-28,1042.6300048828125,1042.6300048828125,1063.260009765625,1042.18994140625,1061.510009765625,6600350000,-0.019540937765275768,-1.97343861452413
2009-10-29,1066.1099853515625,1066.1099853515625,1066.8299560546875,1043.68994140625,1043.68994140625,5595040000,0.02251995469034007,2.227012433396776
2009-10-30,1036.18994140625,1036.18994140625,1065.4100341796875,1033.3800048828125,1065.4100341796875,6512420000,-0.02806468784310845,-2.8466028015250755
2009-11-02,1042.8800048828125,1042.8800048828125,1052.1800537109375,1029.3800048828125,1036.1800537109375,6202640000,0.006456406503505763,0.643565319102102
2009-11-03,1045.4100341796875,1045.4100341796875,1046.3599853515625,1033.93994140625,1040.9200439453125,5487500000,0.0024260023061419833,0.2423064313306145
2009-11-04,1046.5,1046.5,1061.0,1045.1500244140625,1047.1400146484375,5635510000,0.0010426203926459099,0.10420772415051825
2009-11-05,1066.6300048828125,1066.6300048828125,1066.6500244140625,1047.300048828125,1047.300048828125,4848350000,0.01923555172748448,1.9052887220614025
2009-11-06,1069.300048828125,1069.300048828125,1071.47998046875,1059.3199462890625,1064.949951171875,4277130000,0.0025032522365671106,0.2500124319576515
2009-11-09,1093.0799560546875,1093.0799560546875,1093.18994140625,1072.31005859375,1072.31005859375,4460030000,0.022238760067974983,2.1995084915274346
2009-11-10,1093.010009765625,1093.010009765625,1096.4200439453125,1087.4000244140625,1091.8599853515625,4394770000,-6.399009393143196e-05,-0.006399214138483759
2009-11-11,1098.510009765625,1098.510009765625,1105.3699951171875,1093.81005859375,1096.0400390625,4286700000,0.005031975874749239,0.5019357795690984
2009-11-12,1087.239990234375,1087.239990234375,1101.969970703125,1084.9000244140625,1098.31005859375,4160250000,-0.010259368991689555,-1.0312359059078018
2009-11-13,1093.47998046875,1093.47998046875,1097.7900390625,1085.3299560546875,1087.5899658203125,3792610000,0.0057392942592462415,0.5722887256427731
2009-11-16,1109.300048828125,1109.300048828125,1113.68994140625,1094.1300048828125,1094.1300048828125,4565850000,0.014467634197192325,1.436397656849818
2009-11-17,1110.3199462890625,1110.3199462890625,1110.52001953125,1102.18994140625,1109.219970703125,3824070000,0.0009194063067201608,0.09189839116237261
2009-11-18,1109.800048828125,1109.800048828125,1111.0999755859375,1102.699951171875,1109.43994140625,4293340000,-0.00046824112515952976,-0.04683507842677806
2009-11-19,1094.9000244140625,1094.9000244140625,1106.43994140625,1088.4000244140625,1106.43994140625,4178030000,-0.013425863902056911,-1.3516805711666349
2009-11-20,1091.3800048828125,1091.3800048828125,1094.6600341796875,1086.81005859375,1094.6600341796875,3751230000,-0.00321492323752004,-0.3220102206201698
2009-11-23,1106.239990234375,1106.239990234375,1112.3800048828125,1094.8599853515625,1094.8599853515625,3827920000,0.013615775701478094,1.352391393433508
2009-11-24,1105.6500244140625,1105.6500244140625,1107.56005859375,1097.6300048828125,1105.8299560546875,3700820000,-0.0005333072620051782,-0.053344952090374945
2009-11-25,1110.6300048828125,1110.6300048828125,1111.1800537109375,1104.75,1106.489990234375,3036350000,0.004504120073066664,0.44940068802360333
2009-11-27,1091.489990234375,1091.489990234375,1105.469970703125,1083.739990234375,1105.469970703125,2362910000,-0.017233475202623416,-1.7383699967934212
2009-11-30,1095.6300048828125,1095.6300048828125,1097.239990234375,1086.25,1091.0699462890625,3895520000,0.003792993692547375,0.37858184300650394
2009-12-01,1108.8599853515625,1108.8599853515625,1112.280029296875,1098.8900146484375,1098.8900146484375,4249310000,0.012075226499629332,1.2002902588402555
2009-12-02,1109.239990234375,1109.239990234375,1115.5799560546875,1105.2900390625,1109.030029296875,3941340000,0.00034269870662884117,0.0342639998839418
2009-12-03,1099.9200439453125,1099.9200439453125,1117.280029296875,1098.739990234375,1110.5899658203125,4810030000,-0.008402100871871099,-0.8437597492034073
2009-12-04,1105.97998046875,1105.97998046875,1119.1300048828125,1096.52001953125,1100.4300537109375,5781140000,0.0055094336691066115,0.5494312254292437
2009-12-07,1103.25,1103.25,1110.719970703125,1100.8299560546875,1105.52001953125,4103360000,-0.0024683814508043023,-0.2471432926803079
2009-12-08,1091.93994140625,1091.93994140625,1103.0400390625,1088.6099853515625,1103.0400390625,4748030000,-0.010251582681849114,-1.0304492069516176
2009-12-09,1095.949951171875,1095.949951171875,1097.0400390625,1085.8900146484375,1091.0699462890625,4115410000,0.0036723720907769763,0.36656453959778534
2009-12-10,1102.3499755859375,1102.3499755859375,1106.25,1098.68994140625,1098.68994140625,3996490000,0.005839705004064388,0.5822720019583755
2009-12-11,1106.4100341796875,1106.4100341796875,1108.5,1101.3399658203125,1103.9599609375,3791090000,0.003683094011583732,0.36763280289124933
2009-12-14,1114.1099853515625,1114.1099853515625,1114.760009765625,1107.8399658203125,1107.8399658203125,4548490000,0.006959401066516824,0.6935296207216682
2009-12-15,1107.9300537109375,1107.9300537109375,1114.1099853515625,1105.3499755859375,1114.1099853515625,5045100000,-0.005546967284989268,-0.5562408837016108
2009-12-16,1109.1800537109375,1109.1800537109375,1116.2099609375,1107.9599609375,1108.6099853515625,4829820000,0.0011282300681465518,0.11275940949076901
2009-12-17,1096.0799560546875,1096.0799560546875,1106.3599853515625,1095.8800048828125,1106.3599853515625,7615070000,-0.011810614167124256,-1.188091353803201
2009-12-18,1102.469970703125,1102.469970703125,1103.739990234375,1093.8800048828125,1097.8599853515625,6325890000,0.005829880031232637,0.5812952040880973
2009-12-21,1114.050048828125,1114.050048828125,1117.6800537109375,1105.31005859375,1105.31005859375,3977340000,0.010503758317892853,1.0448977120226208
2009-12-22,1118.02001953125,1118.02001953125,1120.27001953125,1114.510009765625,1114.510009765625,3641130000,0.0035635478920368335,0.3557213499394716
2009-12-23,1120.5899658203125,1120.5899658203125,1121.5799560546875,1116.0,1118.8399658203125,3166870000,0.0022986585608189003,0.22960206868369712
2009-12-24,1126.47998046875,1126.47998046875,1126.47998046875,1121.0799560546875,1121.0799560546875,1267710000,0.005256172933982839,0.5242407471724702
2009-12-28,1127.780029296875,1127.780029296875,1130.3800048828125,1123.510009765625,1127.530029296875,2716400000,0.0011540807210652648,0.11534152818410755
2009-12-29,1126.199951171875,1126.199951171875,1130.3800048828125,1126.0799560546875,1128.550048828125,2491020000,-0.0014010516979849896,-0.14020340886091168
2009-12-30,1126.4200439453125,1126.4200439453125,1126.4200439453125,1121.93994140625,1125.530029296875,2277300000,0.00019542957110640913,0.019541047723540855
2009-12-31,1115.0999755859375,1115.0999755859375,1127.6400146484375,1114.81005859375,1126.5999755859375,2076990000,-0.010049597767921581,-1.0100435863962351
2010-01-04,1132.989990234375,1132.989990234375,1133.8699951171875,1116.56005859375,1116.56005859375,3991400000,0.01604341766668682,1.5916082167126386
2010-01-05,1136.52001953125,1136.52001953125,1136.6300048828125,1129.6600341796875,1132.6600341796875,2491020000,0.0031156756258232665,0.3110831966759719
2010-01-06,1137.1400146484375,1137.1400146484375,1139.18994140625,1133.949951171875,1135.7099609375,4972660000,0.0005455206301101523,0.05453718878234133
2010-01-07,1141.68994140625,1141.68994140625,1142.4599609375,1131.3199462890625,1136.27001953125,5270680000,0.00400120187417663,0.3993218354654243
2010-01-08,1144.97998046875,1144.97998046875,1145.3900146484375,1136.219970703125,1140.52001953125,4389590000,0.0028817272914287706,0.2877583075096213
2010-01-11,1146.97998046875,1146.97998046875,1149.739990234375,1142.02001953125,1145.9599609375,4255780000,0.0017467554316374923,0.174523162858463
2010-01-12,1136.219970703125,1136.219970703125,1143.81005859375,1131.77001953125,1143.81005859375,4716160000,-0.009381166148364262,-0.942544643894456
2010-01-13,1145.6800537109375,1145.6800537109375,1148.4000244140625,1133.1800537109375,1137.31005859375,4170360000,0.008325925658531075,0.8291456333360419
2010-01-14,1148.4599609375,1148.4599609375,1150.4100341796875,1143.800048828125,1145.6800537109375,3915200000,0.0024264254383745687,0.2423486421414183
2010-01-15,1136.030029296875,1136.030029296875,1147.77001953125,1131.3900146484375,1147.719970703125,4758730000,-0.010823130159869354,-1.0882126301208588
2010-01-19,1150.22998046875,1150.22998046875,1150.449951171875,1135.77001953125,1136.030029296875,4724830000,0.012499626599363545,1.2422151207737095
2010-01-20,1138.0400390625,1138.0400390625,1147.949951171875,1129.25,1147.949951171875,4810560000,-0.010597829662970737,-1.0654386601861303
2010-01-21,1116.47998046875,1116.47998046875,1141.5799560546875,1114.8399658203125,1138.6800537109375,6874290000,-0.01894490338978838,-1.9126657272987804
2010-01-22,1091.760009765625,1091.760009765625,1115.489990234375,1090.1800537109375,1115.489990234375,6208650000,-0.022140988764300484,-2.238977963010898
2010-01-25,1096.780029296875,1096.780029296875,1102.969970703125,1092.4000244140625,1092.4000244140625,4481390000,0.004598098012701168,0.4587559053796009
2010-01-26,1092.1700439453125,1092.1700439453125,1103.68994140625,1089.8599853515625,1095.800048828125,4731910000,-0.004203199573680982,-0.4212057847785588
2010-01-27,1097.5,1097.5,1099.510009765625,1083.1099853515625,1091.93994140625,5319120000,0.004880152210944955,0.4868282868611808
2010-01-28,1084.530029296875,1084.530029296875,1100.219970703125,1078.4599609375,1096.9300537109375,5452400000,-0.011817740959567224,-1.188812553427926
2010-01-29,1073.8699951171875,1073.8699951171875,1096.449951171875,1071.5899658203125,1087.6099853515625,5412850000,-0.009829173828039273,-0.9877799049982582
2010-02-01,1089.18994140625,1089.18994140625,1089.3800048828125,1073.8900146484375,1073.8900146484375,4077610000,0.014266108894671836,1.4165305546369655
2010-02-02,1103.3199462890625,1103.3199462890625,1104.72998046875,1087.9599609375,1090.050048828125,4749540000,0.01297294837718499,1.28895204452028
2010-02-03,1097.280029296875,1097.280029296875,1102.719970703125,1093.969970703125,1100.6700439453125,4285450000,-0.00547431142933863,-0.5489350382538535
2010-02-04,1063.1099853515625,1063.1099853515625,1097.25,1062.780029296875,1097.25,5859690000,-0.031140677888039425,-3.1635856049806907
2010-02-05,1066.18994140625,1066.18994140625,1067.1300048828125,1044.5,1064.1199951171875,6438900000,0.002897118921960873,0.28929303608266027
2010-02-08,1056.739990234375,1056.739990234375,1071.199951171875,1056.510009765625,1065.510009765625,4089820000,-0.00886329049344714,-0.8902803100374193
2010-02-09,1070.52001953125,1070.52001953125,1079.280029296875,1060.06005859375,1060.06005859375,5114260000,0.013040132316577413,1.295584177358637
2010-02-10,1068.1300048828125,1068.1300048828125,1073.6700439453125,1059.3399658203125,1069.6800537109375,4251450000,-0.0022325735201887964,-0.22350694280074235
2010-02-11,1078.469970703125,1078.469970703125,1080.0400390625,1060.5899658203125,1067.0999755859375,4400870000,0.009680437561949251,0.9633882335101287
2010-02-12,1075.510009765625,1075.510009765625,1077.81005859375,1062.969970703125,1075.949951171875,4160680000,-0.002744592819371894,-0.2748366119941131
2010-02-16,1094.8699951171875,1094.8699951171875,1095.6700439453125,1079.1300048828125,1079.1300048828125,4080770000,0.01800074864554846,1.7840653536261433
2010-02-17,1099.510009765625,1099.510009765625,1101.030029296875,1094.719970703125,1096.1400146484375,4259230000,0.0042379594555796984,0.42290045967103734
2010-02-18,1106.75,1106.75,1108.239990234375,1097.47998046875,1099.030029296875,3878620000,0.006584742448973557,0.6563157733795463
2010-02-19,1109.1700439453125,1109.1700439453125,1112.4200439453125,1100.800048828125,1105.489990234375,3944280000,0.002186622042297248,0.21842348635910053
2010-02-22,1108.010009765625,1108.010009765625,1112.2900390625,1105.3800048828125,1110.0,3814440000,-0.0010458578339902491,-0.10464051249203224
2010-02-23,1094.5999755859375,1094.5999755859375,1108.5799560546875,1092.1800537109375,1107.489990234375,4521050000,-0.012102809596931441,-1.21766449451987
2010-02-24,1105.239990234375,1105.239990234375,1106.4200439453125,1095.5,1095.8900146484375,4168360000,0.00972045942422195,0.9673519697189884
2010-02-25,1102.93994140625,1102.93994140625,1103.5,1086.02001953125,1101.239990234375,4521130000,-0.002081040179913507,-0.20832085528651542
2010-02-26,1104.489990234375,1104.489990234375,1107.239990234375,1097.56005859375,1103.0999755859375,3945190000,0.0014053791778985136,0.14043925568579446
2010-03-01,1115.7099609375,1115.7099609375,1116.1099853515625,1105.3599853515625,1105.3599853515625,3847640000,0.01015850827289455,1.0107257423603737
2010-03-02,1118.31005859375,1118.31005859375,1123.4599609375,1116.510009765625,1117.010009765625,4134680000,0.0023304422719907514,0.23277310028862694
2010-03-03,1118.7900390625,1118.7900390625,1125.6400146484375,1116.5799560546875,1119.3599853515625,3951320000,0.00042920160206150193,0.04291095214003986
2010-03-04,1122.969970703125,1122.969970703125,1123.72998046875,1116.6600341796875,1119.1199951171875,3945010000,0.0037361180334851696,0.37291560795713796
2010-03-05,1138.699951171875,1138.699951171875,1139.3800048828125,1125.1199951171875,1125.1199951171875,4133000000,0.014007480947064943,1.3910282801603981
2010-03-08,1138.5,1138.5,1141.050048828125,1136.77001953125,1138.4000244140625,3774680000,-0.00017559601339156572,-0.017561143217653643
2010-03-09,1140.449951171875,1140.449951171875,1145.3699951171875,1134.9000244140625,1137.56005859375,5185570000,0.0017127370855292146,0.17112720239721047
2010-03-10,1145.6099853515625,1145.6099853515625,1148.260009765625,1140.0899658203125,1140.219970703125,5469120000,0.00452455995494172,0.451435490421295
2010-03-11,1150.239990234375,1150.239990234375,1150.239990234375,1138.989990234375,1143.9599609375,4669060000,0.004041519314613495,0.40333743135059696
2010-03-12,1149.989990234375,1149.989990234375,1153.4100341796875,1146.969970703125,1151.7099609375,4928160000,-0.00021734594703937127,-0.021736957009269708
2010-03-15,1150.510009765625,1150.510009765625,1150.97998046875,1141.449951171875,1148.530029296875,4164110000,0.000452194832708086,0.045209262343589775
2010-03-16,1159.4599609375,1159.4599609375,1160.280029296875,1150.3499755859375,1150.8299560546875,4369770000,0.0077791163013856135,0.7749014983159959
2010-03-17,1166.2099609375,1166.2099609375,1169.8399658203125,1159.93994140625,1159.93994140625,4963200000,0.005821675803744153,0.5804795332563638
2010-03-18,1165.8299560546875,1165.8299560546875,1167.77001953125,1161.1600341796875,1166.1300048828125,4234510000,-0.0003258460273372066,-0.03258991266890941
2010-03-19,1159.9000244140625,1159.9000244140625,1169.199951171875,1155.3299560546875,1166.6800537109375,5212410000,-0.005086446449439896,-0.5099426451612706
2010-03-22,1165.81005859375,1165.81005859375,1167.8199462890625,1152.8800048828125,1157.25,4261680000,0.005095296193887933,0.5082359099180065
2010-03-23,1174.1700439453125,1174.1700439453125,1174.719970703125,1163.8299560546875,1166.469970703125,4411640000,0.007170966908320198,0.7145377784800172
2010-03-24,1167.719970703125,1167.719970703125,1173.0400390625,1166.010009765625,1172.699951171875,4705750000,-0.005493304207041971,-0.5508447887288308
2010-03-25,1165.72998046875,1165.72998046875,1180.68994140625,1165.0899658203125,1170.030029296875,5668900000,-0.001704167338318907,-0.1705621083328679
2010-03-26,1166.5899658203125,1166.5899658203125,1173.9300537109375,1161.47998046875,1167.5799560546875,4708420000,0.000737722599547963,0.07374506159884132
2010-03-29,1173.219970703125,1173.219970703125,1174.8499755859375,1167.7099609375,1167.7099609375,4375580000,0.005683234964352302,0.5667146312798056
2010-03-30,1173.27001953125,1173.27001953125,1177.8299560546875,1168.9200439453125,1173.75,4085000000,4.265937281555665e-05,0.004265846293038881
2010-03-31,1169.4300537109375,1169.4300537109375,1174.56005859375,1165.77001953125,1171.75,4484340000,-0.00327287474868454,-0.327824231803275
2010-04-01,1178.0999755859375,1178.0999755859375,1181.4300537109375,1170.68994140625,1171.22998046875,4006870000,0.0074138011482498545,0.7386454005524301
2010-04-05,1187.43994140625,1187.43994140625,1187.72998046875,1178.7099609375,1178.7099609375,3881620000,0.00792799084446738,0.7896729443087884
2010-04-06,1189.43994140625,1189.43994140625,1191.800048828125,1182.77001953125,1186.010009765625,4086180000,0.0016842957106795176,0.1682878875349027
2010-04-07,1182.449951171875,1182.449951171875,1189.5999755859375,1177.25,1188.22998046875,5101430000,-0.005876707172041695,-0.5894042967262019
2010-04-08,1186.43994140625,1186.43994140625,1188.550048828125,1175.1199951171875,1181.75,4726970000,0.003374341747336196,0.33686614308549273
2010-04-09,1194.3699951171875,1194.3699951171875,1194.6600341796875,1187.1500244140625,1187.469970703125,4511570000,0.00668390656297202,0.666166829683167
2010-04-12,1196.47998046875,1196.47998046875,1199.199951171875,1194.7099609375,1194.93994140625,4607090000,0.0017666094762833762,0.17650508571401097
2010-04-13,1197.300048828125,1197.300048828125,1199.0400390625,1188.8199462890625,1195.93994140625,5403580000,0.0006854008197059169,0.06851660398368414
2010-04-14,1210.6500244140625,1210.6500244140625,1210.6500244140625,1198.68994140625,1198.68994140625,5760040000,0.011150066851666862,1.1088363099908616
2010-04-15,1211.6700439453125,1211.6700439453125,1213.9200439453125,1208.5,1210.77001953125,5995330000,0.0008425387276917995,0.08421839911768203
2010-04-16,1192.1300048828125,1192.1300048828125,1210.1700439453125,1186.77001953125,1210.1700439453125,8108470000,-0.016126534744455467,-1.6257982418547083
2010-04-19,1197.52001953125,1197.52001953125,1197.8699951171875,1183.6800537109375,1192.06005859375,6597740000,0.004521331252766547,0.4511140739529798
2010-04-20,1207.1700439453125,1207.1700439453125,1208.5799560546875,1199.0400390625,1199.0400390625,5316590000,0.008058340784849571,0.8026045737071379
2010-04-21,1205.93994140625,1205.93994140625,1210.989990234375,1198.8499755859375,1207.1600341796875,5724310000,-0.0010189969053922,-0.10195164357019706
2010-04-22,1208.6700439453125,1208.6700439453125,1210.27001953125,1190.18994140625,1202.52001953125,6035780000,0.002263879356942944,0.22613206430901964
2010-04-23,1217.280029296875,1217.280029296875,1217.280029296875,1205.0999755859375,1207.8699951171875,5326060000,0.0071235200993795544,0.7098267683218249
2010-04-26,1212.050048828125,1212.050048828125,1219.800048828125,1211.0699462890625,1217.0699462890625,5647760000,-0.004296448099761374,-0.43057043550931084
2010-04-27,1183.7099609375,1183.7099609375,1211.3800048828125,1181.6199951171875,1209.9200439453125,7454540000,-0.023381945257149872,-2.3659640178701644
2010-04-28,1191.3599853515625,1191.3599853515625,1195.050048828125,1181.81005859375,1184.5899658203125,6342310000,0.006462752419523099,0.6441958378180899
2010-04-29,1206.780029296875,1206.780029296875,1209.3599853515625,1193.300048828125,1193.300048828125,6059410000,0.012943228020842135,1.2860180281289573
2010-04-30,1186.68994140625,1186.68994140625,1207.989990234375,1186.3199462890625,1206.77001953125,6048260000,-0.016647680109796337,-1.6787810139866295
2010-05-03,1202.260009765625,1202.260009765625,1205.1300048828125,1188.5799560546875,1188.5799560546875,4938050000,0.013120586781854904,1.303525745326214
2010-05-04,1173.5999755859375,1173.5999755859375,1197.5,1168.1199951171875,1197.5,6594720000,-0.02383846584506677,-2.412719995741821
2010-05-05,1165.8699951171875,1165.8699951171875,1175.949951171875,1158.1500244140625,1169.239990234375,6795940000,-0.006586554728659322,-0.6608341800780098
2010-05-06,1128.1500244140625,1128.1500244140625,1167.5799560546875,1065.7900390625,1164.3800048828125,10617810000,-0.032353496411350324,-3.2888440643963666
2010-05-07,1110.8800048828125,1110.8800048828125,1135.1300048828125,1094.1500244140625,1127.0400390625,9472910000,-0.015308264998017185,-1.5426646180907493
2010-05-10,1159.72998046875,1159.72998046875,1163.8499755859375,1122.27001953125,1122.27001953125,6893700000,0.04397412445198401,4.303470414561544
2010-05-11,1155.7900390625,1155.7900390625,1170.47998046875,1147.7099609375,1156.3900146484375,5842550000,-0.003397292018489928,-0.3403075918466228
2010-05-12,1171.6700439453125,1171.6700439453125,1172.8699951171875,1155.4300537109375,1155.4300537109375,5225460000,0.013739523915341278,1.3645992401824483
2010-05-13,1157.43994140625,1157.43994140625,1173.5699462890625,1156.1400146484375,1170.0400390625,4870640000,-0.012145144968583543,-1.221949988922511
2010-05-14,1135.6800537109375,1135.6800537109375,1157.18994140625,1126.1400146484375,1157.18994140625,6126400000,-0.018800014512092122,-1.8978981387949807
2010-05-17,1136.93994140625,1136.93994140625,1141.8800048828125,1114.9599609375,1136.52001953125,5922920000,0.0011093685155389998,0.11087536210084369
2010-05-18,1120.800048828125,1120.800048828125,1148.6600341796875,1117.199951171875,1138.780029296875,6170840000,-0.014195906037184347,-1.429763178499772
2010-05-19,1115.050048828125,1115.050048828125,1124.27001953125,1100.6600341796875,1119.5699462890625,6765800000,-0.005130263873571406,-0.5143468860015589
2010-05-20,1071.5899658203125,1071.5899658203125,1107.3399658203125,1071.5799560546875,1107.3399658203125,8328570000,-0.03897590341661106,-3.9755795837766263
2010-05-21,1087.68994140625,1087.68994140625,1090.1600341796875,1055.9000244140625,1067.260009765625,5452130000,0.015024380686144978,1.4912632585704337
2010-05-24,1073.6500244140625,1073.6500244140625,1089.949951171875,1072.699951171875,1084.780029296875,5224040000,-0.012908014000787449,-1.299204632368772
2010-05-25,1074.030029296875,1074.030029296875,1074.75,1040.780029296875,1067.4200439453125,7329580000,0.00035393738571354305,0.035387476465256085
2010-05-26,1067.949951171875,1067.949951171875,1090.75,1065.5899658203125,1075.510009765625,4521050000,-0.0056609945338124135,-0.5677078693651669
2010-05-27,1103.06005859375,1103.06005859375,1103.52001953125,1074.27001953125,1074.27001953125,5698460000,0.032876173067238,3.2347311768677054
2010-05-28,1089.4100341796875,1089.4100341796875,1102.5899658203125,1084.780029296875,1102.5899658203125,4871210000,-0.01237468831159061,-1.2451892345405802
2010-06-01,1070.7099609375,1070.7099609375,1094.77001953125,1069.8900146484375,1087.300048828125,5271480000,-0.01716532127985071,-1.7314353324598772
2010-06-02,1098.3800048828125,1098.3800048828125,1098.56005859375,1072.030029296875,1073.010009765625,5026360000,0.025842707133391096,2.551442810834267
2010-06-03,1102.8299560546875,1102.8299560546875,1105.6700439453125,1091.81005859375,1098.8199462890625,4995970000,0.004051376711240895,0.4043191983442443
2010-06-04,1064.8800048828125,1064.8800048828125,1098.4300537109375,1060.5,1098.4300537109375,6180580000,-0.034411425771964765,-3.5017442089831103
2010-06-07,1050.469970703125,1050.469970703125,1071.3599853515625,1049.8599853515625,1065.8399658203125,5467560000,-0.01353207320412908,-1.3624466165715647
2010-06-08,1062.0,1062.0,1063.1500244140625,1042.1700439453125,1050.81005859375,6192750000,0.010976067492112662,1.091626764351899
2010-06-09,1055.68994140625,1055.68994140625,1077.739990234375,1052.25,1062.75,5983200000,-0.005941674758709992,-0.5959396741888011
2010-06-10,1086.8399658203125,1086.8399658203125,1087.8499755859375,1058.77001953125,1058.77001953125,5144780000,0.029506792849203878,2.907984566617691
2010-06-11,1091.5999755859375,1091.5999755859375,1092.25,1077.1199951171875,1082.6500244140625,4059280000,0.004379678623643857,0.43701157426175097
2010-06-14,1089.6300048828125,1089.6300048828125,1105.9100341796875,1089.030029296875,1095.0,4425830000,-0.0018046635646612463,-0.18062939317567234
2010-06-15,1115.22998046875,1115.22998046875,1115.5899658203125,1091.2099609375,1091.2099609375,4644490000,0.023494191121040897,2.322245059850045
2010-06-16,1114.6099853515625,1114.6099853515625,1118.739990234375,1107.1300048828125,1114.02001953125,5002600000,-0.0005559347650669899,-0.05560893540954269
2010-06-17,1116.0400390625,1116.0400390625,1117.719970703125,1105.8699951171875,1115.97998046875,4557760000,0.0012830081640498037,0.1282185812389404
2010-06-18,1117.510009765625,1117.510009765625,1121.010009765625,1113.9300537109375,1116.1600341796875,4555360000,0.0013171307943036226,0.13162641384549062
2010-06-21,1113.199951171875,1113.199951171875,1131.22998046875,1108.239990234375,1122.7900390625,4514360000,-0.003856841152281021,-0.3864297943398893
2010-06-22,1095.31005859375,1095.31005859375,1118.5,1094.1800537109375,1113.9000244140625,4514380000,-0.016070691127224812,-1.620122508698942
2010-06-23,1092.0400390625,1092.0400390625,1099.6400146484375,1085.31005859375,1095.5699462890625,4526150000,-0.0029854738442266493,-0.29899392610687203
2010-06-24,1073.68994140625,1073.68994140625,1090.9300537109375,1071.5999755859375,1090.9300537109375,4814830000,-0.01680350261882635,-1.6946283204951273
2010-06-25,1076.760009765625,1076.760009765625,1083.56005859375,1067.8900146484375,1075.0999755859375,5128840000,0.002859362131449217,0.2855281931545411
2010-06-28,1074.5699462890625,1074.5699462890625,1082.5999755859375,1071.449951171875,1077.5,3896410000,-0.00203393834902843,-0.20360096106544404
2010-06-29,1041.239990234375,1041.239990234375,1071.0999755859375,1035.1800537109375,1071.0999755859375,6136700000,-0.03101701864061035,-3.150823034220892
2010-06-30,1030.7099609375,1030.7099609375,1048.0799560546875,1028.3299560546875,1040.56005859375,5067080000,-0.0101129704925228,-1.0164453973335281
2010-07-01,1027.3699951171875,1027.3699951171875,1033.5799560546875,1010.9099731445312,1031.0999755859375,6435770000,-0.0032404516759250157,-0.32457133092441126
2010-07-02,1022.5800170898438,1022.5800170898438,1032.949951171875,1015.9299926757812,1027.6500244140625,3968500000,-0.004662369010297374,-0.4673271754301508
2010-07-06,1028.06005859375,1028.06005859375,1042.5,1018.3499755859375,1028.0899658203125,4691240000,0.00535903441522545,0.5344725887457726
2010-07-07,1060.27001953125,1060.27001953125,1060.8900146484375,1028.5400390625,1028.5400390625,4931220000,0.03133081639370272,3.0850023008263836
2010-07-08,1070.25,1070.25,1071.25,1058.239990234375,1062.9200439453125,4548460000,0.00941267817151159,0.936865495165787
2010-07-09,1077.9599609375,1077.9599609375,1078.1600341796875,1068.0999755859375,1070.5,3506570000,0.007203887818266752,0.7178063766629461
2010-07-12,1078.75,1078.75,1080.780029296875,1070.449951171875,1077.22998046875,3426990000,0.0007329020475055348,0.07326336059528174
2010-07-13,1095.3399658203125,1095.3399658203125,1099.4599609375,1080.6500244140625,1080.6500244140625,4640460000,0.015378879091830777,1.5261822735573063
2010-07-14,1095.1700439453125,1095.1700439453125,1099.0799560546875,1087.6800537109375,1095.6099853515625,4521050000,-0.0001551316306374062,-0.015514366479341991
2010-07-15,1096.47998046875,1096.47998046875,1098.6600341796875,1080.530029296875,1094.4599609375,4552470000,0.0011961033180916125,0.11953885564136067
2010-07-16,1064.8800048828125,1064.8800048828125,1093.8499755859375,1063.3199462890625,1093.8499755859375,5297350000,-0.028819473359129044,-2.924290970075012
2010-07-19,1071.25,1071.25,1074.699951171875,1061.1099853515625,1066.8499755859375,4089500000,0.005981890060832162,0.5964069587908596
2010-07-20,1083.47998046875,1083.47998046875,1083.93994140625,1056.8800048828125,1064.530029296875,4713280000,0.011416551196032687,1.1351874168992775
2010-07-21,1069.5899658203125,1069.5899658203125,1088.9599609375,1065.25,1086.6700439453125,4747180000,-0.012819816608358736,-1.2902699582286208
2010-07-22,1093.6700439453125,1093.6700439453125,1097.5,1072.1400146484375,1072.1400146484375,4826900000,0.022513373250030444,2.2263687822425644
2010-07-23,1102.6600341796875,1102.6600341796875,1103.72998046875,1087.8800048828125,1092.1700439453125,4524570000,0.008220020548377116,0.8186420184344789
2010-07-26,1115.010009765625,1115.010009765625,1115.010009765625,1101.300048828125,1102.8900146484375,4009650000,0.011200166146517754,1.113790871672976
2010-07-27,1113.8399658203125,1113.8399658203125,1120.949951171875,1109.780029296875,1117.3599853515625,4725690000,-0.0010493573466290318,-0.10499083075197903
2010-07-28,1106.1300048828125,1106.1300048828125,1114.6600341796875,1103.1099853515625,1112.8399658203125,4002390000,-0.006921964711350426,-0.6946032638280119
2010-07-29,1101.530029296875,1101.530029296875,1115.9000244140625,1092.8199462890625,1108.0699462890625,4612420000,-0.004158621107493432,-0.4167292220516642
2010-07-30,1101.5999755859375,1101.5999755859375,1106.43994140625,1088.010009765625,1098.43994140625,4006450000,6.349921218862242e-05,0.006349719619899018
2010-08-02,1125.8599853515625,1125.8599853515625,1127.300048828125,1107.530029296875,1107.530029296875,4144180000,0.022022522061804883,2.178352878116676
2010-08-03,1120.4599609375,1120.4599609375,1125.43994140625,1116.760009765625,1125.3399658203125,4071820000,-0.004796355216742376,-0.48078946413303936
2010-08-04,1127.239990234375,1127.239990234375,1128.75,1119.4599609375,1121.06005859375,4057850000,0.006051112519185553,0.6032878060028029
2010-08-05,1125.81005859375,1125.81005859375,1126.56005859375,1118.81005859375,1125.780029296875,3685560000,-0.001268524584838171,-0.12693298432147423
2010-08-06,1121.6400146484375,1121.6400146484375,1123.06005859375,1107.1700439453125,1122.0699462890625,3857890000,-0.003704038628435491,-0.37109155663972965
2010-08-09,1127.7900390625,1127.7900390625,1129.239990234375,1120.9100341796875,1122.800048828125,3979360000,0.005483064382283187,0.5468087107405527
2010-08-10,1121.06005859375,1121.06005859375,1127.1600341796875,1111.5799560546875,1122.9200439453125,3979360000,-0.0059674054882985494,-0.5985281603927614
2010-08-11,1089.469970703125,1089.469970703125,1116.8900146484375,1088.550048828125,1116.8900146484375,4511860000,-0.028178764954173263,-2.8583405997961564
2010-08-12,1083.6099853515625,1083.6099853515625,1086.719970703125,1076.68994140625,1081.47998046875,4521050000,-0.0053787488495717906,-0.5393266400071398
2010-08-13,1079.25,1079.25,1086.25,1079.0,1082.219970703125,3328890000,-0.004023574358396065,-0.4031690712189038
2010-08-16,1079.3800048828125,1079.3800048828125,1082.6199951171875,1069.489990234375,1077.489990234375,3142450000,0.00012045854325926086,0.012045128871151445
2010-08-17,1092.5400390625,1092.5400390625,1100.1400146484375,1081.1600341796875,1081.1600341796875,3968210000,0.012192216013040102,1.2118489601347648
2010-08-18,1094.1600341796875,1094.1600341796875,1099.77001953125,1085.760009765625,1092.0799560546875,3724260000,0.0014827787168125717,0.14816804859392602
2010-08-19,1075.6300048828125,1075.6300048828125,1092.43994140625,1070.6600341796875,1092.43994140625,4290540000,-0.016935392189468268,-1.708043585689712
2010-08-20,1071.68994140625,1071.68994140625,1075.6300048828125,1063.9100341796875,1075.6300048828125,3761570000,-0.0036630286052607985,-0.3669753922919338
2010-08-23,1067.3599853515625,1067.3599853515625,1081.5799560546875,1067.0799560546875,1073.3599853515625,3210950000,-0.004040306703826824,-0.40484907945532
2010-08-24,1051.8699951171875,1051.8699951171875,1063.199951171875,1046.6800537109375,1063.199951171875,4436330000,-0.014512432962598854,-1.4618768361991257
2010-08-25,1055.3299560546875,1055.3299560546875,1059.3800048828125,1039.8299560546875,1048.97998046875,4360190000,0.0032893427453595248,0.3283944691638116
2010-08-26,1047.219970703125,1047.219970703125,1061.449951171875,1045.4000244140625,1056.280029296875,3646710000,-0.007684786454732473,-0.7714466580892417
2010-08-27,1064.5899658203125,1064.5899658203125,1065.2099609375,1039.699951171875,1049.27001953125,4102460000,0.01658676839931239,1.6450710403283033
2010-08-30,1048.9200439453125,1048.9200439453125,1064.4000244140625,1048.7900390625,1062.9000244140625,2917990000,-0.01471920868888299,-1.4828611113085735
2010-08-31,1049.3299560546875,1049.3299560546875,1055.1400146484375,1040.8800048828125,1046.8800048828125,4038770000,0.000390794428747121,0.0390718088492601
2010-09-01,1080.2900390625,1080.2900390625,1081.300048828125,1049.719970703125,1049.719970703125,4396880000,0.029504621333996228,2.9077736386750193
2010-09-02,1090.0999755859375,1090.0999755859375,1090.0999755859375,1080.3900146484375,1080.6600341796875,3704210000,0.009080835857702363,0.903985298673457
2010-09-03,1104.510009765625,1104.510009765625,1105.0999755859375,1093.6099853515625,1093.6099853515625,3534500000,0.013219002387319545,1.3132393793160997
2010-09-07,1091.8399658203125,1091.8399658203125,1102.5999755859375,1091.1500244140625,1102.5999755859375,3107380000,-0.011471189788493708,-1.1537491412768315
2010-09-08,1098.8699951171875,1098.8699951171875,1103.260009765625,1092.3599853515625,1092.3599853515625,3224640000,0.006438699367075529,0.6418059490903166
2010-09-09,1104.1800537109375,1104.1800537109375,1110.27001953125,1101.1500244140625,1101.1500244140625,3387770000,0.0048322900955937165,0.48206520589967217
2010-09-10,1109.550048828125,1109.550048828125,1110.8800048828125,1103.9200439453125,1104.5699462890625,3061160000,0.004863332840635781,0.4851545040690317
2010-09-13,1121.9000244140625,1121.9000244140625,1123.8699951171875,1113.3800048828125,1113.3800048828125,4521050000,0.011130616053760978,1.106912660314444
2010-09-14,1121.0999755859375,1121.0999755859375,1127.3599853515625,1115.5799560546875,1121.1600341796875,4521050000,-0.0007131195389205036,-0.07133739296067344
2010-09-15,1125.0699462890625,1125.0699462890625,1126.4599609375,1114.6300048828125,1119.4300537109375,3369840000,0.00354113887216001,0.35348838022687706
2010-09-16,1124.6600341796875,1124.6600341796875,1125.43994140625,1118.8800048828125,1123.8900146484375,3364080000,-0.00036434366656679096,-0.03644100558466401
2010-09-17,1125.5899658203125,1125.5899658203125,1131.469970703125,1122.4300537109375,1126.3900146484375,4086140000,0.0008268557718451586,0.0826514114932464
2010-09-20,1142.7099609375,1142.7099609375,1144.8599853515625,1126.5699462890625,1126.5699462890625,3364080000,0.015209797205957498,1.5095287889557545
2010-09-21,1139.780029296875,1139.780029296875,1148.5899658203125,1136.219970703125,1142.8199462890625,4175660000,-0.002564020390809607,-0.25673131207138566
2010-09-22,1134.280029296875,1134.280029296875,1144.3800048828125,1131.5799560546875,1139.489990234375,3911070000,-0.004825492514895946,-0.4837172794451643
2010-09-23,1124.8299560546875,1124.8299560546875,1136.77001953125,1122.7900390625,1131.0999755859375,3847850000,-0.008331340584428193,-0.8366240177841381
2010-09-24,1148.6700439453125,1148.6700439453125,1148.9000244140625,1131.68994140625,1131.68994140625,4123950000,0.021194392772258208,2.0972915547808246
2010-09-27,1142.1600341796875,1142.1600341796875,1149.9200439453125,1142.0,1148.6400146484375,3587860000,-0.005667432349210744,-0.5683553181933576
2010-09-28,1147.699951171875,1147.699951171875,1150.0,1132.0899658203125,1142.31005859375,4025840000,0.004850385958537151,0.4838660735848585
2010-09-29,1144.72998046875,1144.72998046875,1148.6300048828125,1140.260009765625,1146.75,3990280000,-0.0025877588476783675,-0.2591112883144724
2010-09-30,1141.199951171875,1141.199951171875,1157.1600341796875,1136.0799560546875,1145.969970703125,4284160000,-0.003083722237648967,-0.30884867064552596
2010-10-01,1146.239990234375,1146.239990234375,1150.300048828125,1139.4200439453125,1143.489990234375,4298910000,0.004416438203773465,0.44067143598945757
2010-10-04,1137.030029296875,1137.030029296875,1148.1600341796875,1131.8699951171875,1144.9599609375,3604110000,-0.008034932488803492,-0.8067386519721716
2010-10-05,1160.75,1160.75,1162.760009765625,1140.6800537109375,1140.6800537109375,4068840000,0.02086134059079603,2.064672250716406
2010-10-06,1159.969970703125,1159.969970703125,1162.3299560546875,1154.8499755859375,1159.81005859375,4073160000,-0.0006720045633211713,-0.0672230459595621
2010-10-07,1158.06005859375,1158.06005859375,1163.8699951171875,1151.4100341796875,1161.5699462890625,3910550000,-0.0016465185803191673,-0.16478755817934904
2010-10-08,1165.1500244140625,1165.1500244140625,1167.72998046875,1155.5799560546875,1158.3599853515625,3871420000,0.00612227817348443,0.6103613171284074
2010-10-11,1165.3199462890625,1165.3199462890625,1168.6800537109375,1162.02001953125,1165.3199462890625,2505900000,0.00014583690635494584,0.014582627318711123
2010-10-12,1169.77001953125,1169.77001953125,1172.5799560546875,1155.7099609375,1164.280029296875,4076170000,0.003818756605307172,0.38114836641496563
2010-10-13,1178.0999755859375,1178.0999755859375,1184.3800048828125,1171.3199462890625,1171.3199462890625,4969410000,0.007121020299379444,0.7095785561559261
2010-10-14,1173.81005859375,1173.81005859375,1178.8900146484375,1166.7099609375,1177.8199462890625,4969410000,-0.0036413861990395313,-0.3648032184403023
2010-10-15,1176.18994140625,1176.18994140625,1181.199951171875,1167.1199951171875,1177.469970703125,5724910000,0.002027485447987365,0.2025432873275127
2010-10-18,1184.7099609375,1184.7099609375,1185.530029296875,1174.550048828125,1176.8299560546875,4450050000,0.007243744595420987,0.721763469070623
2010-10-19,1165.9000244140625,1165.9000244140625,1178.6400146484375,1159.7099609375,1178.6400146484375,5600120000,-0.015877250249970554,-1.6004644029054833
2010-10-20,1178.1700439453125,1178.1700439453125,1182.93994140625,1166.739990234375,1166.739990234375,5027880000,0.01052407519882892,1.0469082613678415
2010-10-21,1180.260009765625,1180.260009765625,1189.4300537109375,1171.1700439453125,1179.8199462890625,4625470000,0.0017739084702186325,0.17723369527991778
2010-10-22,1183.0799560546875,1183.0799560546875,1183.9300537109375,1178.989990234375,1180.52001953125,3177890000,0.0023892585241640507,0.23864087842906395
2010-10-25,1185.6199951171875,1185.6199951171875,1196.1400146484375,1184.739990234375,1184.739990234375,4221380000,0.002146971596890701,0.214467014688162
2010-10-26,1185.6400146484375,1185.6400146484375,1187.1099853515625,1177.719970703125,1184.8800048828125,4203680000,1.688528477283846e-05,0.0016885142218022245
2010-10-27,1182.449951171875,1182.449951171875,1183.8399658203125,1171.699951171875,1183.8399658203125,4335670000,-0.002690583513671685,-0.2694209639216564
2010-10-28,1183.780029296875,1183.780029296875,1189.530029296875,1177.0999755859375,1184.469970703125,4283460000,0.0011248494058304637,0.11242172367564925
2010-10-29,1183.260009765625,1183.260009765625,1185.4599609375,1179.699951171875,1183.8699951171875,3537880000,-0.0004392872986367369,-0.04393838135683326
2010-11-01,1184.3800048828125,1184.3800048828125,1195.81005859375,1177.6500244140625,1185.7099609375,4129180000,0.0009465333975153811,0.09460857172530168
2010-11-02,1193.5699462890625,1193.5699462890625,1195.8800048828125,1187.8599853515625,1187.8599853515625,3866200000,0.007759284493458862,0.7729336064693736
2010-11-03,1197.9599609375,1197.9599609375,1198.300048828125,1183.56005859375,1193.7900390625,4665480000,0.003678053944041082,0.3671306443685746
2010-11-04,1221.06005859375,1221.06005859375,1221.25,1198.3399658203125,1198.3399658203125,5695470000,0.01928286287479275,1.9099304409664533
2010-11-05,1225.8499755859375,1225.8499755859375,1227.0799560546875,1220.2900390625,1221.199951171875,5637460000,0.00392275298702649,0.3915079053611362
2010-11-08,1223.25,1223.25,1224.5699462890625,1217.550048828125,1223.239990234375,3937230000,-0.0021209574072836856,-0.21232098228606586
2010-11-09,1213.4000244140625,1213.4000244140625,1226.8399658203125,1208.93994140625,1223.5899658203125,4848040000,-0.008052299681943542,-0.8084894540661062
2010-11-10,1218.7099609375,1218.7099609375,1218.75,1204.3299560546875,1213.1400146484375,4561300000,0.004376080778473401,0.43665335797252625
2010-11-11,1213.5400390625,1213.5400390625,1215.449951171875,1204.489990234375,1213.0400390625,3931120000,-0.004242126544221403,-0.4251149890857143
2010-11-12,1199.2099609375,1199.2099609375,1210.5,1194.0799560546875,1209.0699462890625,4213620000,-0.011808492232419865,-1.1878766244753407
2010-11-15,1197.75,1197.75,1207.4300537109375,1197.1500244140625,1200.43994140625,3503370000,-0.0012174356326716262,-0.12181773094550821
2010-11-16,1178.3399658203125,1178.3399658203125,1194.7900390625,1173.0,1194.7900390625,5116380000,-0.016205413633636034,-1.6338157414688126
2010-11-17,1178.5899658203125,1178.5899658203125,1183.56005859375,1175.8199462890625,1178.3299560546875,3904780000,0.00021216287934855416,0.02121403759877297
2010-11-18,1196.68994140625,1196.68994140625,1200.2900390625,1183.75,1183.75,4687260000,0.015357313493959523,1.5240583543647692
2010-11-19,1199.72998046875,1199.72998046875,1199.969970703125,1189.43994140625,1196.1199951171875,3675390000,0.002540373205550228,0.25371519119104957
2010-11-22,1197.8399658203125,1197.8399658203125,1198.93994140625,1184.5799560546875,1198.0699462890625,3689500000,-0.0015753666901773267,-0.15766088850612958
2010-11-23,1180.72998046875,1180.72998046875,1192.510009765625,1176.9100341796875,1192.510009765625,4133070000,-0.014284032792181156,-1.4387031590549966
2010-11-24,1198.3499755859375,1198.3499755859375,1198.6199951171875,1183.699951171875,1183.699951171875,3384250000,0.014922967493543604,1.481271551861717
2010-11-26,1189.4000244140625,1189.4000244140625,1194.1600341796875,1186.9300537109375,1194.1600341796875,1613820000,-0.007468562068020934,-0.749659142423389
2010-11-29,1187.760009765625,1187.760009765625,1190.3399658203125,1173.6400146484375,1189.0799560546875,3673450000,-0.001378858764733426,-0.1379810265237083
2010-11-30,1180.550048828125,1180.550048828125,1187.4000244140625,1174.1400146484375,1182.9599609375,4284700000,-0.006070216944686235,-0.6088715610163862
2010-12-01,1206.0699462890625,1206.0699462890625,1207.6099853515625,1186.5999755859375,1186.5999755859375,4548110000,0.02161695515261708,2.138662226312978
2010-12-02,1221.530029296875,1221.530029296875,1221.8900146484375,1206.81005859375,1206.81005859375,4970800000,0.012818562518186694,1.2737100160620847
2010-12-03,1224.7099609375,1224.7099609375,1225.5699462890625,1216.8199462890625,1219.9300537109375,3735780000,0.0026032365675492386,0.2599854016351503
2010-12-06,1223.1199951171875,1223.1199951171875,1225.800048828125,1220.6700439453125,1223.8699951171875,3527370000,-0.001298238661417761,-0.12990821033003647
2010-12-07,1223.75,1223.75,1235.050048828125,1223.25,1227.25,6970630000,0.0005150801927265025,0.051494758445800724
2010-12-08,1228.280029296875,1228.280029296875,1228.9300537109375,1219.5,1225.02001953125,4607590000,0.003701760406026544,0.3694925752614823
2010-12-09,1233.0,1233.0,1234.7099609375,1226.8499755859375,1230.1400146484375,4522510000,0.0038427480627742927,0.3835383567009256
2010-12-10,1240.4000244140625,1240.4000244140625,1240.4000244140625,1232.5799560546875,1233.8499755859375,4547310000,0.006001641860553519,0.5983703744360294
2010-12-13,1240.4599609375,1240.4599609375,1246.72998046875,1240.3399658203125,1242.52001953125,4361240000,4.832031784740565e-05,0.00483191504584528
2010-12-14,1241.5899658203125,1241.5899658203125,1246.5899658203125,1238.1700439453125,1241.8399658203125,4132350000,0.00091095635360805,0.09105416846800492
2010-12-15,1235.22998046875,1235.22998046875,1244.25,1234.010009765625,1241.5799560546875,4407340000,-0.005122452280258649,-0.5135617015335396
2010-12-16,1242.8699951171875,1242.8699951171875,1243.75,1232.8499755859375,1236.3399658203125,4736820000,0.006185094896691501,0.6166045704273937
2010-12-17,1243.9100341796875,1243.9100341796875,1245.81005859375,1239.8699951171875,1243.6300048828125,4632470000,0.0008368043854836138,0.08364544598930705
2010-12-20,1247.0799560546875,1247.0799560546875,1250.199951171875,1241.510009765625,1245.760009765625,3548140000,0.0025483530061645165,0.25451114605429465
2010-12-21,1254.5999755859375,1254.5999755859375,1255.8199462890625,1249.4300537109375,1249.4300537109375,3479670000,0.006030102155631267,0.60119938497866
2010-12-22,1258.8399658203125,1258.8399658203125,1259.3900146484375,1254.93994140625,1254.93994140625,1285590000,0.0033795554893063517,0.33738576255426245
2010-12-23,1256.77001953125,1256.77001953125,1258.5899658203125,1254.050048828125,1257.530029296875,2515020000,-0.0016443283858672553,-0.16456817776046478
2010-12-27,1257.5400390625,1257.5400390625,1258.4300537109375,1251.47998046875,1254.6600341796875,1992470000,0.0006126972471360848,0.06125096248109704
2010-12-28,1258.510009765625,1258.510009765625,1259.9000244140625,1256.219970703125,1259.0999755859375,2478450000,0.0007713239125555216,0.07710265951420124
2010-12-29,1259.780029296875,1259.780029296875,1262.5999755859375,1258.780029296875,1258.780029296875,2214380000,0.0010091453555356455,0.10086365106648648
2010-12-30,1257.8800048828125,1257.8800048828125,1261.0899658203125,1256.3199462890625,1259.43994140625,1970720000,-0.0015082191889665975,-0.15093576964174302
2010-12-31,1257.6400146484375,1257.6400146484375,1259.3399658203125,1254.18994140625,1256.760009765625,1799770000,-0.0001907894500615681,-0.019080765268397786
2011-01-03,1271.8699951171875,1271.8699951171875,1276.1700439453125,1257.6199951171875,1257.6199951171875,4286670000,0.011314828013585299,1.125129414776139
2011-01-04,1270.199951171875,1270.199951171875,1274.1199951171875,1262.6600341796875,1272.949951171875,4796420000,-0.0013130618315739806,-0.1313924652635054
2011-01-05,1276.56005859375,1276.56005859375,1277.6300048828125,1265.3599853515625,1268.780029296875,4764920000,0.0050071702616640845,0.49946760743084984
2011-01-06,1273.8499755859375,1273.8499755859375,1278.1700439453125,1270.4300537109375,1276.2900390625,4844100000,-0.002122957701494954,-0.2125214370637225
2011-01-07,1271.5,1271.5,1276.8299560546875,1261.699951171875,1274.4100341796875,4963110000,-0.001844782063018524,-0.1846485769081899
2011-01-10,1269.75,1269.75,1271.52001953125,1262.1800537109375,1270.8399658203125,4036450000,-0.001376327172630698,-0.13772751808198855
2011-01-11,1274.47998046875,1274.47998046875,1277.25,1269.6199951171875,1272.5799560546875,4050750000,0.0037251273626697223,0.3718206258407198
2011-01-12,1285.9599609375,1285.9599609375,1286.8699951171875,1275.6500244140625,1275.6500244140625,4226940000,0.00900758006769764,0.8967253798850817
2011-01-13,1283.760009765625,1283.760009765625,1286.699951171875,1280.469970703125,1285.780029296875,4310840000,-0.001710746243041017,-0.1712211240459357
2011-01-14,1293.239990234375,1293.239990234375,1293.239990234375,1281.239990234375,1282.9000244140625,4661590000,0.007384542591010179,0.7357410347301483
2011-01-18,1295.02001953125,1295.02001953125,1296.06005859375,1290.1600341796875,1293.219970703125,5284990000,0.00137641065101346,0.13754642661832542
2011-01-19,1281.9200439453125,1281.9200439453125,1294.5999755859375,1278.9200439453125,1294.52001953125,4743710000,-0.010115654884377157,-1.0167165793385584
2011-01-20,1280.260009765625,1280.260009765625,1283.3499755859375,1271.260009765625,1280.8499755859375,4935320000,-0.0012949592195925508,-0.12957984038339024
2011-01-21,1283.3499755859375,1283.3499755859375,1291.2099609375,1282.0699462890625,1283.6300048828125,4935320000,0.0024135455272700224,0.24106376042604427
2011-01-24,1290.8399658203125,1290.8399658203125,1291.9300537109375,1282.469970703125,1283.2900390625,3902470000,0.00583628034196626,0.5819315234595438
2011-01-25,1291.1800537109375,1291.1800537109375,1291.260009765625,1281.0699462890625,1288.1700439453125,4595380000,0.0002634624737614111,0.026342777361852737
2011-01-26,1296.6300048828125,1296.6300048828125,1299.739990234375,1291.969970703125,1291.969970703125,4730980000,0.00422090718967616,0.4212024148480004
2011-01-27,1299.5400390625,1299.5400390625,1301.2900390625,1294.4100341796875,1297.510009765625,4309190000,0.0022443057531671418,0.2241791060799816
2011-01-28,1276.3399658203125,1276.3399658203125,1302.6700439453125,1275.0999755859375,1299.6300048828125,5618630000,-0.017852526697772375,-1.8013805424182845
2011-01-31,1286.1199951171875,1286.1199951171875,1287.1700439453125,1276.5,1276.5,4167160000,0.007662558220206783,0.7633349932881147
2011-02-01,1307.5899658203125,1307.5899658203125,1308.8599853515625,1289.1400146484375,1289.1400146484375,5164500000,0.01669359840810869,1.6555791837834375
2011-02-02,1304.030029296875,1304.030029296875,1307.6099853515625,1302.6199951171875,1305.9100341796875,4098260000,-0.00272251746839014,-0.27262302593629273
2011-02-03,1307.0999755859375,1307.0999755859375,1308.5999755859375,1294.8299560546875,1302.77001953125,4370990000,0.0023541990752451447,0.23514322901266807
2011-02-04,1310.8699951171875,1310.8699951171875,1311.0,1301.6700439453125,1307.010009765625,3925950000,0.002884262567260709,0.28801110627525583
2011-02-07,1319.050048828125,1319.050048828125,1322.8499755859375,1311.8499755859375,1311.8499755859375,3902270000,0.006240171597036381,0.6220782345952653
2011-02-08,1324.5699462890625,1324.5699462890625,1324.8699951171875,1316.030029296875,1318.760009765625,3881530000,0.004184752099316791,0.41760203758396963
2011-02-09,1320.8800048828125,1320.8800048828125,1324.5400390625,1314.8900146484375,1322.47998046875,3922240000,-0.0027857656113878804,-0.2789653077800705
2011-02-10,1321.8699951171875,1321.8699951171875,1322.780029296875,1311.739990234375,1318.1300048828125,4184610000,0.0007494929370688297,0.0749212207498601
2011-02-11,1329.1500244140625,1329.1500244140625,1330.7900390625,1316.0799560546875,1318.6600341796875,4219300000,0.005507371620330659,0.5492261501886461
2011-02-14,1332.3199462890625,1332.3199462890625,1332.9599609375,1326.9000244140625,1328.72998046875,3567040000,0.002384924061824778,0.2382084644068833
2011-02-15,1328.010009765625,1328.010009765625,1330.4300537109375,1324.6099853515625,1330.4300537109375,3926860000,-0.003234911055292722,-0.3240154691578971
2011-02-16,1336.3199462890625,1336.3199462890625,1337.6099853515625,1329.510009765625,1329.510009765625,1966450000,0.006257435156610036,0.6237938698850808
2011-02-17,1340.4300537109375,1340.4300537109375,1341.5,1331.0,1334.3699951171875,1966450000,0.003075691142146564,0.30709708803804936
2011-02-18,1343.010009765625,1343.010009765625,1344.0699462890625,1338.1199951171875,1340.3800048828125,1162310000,0.0019247226272978146,0.19228727220244873
2011-02-22,1315.43994140625,1315.43994140625,1338.9100341796875,1312.3299560546875,1338.9100341796875,1322780000,-0.02052856505826517,-2.0742204920454523
2011-02-23,1307.4000244140625,1307.4000244140625,1317.9100341796875,1299.550048828125,1315.43994140625,1330340000,-0.006111960522950599,-0.6130715010508628
2011-02-24,1306.0999755859375,1306.0999755859375,1310.9100341796875,1294.260009765625,1307.0899658203125,1222900000,-0.000994377240208233,-0.09948719612429038
2011-02-25,1319.8800048828125,1319.8800048828125,1320.6099853515625,1307.3399658203125,1307.3399658203125,3836030000,0.01055051646463201,1.0495248165324718
2011-02-28,1327.219970703125,1327.219970703125,1329.3800048828125,1320.550048828125,1321.6099853515625,1252850000,0.005561085699577806,0.5545679951233037
2011-03-01,1306.3299560546875,1306.3299560546875,1332.0899658203125,1306.1400146484375,1328.6400146484375,1180420000,-0.015739677754675885,-1.5864861791058633
2011-03-02,1308.43994140625,1308.43994140625,1314.18994140625,1302.5799560546875,1305.469970703125,1025000000,0.0016152009236127807,0.16138978895201783
2011-03-03,1330.969970703125,1330.969970703125,1332.280029296875,1312.3699951171875,1312.3699951171875,4340470000,0.017219001487115193,1.7072434579238578
2011-03-04,1321.1500244140625,1321.1500244140625,1331.0799560546875,1312.5899658203125,1330.72998046875,4223740000,-0.0073780374502926405,-0.740538978936872
2011-03-07,1310.1300048828125,1310.1300048828125,1327.6800537109375,1303.989990234375,1322.719970703125,3964730000,-0.008341232507744434,-0.8376215256269803
2011-03-08,1321.8199462890625,1321.8199462890625,1325.739990234375,1306.8599853515625,1311.050048828125,4531420000,0.008922733898683255,0.8883161530176172
2011-03-09,1320.02001953125,1320.02001953125,1323.2099609375,1312.27001953125,1319.9200439453125,3709520000,-0.0013617034323515353,-0.13626313929708095
2011-03-10,1295.1099853515625,1295.1099853515625,1315.719970703125,1294.2099609375,1315.719970703125,4723020000,-0.018870951812180237,-1.9051280476330656
2011-03-11,1304.280029296875,1304.280029296875,1308.3499755859375,1291.989990234375,1293.4300537109375,3740400000,0.007080513662183874,0.7055564524569619
2011-03-14,1296.3900146484375,1296.3900146484375,1301.18994140625,1286.3699951171875,1301.18994140625,4050370000,-0.006049325659529536,-0.6067696956773772
2011-03-15,1281.8699951171875,1281.8699951171875,1288.4599609375,1261.1199951171875,1288.4599609375,5201400000,-0.01120034817237281,-1.1263544394845546
2011-03-16,1256.8800048828125,1256.8800048828125,1280.9100341796875,1249.050048828125,1279.4599609375,5833000000,-0.019494949042855536,-1.9687481949372254
2011-03-17,1273.719970703125,1273.719970703125,1278.8800048828125,1261.6099853515625,1261.6099853515625,4134950000,0.013398228752857344,1.3309266231874257
2011-03-18,1279.2099609375,1279.2099609375,1288.8800048828125,1276.1800537109375,1276.7099609375,4685500000,0.004310201897316901,0.43009395825458097
2011-03-21,1298.3800048828125,1298.3800048828125,1300.5799560546875,1281.6500244140625,1281.6500244140625,4223730000,0.014985846366661448,1.487466793018228
2011-03-22,1293.77001953125,1293.77001953125,1299.3499755859375,1292.699951171875,1298.2900390625,3576550000,-0.003550567117658776,-0.35568853410381707
2011-03-23,1297.5400390625,1297.5400390625,1300.510009765625,1284.050048828125,1292.18994140625,3842350000,0.00291397966743423,0.29097422585029215
2011-03-24,1309.6600341796875,1309.6600341796875,1311.3399658203125,1297.739990234375,1300.6099853515625,4223740000,0.009340748456551973,0.9297393435475378
2011-03-25,1313.800048828125,1313.800048828125,1319.1800537109375,1310.1500244140625,1311.800048828125,4223740000,0.003161136890789118,0.31561510021889394
2011-03-28,1310.18994140625,1310.18994140625,1319.739990234375,1310.18994140625,1315.449951171875,3215170000,-0.002747836267090409,-0.2751618499391395
2011-03-29,1319.43994140625,1319.43994140625,1319.449951171875,1305.260009765625,1309.3699951171875,3482580000,0.007060045042073693,0.7035239607301627
2011-03-30,1328.260009765625,1328.260009765625,1331.739990234375,1321.8900146484375,1321.8900146484375,3809570000,0.006684706201916635,0.6662462626235184
2011-03-31,1325.8299560546875,1325.8299560546875,1329.77001953125,1325.030029296875,1327.43994140625,3566270000,-0.0018295015230987977,-0.1831177104975248
2011-04-01,1332.4100341796875,1332.4100341796875,1337.8499755859375,1328.8900146484375,1329.47998046875,4223740000,0.004962987972138233,0.49507129444560716
2011-04-04,1332.8699951171875,1332.8699951171875,1336.739990234375,1329.0999755859375,1333.56005859375,4223740000,0.0003452097520288966,0.03451501808517552
2011-04-05,1332.6300048828125,1332.6300048828125,1338.2099609375,1330.030029296875,1332.030029296875,3852280000,-0.0001800552456384663,-0.018007145753026057
2011-04-06,1335.5400390625,1335.5400390625,1339.3800048828125,1331.0899658203125,1335.93994140625,4223740000,0.002183677516658822,0.2181296758153027
2011-04-07,1333.510009765625,1333.510009765625,1338.800048828125,1326.56005859375,1334.8199462890625,4005600000,-0.0015200063176690204,-0.15211626992252944
2011-04-08,1328.1700439453125,1328.1700439453125,1339.4599609375,1322.93994140625,1336.1600341796875,3582810000,-0.00400444374710851,-0.40124830009741963
2011-04-11,1324.4599609375,1324.4599609375,1333.77001953125,1321.06005859375,1329.010009765625,3478970000,-0.0027933795260068894,-0.279728829140217
2011-04-12,1314.1600341796875,1314.1600341796875,1321.9599609375,1309.510009765625,1321.9599609375,4275490000,-0.007776699229565143,-0.7807095445724583
2011-04-13,1314.4100341796875,1314.4100341796875,1321.3499755859375,1309.18994140625,1314.030029296875,3850860000,0.00019023558280406583,0.01902174903101045
2011-04-14,1314.52001953125,1314.52001953125,1316.7900390625,1302.4200439453125,1311.1300048828125,3872630000,8.367659155239515e-05,0.008367309086169079
2011-04-15,1319.6800537109375,1319.6800537109375,1322.8800048828125,1313.6800537109375,1314.5400390625,4223740000,0.003925413156908419,0.39177288255680137
2011-04-18,1305.1400146484375,1305.1400146484375,1313.3499755859375,1294.699951171875,1313.3499755859375,4223740000,-0.011017851653977395,-1.1078997728577973
2011-04-19,1312.6199951171875,1312.6199951171875,1312.699951171875,1303.969970703125,1305.989990234375,3886300000,0.00573117089721964,0.5714810218094469
2011-04-20,1330.3599853515625,1330.3599853515625,1332.6600341796875,1319.1199951171875,1319.1199951171875,4236280000,0.013514947433656221,1.3424435132347328
2011-04-21,1337.3800048828125,1337.3800048828125,1337.489990234375,1332.8299560546875,1333.22998046875,3587240000,0.0052767819301140495,0.5262908499655702
2011-04-25,1335.25,1335.25,1337.550048828125,1331.469970703125,1337.1400146484375,2142130000,-0.0015926699031209024,-0.15939395500958123
2011-04-26,1347.239990234375,1347.239990234375,1349.550048828125,1336.75,1336.75,3908060000,0.008979584523029382,0.8939507790192993
2011-04-27,1355.6600341796875,1355.6600341796875,1357.489990234375,1344.25,1348.4300537109375,4051570000,0.006249847099511818,0.6230397799828821
2011-04-28,1360.47998046875,1360.47998046875,1361.7099609375,1353.5999755859375,1353.8599853515625,4036820000,0.0035554240499382495,0.35491184714345464
2011-04-29,1363.6099853515625,1363.6099853515625,1364.56005859375,1358.68994140625,1360.1400146484375,3479070000,0.002300662213150728,0.2298019742020782
2011-05-02,1361.219970703125,1361.219970703125,1370.5799560546875,1358.5899658203125,1365.2099609375,3846250000,-0.00175271131343413,-0.1754249109045456
2011-05-03,1356.6199951171875,1356.6199951171875,1360.8399658203125,1349.52001953125,1359.760009765625,4223740000,-0.0033793036283190636,-0.33850263710526607
2011-05-04,1347.3199462890625,1347.3199462890625,1355.9000244140625,1341.5,1355.9000244140625,4223740000,-0.006855308680100647,-0.6878914252832363
2011-05-05,1335.0999755859375,1335.0999755859375,1348.0,1329.1700439453125,1344.1600341796875,3846250000,-0.009069835815006422,-0.9111217180694529
2011-05-06,1340.199951171875,1340.199951171875,1354.3599853515625,1335.5799560546875,1340.239990234375,4223740000,0.0038199203649145197,0.3812642995876722
2011-05-09,1346.2900390625,1346.2900390625,1349.43994140625,1338.6400146484375,1340.199951171875,4265250000,0.004544163641626575,0.45338701019314065
2011-05-10,1357.1600341796875,1357.1600341796875,1359.43994140625,1348.3399658203125,1348.3399658203125,4223740000,0.008074036650198346,0.804161600966336
2011-05-11,1342.0799560546875,1342.0799560546875,1354.510009765625,1336.3599853515625,1354.510009765625,3846250000,-0.011111495877577093,-1.1173689687885626
2011-05-12,1348.6500244140625,1348.6500244140625,1351.050048828125,1332.030029296875,1339.3900146484375,3777210000,0.004895437361786659,0.4883493672167491
2011-05-13,1337.77001953125,1337.77001953125,1350.469970703125,1333.3599853515625,1348.68994140625,3426660000,-0.00806733006032423,-0.8100047045425268
2011-05-16,1329.469970703125,1329.469970703125,1343.3299560546875,1327.3199462890625,1334.77001953125,3846250000,-0.006204391417766519,-0.6223718638095737
2011-05-17,1328.97998046875,1328.97998046875,1330.4200439453125,1318.510009765625,1326.0999755859375,4053970000,-0.0003685605881837972,-0.03686285233300362
2011-05-18,1340.6800537109375,1340.6800537109375,1341.8199462890625,1326.5899658203125,1328.5400390625,3922030000,0.00880379946585852,0.8765271983703135
2011-05-19,1343.5999755859375,1343.5999755859375,1346.8199462890625,1336.3599853515625,1342.4000244140625,3626110000,0.0021779408643529674,0.21755725891674885
2011-05-20,1333.27001953125,1333.27001953125,1342.0,1330.6700439453125,1342.0,4066020000,-0.007688267521873571,-0.7717974612614023
2011-05-23,1317.3699951171875,1317.3699951171875,1333.0699462890625,1312.8800048828125,1333.0699462890625,3255580000,-0.01192558460112425,-1.1997264840988668
2011-05-24,1316.280029296875,1316.280029296875,1323.719970703125,1313.8699951171875,1317.699951171875,3846250000,-0.0008273801774386635,-0.08277226453314669
2011-05-25,1320.469970703125,1320.469970703125,1325.8599853515625,1311.800048828125,1316.3599853515625,4109670000,0.0031831687125787322,0.31781131566695725
2011-05-26,1325.68994140625,1325.68994140625,1328.510009765625,1314.4100341796875,1320.6400146484375,3259470000,0.0039531157988739185,0.3945322767699228
2011-05-27,1331.0999755859375,1331.0999755859375,1334.6199951171875,1325.68994140625,1325.68994140625,3124560000,0.004080919686204165,0.4072615318765918
2011-05-31,1345.199951171875,1345.199951171875,1345.199951171875,1331.0999755859375,1331.0999755859375,4696240000,0.010592724697279676,1.053701485636789
2011-06-01,1314.550048828125,1314.550048828125,1345.199951171875,1313.7099609375,1345.199951171875,4241090000,-0.02278464425831217,-2.3048225700640406
2011-06-02,1312.93994140625,1312.93994140625,1318.030029296875,1305.6099853515625,1314.550048828125,3762170000,-0.0012248353901096465,-0.1225586114047521
2011-06-03,1300.1600341796875,1300.1600341796875,1312.93994140625,1297.9000244140625,1312.93994140625,3505030000,-0.009733809463420173,-0.978149266519151
2011-06-06,1286.1700439453125,1286.1700439453125,1300.260009765625,1284.719970703125,1300.260009765625,3555980000,-0.010760206333523925,-1.0818516013722312
2011-06-07,1284.93994140625,1284.93994140625,1296.219970703125,1284.739990234375,1286.31005859375,3846250000,-0.0009564073932939454,-0.09568650426676839
2011-06-08,1279.56005859375,1279.56005859375,1287.0400390625,1277.4200439453125,1284.6300048828125,3970810000,-0.004186874918536865,-0.41956644216076977
2011-06-09,1289.0,1289.0,1294.5400390625,1279.6300048828125,1279.6300048828125,3332510000,0.007377489898070522,0.7350409328991669
2011-06-10,1270.97998046875,1270.97998046875,1288.5999755859375,1268.280029296875,1288.5999755859375,3846250000,-0.013979844477308045,-1.407848288184634
2011-06-13,1271.8299560546875,1271.8299560546875,1277.0400390625,1265.6400146484375,1271.31005859375,4132520000,0.0006687560771996282,0.06685325595012269
2011-06-14,1287.8699951171875,1287.8699951171875,1292.5,1272.219970703125,1272.219970703125,3500280000,0.012611779574887017,1.2532913485107313
2011-06-15,1265.4200439453125,1265.4200439453125,1287.8699951171875,1261.9000244140625,1287.8699951171875,4070500000,-0.01743184580508239,-1.7585569507258008
2011-06-16,1267.6400146484375,1267.6400146484375,1274.1099853515625,1258.0699462890625,1265.530029296875,3846250000,0.0017543350239683786,0.17527979756827483
2011-06-17,1271.5,1271.5,1279.8199462890625,1267.4000244140625,1268.5799560546875,4916460000,0.003045016966140013,0.3040390291799793
2011-06-20,1278.3599853515625,1278.3599853515625,1280.4200439453125,1267.56005859375,1271.5,3464660000,0.005395190996116739,0.5380689090158733
2011-06-21,1295.52001953125,1295.52001953125,1297.6199951171875,1278.4000244140625,1278.4000244140625,4056150000,0.013423475684721353,1.33341790614636
2011-06-22,1287.1400146484375,1287.1400146484375,1298.6099853515625,1286.7900390625,1295.47998046875,3718420000,-0.006468448774604507,-0.6489459844407727
2011-06-23,1283.5,1283.5,1286.5999755859375,1262.8699951171875,1286.5999755859375,4983450000,-0.002827986549257977,-0.2831992858193941
2011-06-24,1268.449951171875,1268.449951171875,1283.9300537109375,1267.239990234375,1283.0400390625,3665340000,-0.011725787945559007,-1.1795077176858442
2011-06-27,1280.0999755859375,1280.0999755859375,1284.9100341796875,1267.530029296875,1268.43994140625,3479070000,0.009184457300265958,0.9142536655730837
2011-06-28,1296.6700439453125,1296.6700439453125,1296.800048828125,1280.2099609375,1280.2099609375,3681500000,0.012944354874931063,1.2861292735996777
2011-06-29,1307.4100341796875,1307.4100341796875,1309.2099609375,1296.8499755859375,1296.8499755859375,4347540000,0.008282747245164312,0.8248633534913172
2011-06-30,1320.6400146484375,1320.6400146484375,1321.969970703125,1307.6400146484375,1307.6400146484375,4200500000,0.01011922818616795,1.0068371595162744
2011-07-01,1339.6700439453125,1339.6700439453125,1341.010009765625,1318.1800537109375,1320.6400146484375,3796930000,0.014409702179091433,1.4306869106082432
2011-07-05,1337.8800048828125,1337.8800048828125,1340.8900146484375,1334.300048828125,1339.5899658203125,3722320000,-0.0013361790618444669,-0.1337072545078201
2011-07-06,1339.219970703125,1339.219970703125,1340.93994140625,1330.9200439453125,1337.56005859375,3564190000,0.0010015590452223666,0.10010578196052823
2011-07-07,1353.219970703125,1353.219970703125,1356.47998046875,1339.6199951171875,1339.6199951171875,4069530000,0.010453846497412655,1.0399582892092554
2011-07-08,1343.800048828125,1343.800048828125,1352.3900146484375,1333.7099609375,1352.3900146484375,3594360000,-0.006961116506509657,-0.6985458106936123
2011-07-11,1319.489990234375,1319.489990234375,1343.31005859375,1316.4200439453125,1343.31005859375,3879130000,-0.01809053260189253,-1.8256166936573937
2011-07-12,1313.6400146484375,1313.6400146484375,1327.1700439453125,1313.3299560546875,1319.6099853515625,4227890000,-0.004433512667192274,-0.44433698298372165
2011-07-13,1317.719970703125,1317.719970703125,1331.47998046875,1314.449951171875,1314.449951171875,4060080000,0.003105840267646931,0.31010271091221175
2011-07-14,1308.8699951171875,1308.8699951171875,1326.8800048828125,1306.510009765625,1317.739990234375,4358570000,-0.0067161276923011215,-0.6738782369334765
2011-07-15,1316.1400146484375,1316.1400146484375,1317.699951171875,1307.52001953125,1308.8699951171875,4242760000,0.005554424471774233,0.5539055540283085
2011-07-18,1305.43994140625,1305.43994140625,1315.93994140625,1295.9200439453125,1315.93994140625,4118160000,-0.008129889770918997,-0.8163117539368405
2011-07-19,1326.72998046875,1326.72998046875,1328.1400146484375,1307.0699462890625,1307.0699462890625,4304600000,0.01630870818887753,1.617714964684356
2011-07-20,1325.8399658203125,1325.8399658203125,1330.4300537109375,1323.6500244140625,1328.6600341796875,3767420000,-0.0006708332980633891,-0.06710584073998067
2011-07-21,1343.800048828125,1343.800048828125,1347.0,1325.6500244140625,1325.6500244140625,4837430000,0.013546192203295337,1.3455262786265243
2011-07-22,1345.02001953125,1345.02001953125,1346.0999755859375,1336.949951171875,1343.800048828125,3522830000,0.0009078513609139804,0.09074395131127662
2011-07-25,1337.4300537109375,1337.4300537109375,1344.3199462890625,1331.0899658203125,1344.3199462890625,3536890000,-0.0056430132712504966,-0.5658995223243947
2011-07-26,1331.93994140625,1331.93994140625,1338.510009765625,1329.5899658203125,1337.3900146484375,4007050000,-0.004104971538103408,-0.41134200623285405
2011-07-27,1304.8900146484375,1304.8900146484375,1331.9100341796875,1303.489990234375,1331.9100341796875,3479040000,-0.020308668519432915,-2.051772480729147
2011-07-28,1300.6700439453125,1300.6700439453125,1316.3199462890625,1299.1600341796875,1304.8399658203125,4951800000,-0.0032339665839667964,-0.3239207155505587
2011-07-29,1292.280029296875,1292.280029296875,1304.1600341796875,1282.8599853515625,1300.1199951171875,5061190000,-0.006450532698506817,-0.6471427287173138
2011-08-01,1286.93994140625,1286.93994140625,1307.3800048828125,1274.72998046875,1292.5899658203125,4967390000,-0.004132299323336697,-0.41408608662307433
2011-08-02,1254.050048828125,1254.050048828125,1286.56005859375,1254.030029296875,1286.56005859375,5206290000,-0.025556664705103427,-2.5888909190623943
2011-08-03,1260.3399658203125,1260.3399658203125,1261.199951171875,1234.56005859375,1254.25,6446940000,0.005015682586245518,0.5003145952717516
2011-08-04,1200.0699462890625,1200.0699462890625,1260.22998046875,1199.5400390625,1260.22998046875,4266530000,-0.047820446201610634,-4.90016550437416
2011-08-05,1199.3800048828125,1199.3800048828125,1218.1099853515625,1168.0899658203125,1200.280029296875,5454590000,-0.0005749176607442452,-0.057508298927246036
2011-08-08,1119.4599609375,1119.4599609375,1198.47998046875,1119.280029296875,1198.47998046875,2615150000,-0.06663446415643826,-6.895836939262512
2011-08-09,1172.530029296875,1172.530029296875,1172.8800048828125,1101.5400390625,1120.22998046875,2366660000,0.0474068481332115,4.631744106338802
2011-08-10,1120.760009765625,1120.760009765625,1171.77001953125,1118.010009765625,1171.77001953125,5018070000,-0.04415240397919251,-4.515679702747438
2011-08-11,1172.6400146484375,1172.6400146484375,1186.2900390625,1121.300048828125,1121.300048828125,3685050000,0.04629002144148742,4.5250594363771555
2011-08-12,1178.81005859375,1178.81005859375,1189.0400390625,1170.739990234375,1172.8699951171875,5640380000,0.00526166928318772,0.5247875067275939
2011-08-15,1204.489990234375,1204.489990234375,1204.489990234375,1178.8599853515625,1178.8599853515625,4272850000,0.021784622088531824,2.1550727976033657
2011-08-16,1192.760009765625,1192.760009765625,1204.219970703125,1180.530029296875,1204.219970703125,5071600000,-0.00973854541245922,-0.9786275177620173
2011-08-17,1193.8900146484375,1193.8900146484375,1208.469970703125,1184.3599853515625,1192.8900146484375,4388340000,0.0009473866272851073,0.09469381398126654
2011-08-18,1140.6500244140625,1140.6500244140625,1189.6199951171875,1131.030029296875,1189.6199951171875,3234810000,-0.0445937143129993,-4.561859893236344
2011-08-19,1123.530029296875,1123.530029296875,1154.5400390625,1122.050048828125,1140.469970703125,5167560000,-0.015008981502439234,-1.5122756128207964
2011-08-22,1123.8199462890625,1123.8199462890625,1145.489990234375,1121.0899658203125,1123.550048828125,5436260000,0.00025804116011829414,0.02580078732242726
2011-08-23,1162.3499755859375,1162.3499755859375,1162.3499755859375,1124.3599853515625,1124.3599853515625,5013170000,0.034284877594586316,3.3710248386474015
2011-08-24,1177.5999755859375,1177.5999755859375,1178.56005859375,1156.300048828125,1162.1600341796875,5315310000,0.013119972745138542,1.3034651368546804
2011-08-25,1159.27001953125,1159.27001953125,1190.6800537109375,1155.469970703125,1176.68994140625,5748420000,-0.01556552007023193,-1.568793473796148
2011-08-26,1176.800048828125,1176.800048828125,1181.22998046875,1135.9100341796875,1158.8499755859375,5035320000,0.015121610152536658,1.5008418274915636
2011-08-29,1210.0799560546875,1210.0799560546875,1210.280029296875,1177.9100341796875,1177.9100341796875,4228070000,0.028280001568408375,2.788750501216433
2011-08-30,1212.9200439453125,1212.9200439453125,1220.0999755859375,1195.77001953125,1209.760009765625,4572570000,0.002347024984931334,0.23442750237692417
2011-08-31,1218.8900146484375,1218.8900146484375,1230.7099609375,1209.3499755859375,1213.0,5267840000,0.004921982065451136,0.4909908712070555
2011-09-01,1204.4200439453125,1204.4200439453125,1229.2900390625,1203.8499755859375,1219.1199951171875,4780410000,-0.01187143263889856,-1.1942460792303735
2011-09-02,1173.969970703125,1173.969970703125,1203.9000244140625,1170.56005859375,1203.9000244140625,4401740000,-0.025281938303220453,-2.5607017291752765
2011-09-06,1165.239990234375,1165.239990234375,1173.969970703125,1140.1300048828125,1173.969970703125,5103980000,-0.007436289416773878,-0.7464076457609709
2011-09-07,1198.6199951171875,1198.6199951171875,1198.6199951171875,1165.8499755859375,1165.8499755859375,4441040000,0.028646463529026667,2.8243824959147195
2011-09-08,1185.9000244140625,1185.9000244140625,1204.4000244140625,1183.3399658203125,1197.97998046875,4465170000,-0.010612179635699603,-1.0668890387302459
2011-09-09,1154.22998046875,1154.22998046875,1185.3699951171875,1148.3699951171875,1185.3699951171875,4586370000,-0.026705492278710663,-2.706856251096215
2011-09-12,1162.27001953125,1162.27001953125,1162.52001953125,1136.0699462890625,1153.5,5168550000,0.006965716710316983,0.6941568182022928
2011-09-13,1172.8699951171875,1172.8699951171875,1176.4100341796875,1157.43994140625,1162.5899658203125,4681370000,0.00912006281484623,0.9078726180354302
2011-09-14,1188.6800537109375,1188.6800537109375,1202.3800048828125,1162.72998046875,1173.3199462890625,4986740000,0.013479804803234297,1.338976051823038
2011-09-15,1209.1099853515625,1209.1099853515625,1209.1099853515625,1189.43994140625,1189.43994140625,4479730000,0.017187073659429952,1.704104671810514
2011-09-16,1216.010009765625,1216.010009765625,1220.06005859375,1204.4599609375,1209.2099609375,5248890000,0.0057066970727697175,0.5690475561935461
2011-09-19,1204.0899658203125,1204.0899658203125,1214.989990234375,1188.3599853515625,1214.989990234375,4254190000,-0.0098025870260805,-0.9850948688080359
2011-09-20,1202.0899658203125,1202.0899658203125,1220.3900146484375,1201.2900390625,1204.5,4315610000,-0.0016610054537223862,-0.16623864527241425
2011-09-21,1166.760009765625,1166.760009765625,1206.300048828125,1166.2099609375,1203.6300048828125,4728550000,-0.02939044252863232,-2.9830995087147443
2011-09-22,1129.56005859375,1129.56005859375,1164.550048828125,1114.219970703125,1164.550048828125,6703140000,-0.031883121516435575,-3.2402456759229787
2011-09-23,1136.4300537109375,1136.4300537109375,1141.719970703125,1121.3599853515625,1128.8199462890625,5639930000,0.006082009597382809,0.6063588829469748
2011-09-26,1162.949951171875,1162.949951171875,1164.18994140625,1131.0699462890625,1136.9100341796875,4762830000,0.023336145831710953,2.306802129696945
2011-09-27,1175.3800048828125,1175.3800048828125,1195.8599853515625,1163.3199462890625,1163.3199462890625,5548130000,0.010688382331855317,1.0631665357294655
2011-09-28,1151.06005859375,1151.06005859375,1184.7099609375,1150.4000244140625,1175.3900146484375,4787920000,-0.020691134941917988,-2.090819585269548
2011-09-29,1160.4000244140625,1160.4000244140625,1175.8699951171875,1139.9300537109375,1151.739990234375,5285740000,0.008114229792425487,0.8081486435358656
2011-09-30,1131.4200439453125,1131.4200439453125,1159.9300537109375,1131.3399658203125,1159.9300537109375,4416790000,-0.024974129488995245,-2.529127447886567
2011-10-03,1099.22998046875,1099.22998046875,1138.989990234375,1098.9200439453125,1131.2099609375,5670340000,-0.0284510281118181,-2.886360290378494
2011-10-04,1123.949951171875,1123.949951171875,1125.1199951171875,1074.77001953125,1097.4200439453125,3714670000,0.022488442948566112,2.223930613115467
2011-10-05,1144.030029296875,1144.030029296875,1146.0699462890625,1115.6800537109375,1124.030029296875,2510620000,0.017865633700204997,1.7707918945510777
2011-10-06,1164.969970703125,1164.969970703125,1165.550048828125,1134.949951171875,1144.1099853515625,5098330000,0.018303664125949304,1.8138168466480482
2011-10-07,1155.4599609375,1155.4599609375,1171.4000244140625,1150.260009765625,1165.030029296875,5580380000,-0.008163308930517088,-0.819681118762265
2011-10-10,1194.8900146484375,1194.8900146484375,1194.9100341796875,1158.1500244140625,1158.1500244140625,4446800000,0.034124984892549115,3.3555643919288363
2011-10-11,1195.5400390625,1195.5400390625,1199.239990234375,1187.300048828125,1194.5999755859375,4424500000,0.0005440035535435594,0.05438556372526529
2011-10-12,1207.25,1207.25,1220.25,1196.18994140625,1196.18994140625,5355360000,0.009794704112697561,0.9747046937638062
2011-10-13,1203.6600341796875,1203.6600341796875,1207.4599609375,1190.5799560546875,1206.9599609375,4436270000,-0.002973672247100878,-0.29781023951361335
2011-10-14,1224.5799560546875,1224.5799560546875,1224.6099853515625,1205.6500244140625,1205.6500244140625,4116690000,0.01738025794738407,1.7230948802478145
2011-10-17,1200.8599853515625,1200.8599853515625,1224.469970703125,1198.550048828125,1224.469970703125,4300700000,-0.019369883187983272,-1.955993759944958
2011-10-18,1225.3800048828125,1225.3800048828125,1233.0999755859375,1191.47998046875,1200.75,4840170000,0.020418716445174567,2.021304938031121
2011-10-19,1209.8800048828125,1209.8800048828125,1229.6400146484375,1206.31005859375,1223.4599609375,4846390000,-0.01264913736003248,-1.2729818787026608
2011-10-20,1215.3900146484375,1215.3900146484375,1219.530029296875,1197.3399658203125,1209.9200439453125,4870290000,0.0045541787147385104,0.45438398210843994
2011-10-21,1238.25,1238.25,1239.030029296875,1215.3900146484375,1215.3900146484375,4980770000,0.01880876515031682,1.863406749243458
2011-10-24,1254.18994140625,1254.18994140625,1256.550048828125,1238.719970703125,1238.719970703125,4309380000,0.012872958939026846,1.279080668037179
2011-10-25,1229.050048828125,1229.050048828125,1254.18994140625,1226.7900390625,1254.18994140625,4473970000,-0.02004472508361621,-2.0248346199382077
2011-10-26,1242.0,1242.0,1246.280029296875,1221.06005859375,1229.1700439453125,4873530000,0.010536553156824224,1.048143054408723
2011-10-27,1284.5899658203125,1284.5899658203125,1292.6600341796875,1243.969970703125,1243.969970703125,6367610000,0.034291437858544604,3.3716591168134338
2011-10-28,1285.0899658203125,1285.0899658203125,1287.0799560546875,1277.010009765625,1284.3900146484375,4536690000,0.0003892292585989665,0.03891535285413573
2011-10-31,1253.300048828125,1253.300048828125,1284.9599609375,1253.1600341796875,1284.9599609375,4310210000,-0.02473750308360323,-2.5048616612977614
2011-11-01,1218.280029296875,1218.280029296875,1251.0,1215.4200439453125,1251.0,5645540000,-0.027942247001422227,-2.834005962159464
2011-11-02,1237.9000244140625,1237.9000244140625,1242.47998046875,1219.6199951171875,1219.6199951171875,4110530000,0.016104667765514558,1.5976363304397205
2011-11-03,1261.1500244140625,1261.1500244140625,1263.2099609375,1234.81005859375,1238.25,4849140000,0.01878180753005876,1.8607607200930414
2011-11-04,1253.22998046875,1253.22998046875,1260.8199462890625,1238.9200439453125,1260.8199462890625,3830650000,-0.006280017279460592,-0.6299819537189565
2011-11-07,1261.1199951171875,1261.1199951171875,1261.699951171875,1240.75,1253.2099609375,3429740000,0.006295743615618132,0.6276008211166596
2011-11-08,1275.9200439453125,1275.9200439453125,1277.550048828125,1254.989990234375,1261.1199951171875,3908490000,0.011735638864999398,1.1667310321725162
2011-11-09,1229.0999755859375,1229.0999755859375,1275.1800537109375,1226.6400146484375,1275.1800537109375,4659740000,-0.036695142913972245,-3.7385347098988095
2011-11-10,1239.699951171875,1239.699951171875,1246.219970703125,1227.699951171875,1229.5899658203125,4002760000,0.008624176874533207,0.8587201099481742
2011-11-11,1263.8499755859375,1263.8499755859375,1266.97998046875,1240.1199951171875,1240.1199951171875,3370180000,0.019480539941325148,1.9293223004513553
2011-11-14,1251.780029296875,1251.780029296875,1263.8499755859375,1246.6800537109375,1263.8499755859375,3219680000,-0.009550141648312915,-0.9596036687554769
2011-11-15,1257.81005859375,1257.81005859375,1264.25,1244.3399658203125,1251.699951171875,3599300000,0.004817163683512371,0.480559827730043
2011-11-16,1236.9100341796875,1236.9100341796875,1259.6099853515625,1235.6700439453125,1257.81005859375,4085010000,-0.016616200730203312,-1.6755798341954984
2011-11-17,1216.1300048828125,1216.1300048828125,1237.72998046875,1209.4300537109375,1236.56005859375,4596450000,-0.016799952076269054,-1.6942671987706432
2011-11-18,1215.6500244140625,1215.6500244140625,1223.510009765625,1211.3599853515625,1216.18994140625,3827610000,-0.00039467858438069214,-0.03947564904724282
2011-11-21,1192.97998046875,1192.97998046875,1215.6199951171875,1183.1600341796875,1215.6199951171875,4050070000,-0.018648495446902502,-1.882457110494877
2011-11-22,1188.0400390625,1188.0400390625,1196.81005859375,1181.6500244140625,1192.97998046875,3911710000,-0.004140841830647446,-0.4149438857005794
2011-11-23,1161.7900390625,1161.7900390625,1187.47998046875,1161.7900390625,1187.47998046875,3798940000,-0.02209521492281885,-2.2342970458596256
2011-11-25,1158.6700439453125,1158.6700439453125,1172.6600341796875,1158.6600341796875,1161.4100341796875,1664200000,-0.002685506857766806,-0.26891193002505226
2011-11-28,1192.550048828125,1192.550048828125,1197.3499755859375,1158.6700439453125,1158.6700439453125,3920750000,0.029240425313361795,2.8821079038609922
2011-11-29,1195.18994140625,1195.18994140625,1203.6700439453125,1191.800048828125,1192.56005859375,3992650000,0.002213653490450218,0.22112069693969919
2011-11-30,1246.9599609375,1246.9599609375,1247.1099853515625,1196.719970703125,1196.719970703125,5801910000,0.0433153072475978,4.240343833622763
2011-12-01,1244.5799560546875,1244.5799560546875,1251.0899658203125,1239.72998046875,1246.9100341796875,3818680000,-0.0019086457924624156,-0.19104695778526481
2011-12-02,1244.280029296875,1244.280029296875,1260.0799560546875,1243.3499755859375,1246.030029296875,4144310000,-0.00024098633145541726,-0.024101537332728126
2011-12-05,1257.0799560546875,1257.0799560546875,1266.72998046875,1244.3299560546875,1244.3299560546875,4148060000,0.010287014543699957,1.02344632992658
2011-12-06,1258.469970703125,1258.469970703125,1266.030029296875,1253.030029296875,1257.18994140625,3734230000,0.0011057487964409862,0.11051379065262915
2011-12-07,1261.010009765625,1261.010009765625,1267.06005859375,1244.800048828125,1258.1400146484375,4160540000,0.002018354924337773,0.20163207826575202
2011-12-08,1234.3499755859375,1234.3499755859375,1260.8699951171875,1231.469970703125,1260.8699951171875,4298370000,-0.02114181011508598,-2.1368498950929857
2011-12-09,1255.18994140625,1255.18994140625,1258.25,1234.47998046875,1234.47998046875,3830610000,0.01688335256005491,1.6742412907085384
2011-12-12,1236.469970703125,1236.469970703125,1255.050048828125,1227.25,1255.050048828125,3600570000,-0.014914054108935981,-1.502638690477899
2011-12-13,1225.72998046875,1225.72998046875,1249.8599853515625,1219.4300537109375,1236.8299560546875,4121570000,-0.00868600976072853,-0.8723953020305214
2011-12-14,1211.8199462890625,1211.8199462890625,1225.72998046875,1209.469970703125,1225.72998046875,4298290000,-0.01134836742295231,-1.141325149713759
2011-12-15,1215.75,1215.75,1225.5999755859375,1212.1199951171875,1212.1199951171875,3810340000,0.0032431003656709922,0.3237852858081692
2011-12-16,1219.6600341796875,1219.6600341796875,1231.0400390625,1215.199951171875,1216.0899658203125,5345800000,0.0032161498496299235,0.3210989101900451
2011-12-19,1205.3499755859375,1205.3499755859375,1224.5699462890625,1202.3699951171875,1219.739990234375,3659820000,-0.011732825699560245,-1.180219845855773
2011-12-20,1241.300048828125,1241.300048828125,1242.8199462890625,1205.719970703125,1205.719970703125,4055590000,0.029825423296426123,2.938929593094407
2011-12-21,1243.719970703125,1243.719970703125,1245.0899658203125,1229.510009765625,1241.25,2959020000,0.0019495059855065833,0.1947608164854339
2011-12-22,1254.0,1254.0,1255.219970703125,1243.719970703125,1243.719970703125,3492250000,0.008265549753183832,0.8231577169829831
2011-12-23,1265.3299560546875,1265.3299560546875,1265.4200439453125,1254.0,1254.0,2233830000,0.009035052675189448,0.8994480783105518
2011-12-27,1265.4300537109375,1265.4300537109375,1269.3699951171875,1262.300048828125,1265.02001953125,2130590000,7.9107947907886e-05,0.007910481903918607
2011-12-28,1249.6400146484375,1249.6400146484375,1265.8499755859375,1248.6400146484375,1265.3800048828125,2349980000,-0.0124780022540123,-1.2556506256502387
2011-12-29,1263.02001953125,1263.02001953125,1263.5400390625,1249.75,1249.75,2278130000,0.01070708742195392,1.0650172463280614
2011-12-30,1257.5999755859375,1257.5999755859375,1264.1199951171875,1257.4599609375,1262.8199462890625,2271850000,-0.0042913365279230176,-0.4300570740064627
2012-01-03,1277.06005859375,1277.06005859375,1284.6199951171875,1258.8599853515625,1258.8599853515625,3943710000,0.015473984880403524,1.5355483670177896
2012-01-04,1277.300048828125,1277.300048828125,1278.72998046875,1268.0999755859375,1277.030029296875,3592580000,0.00018792399994027598,0.018790634443729307
2012-01-05,1281.06005859375,1281.06005859375,1283.050048828125,1265.260009765625,1277.300048828125,4315950000,0.002943716919978634,0.2939392669493865
2012-01-06,1277.81005859375,1277.81005859375,1281.8399658203125,1273.3399658203125,1280.9300537109375,3656830000,-0.002536961462655807,-0.2540185002539133
2012-01-09,1280.699951171875,1280.699951171875,1281.989990234375,1274.550048828125,1277.8299560546875,3371600000,0.0022615979258335805,0.22590443626086362
2012-01-10,1292.0799560546875,1292.0799560546875,1296.4599609375,1280.77001953125,1280.77001953125,4221960000,0.00888576974833133,0.88465236130604
2012-01-11,1292.47998046875,1292.47998046875,1293.800048828125,1285.4100341796875,1292.02001953125,3968120000,0.0003095972599744812,0.030954934463217332
2012-01-12,1295.5,1295.5,1296.8199462890625,1285.77001953125,1292.47998046875,4019890000,0.002336608362904613,0.23338827385691882
2012-01-13,1289.0899658203125,1289.0899658203125,1294.8199462890625,1277.5799560546875,1294.8199462890625,3692370000,-0.004947922948427275,-0.4960204447869401
2012-01-17,1293.6700439453125,1293.6700439453125,1303.0,1290.219970703125,1290.219970703125,4010490000,0.003552954600872571,0.3546657768174128
2012-01-18,1308.0400390625,1308.0400390625,1308.1099853515625,1290.989990234375,1293.6500244140625,4096160000,0.011107929092462498,1.104668913022228
2012-01-19,1314.5,1314.5,1315.489990234375,1308.0699462890625,1308.0699462890625,4465890000,0.004938656879440728,0.49265017172440156
2012-01-20,1315.3800048828125,1315.3800048828125,1315.3800048828125,1309.1700439453125,1314.489990234375,3912620000,0.0006694597815233294,0.06692357932856269
2012-01-23,1316.0,1316.0,1322.280029296875,1309.8900146484375,1315.2900390625,3770910000,0.00047134296924533636,0.047123192204085035
2012-01-24,1314.6500244140625,1314.6500244140625,1315.9599609375,1306.06005859375,1315.9599609375,3693560000,-0.00102581731454221,-0.10263438252235968
2012-01-25,1326.06005859375,1326.06005859375,1328.300048828125,1307.6500244140625,1314.4000244140625,4410910000,0.008679141952454561,0.8641694717196025
2012-01-26,1318.4300537109375,1318.4300537109375,1333.469970703125,1313.5999755859375,1326.280029296875,4522070000,-0.005753890884025226,-0.5770508287989055
2012-01-27,1316.3299560546875,1316.3299560546875,1320.06005859375,1311.719970703125,1318.25,4007380000,-0.0015928775670267514,-0.1594147545290945
2012-01-30,1313.010009765625,1313.010009765625,1316.1600341796875,1300.489990234375,1316.1600341796875,3659010000,-0.0025221231757218687,-0.25253090863453725
2012-01-31,1312.4100341796875,1312.4100341796875,1321.4100341796875,1306.68994140625,1313.530029296875,4235550000,-0.0004569466961219515,-0.045705112807793644
2012-02-01,1324.0899658203125,1324.0899658203125,1330.52001953125,1312.449951171875,1312.449951171875,4504360000,0.008899605562620927,0.8860237474265962
2012-02-02,1325.5400390625,1325.5400390625,1329.18994140625,1321.5699462890625,1324.239990234375,4120920000,0.0010951470667548424,0.10945478306671234
2012-02-03,1344.9000244140625,1344.9000244140625,1345.3399658203125,1326.2099609375,1326.2099609375,4608550000,0.014605356896842503,1.4499725948107647
2012-02-06,1344.3299560546875,1344.3299560546875,1344.3599853515625,1337.52001953125,1344.3199462890625,3379700000,-0.0004238741534883239,-0.042396401353111846
2012-02-07,1347.050048828125,1347.050048828125,1349.239990234375,1335.9200439453125,1344.3299560546875,3742460000,0.00202338180532724,0.20213375254701532
2012-02-08,1349.9599609375,1349.9599609375,1351.0,1341.949951171875,1347.0400390625,4096730000,0.0021602108339675574,0.21578809333250354
2012-02-09,1351.949951171875,1351.949951171875,1354.3199462890625,1344.6300048828125,1349.969970703125,4209890000,0.0014741105602813498,0.14730251258786603
2012-02-10,1342.6400146484375,1342.6400146484375,1351.2099609375,1337.3499755859375,1351.2099609375,3877580000,-0.006886302644093845,-0.6910122643616179
2012-02-13,1351.77001953125,1351.77001953125,1353.3499755859375,1343.06005859375,1343.06005859375,3618040000,0.006800039312997219,0.6777023326497382
2012-02-14,1350.5,1350.5,1351.300048828125,1340.8299560546875,1351.300048828125,3889520000,-0.0009395233752043097,-0.09399650039259268
2012-02-15,1343.22998046875,1343.22998046875,1355.8699951171875,1340.800048828125,1350.52001953125,4080340000,-0.0053832058728249255,-0.5397747536216692
2012-02-16,1358.0400390625,1358.0400390625,1359.02001953125,1341.219970703125,1342.6099853515625,4108880000,0.01102570580548079,1.09653658332769
2012-02-17,1361.22998046875,1361.22998046875,1363.4000244140625,1357.239990234375,1358.06005859375,3717640000,0.0023489303072772305,0.23461758829402962
2012-02-21,1362.2099609375,1362.2099609375,1367.760009765625,1358.1099853515625,1361.219970703125,3795200000,0.000719922777789872,0.07196637576957368
2012-02-22,1357.6600341796875,1357.6600341796875,1362.699951171875,1355.530029296875,1362.1099853515625,3633710000,-0.0033401068031253534,-0.33456974121455285
2012-02-23,1363.4599609375,1363.4599609375,1364.239990234375,1352.280029296875,1357.530029296875,3786450000,0.004272002277298181,0.426290318060624
2012-02-24,1365.739990234375,1365.739990234375,1368.9200439453125,1363.4599609375,1363.4599609375,3505360000,0.0016722378083675604,0.1670841175508428
2012-02-27,1367.5899658203125,1367.5899658203125,1371.93994140625,1354.9200439453125,1365.199951171875,3648890000,0.0013545591394890089,0.13536425518792067
2012-02-28,1372.1800537109375,1372.1800537109375,1373.0899658203125,1365.969970703125,1367.56005859375,3579120000,0.0033563334079245166,0.3350713492314775
2012-02-29,1365.6800537109375,1365.6800537109375,1378.0400390625,1363.81005859375,1372.199951171875,4482370000,-0.0047369876733168725,-0.47482427569533836
2012-03-01,1374.0899658203125,1374.0899658203125,1376.1700439453125,1365.9000244140625,1365.9000244140625,3919240000,0.006158039788692005,0.6139156544532941
2012-03-02,1369.6300048828125,1369.6300048828125,1374.530029296875,1366.4200439453125,1374.0899658203125,3283490000,-0.003245756135652589,-0.32510350278581207
2012-03-05,1364.3299560546875,1364.3299560546875,1369.5899658203125,1359.1300048828125,1369.5899658203125,3429480000,-0.003869693865664492,-0.38772005028211404
2012-03-06,1343.3599853515625,1343.3599853515625,1363.6300048828125,1340.030029296875,1363.6300048828125,4191060000,-0.015370160722531612,-1.5489506127544146
2012-03-07,1352.6300048828125,1352.6300048828125,1354.8499755859375,1343.3900146484375,1343.3900146484375,3580380000,0.0069006220464606915,0.6876921722994126
2012-03-08,1365.9100341796875,1365.9100341796875,1368.719970703125,1352.6500244140625,1352.6500244140625,3543060000,0.009817931917032618,0.9770049174722242
2012-03-09,1370.8699951171875,1370.8699951171875,1374.760009765625,1365.969970703125,1365.969970703125,3639470000,0.0036312500921620305,0.36246730207315236
2012-03-12,1371.0899658203125,1371.0899658203125,1373.0400390625,1366.68994140625,1370.780029296875,3081870000,0.00016046065922270536,0.016044778678812075
2012-03-13,1395.949951171875,1395.949951171875,1396.1300048828125,1371.9200439453125,1371.9200439453125,4386470000,0.018131549330308916,1.7969133090434228
2012-03-14,1394.280029296875,1394.280029296875,1399.4200439453125,1389.969970703125,1395.949951171875,4502280000,-0.0011962619960680376,-0.11969780885961415
2012-03-15,1402.5999755859375,1402.5999755859375,1402.6300048828125,1392.780029296875,1394.1700439453125,4271650000,0.005967198922915307,0.5949465701560221
2012-03-16,1404.1700439453125,1404.1700439453125,1405.8800048828125,1401.469970703125,1402.550048828125,5163950000,0.0011193985360786751,0.11187724767004655
2012-03-19,1409.75,1409.75,1414.0,1402.4300537109375,1404.1700439453125,3932570000,0.00397384638616094,0.39659715140711566
2012-03-20,1405.52001953125,1405.52001953125,1409.5899658203125,1397.6800537109375,1409.5899658203125,3695280000,-0.003000518154814724,-0.3005028734390367
2012-03-21,1402.8900146484375,1402.8900146484375,1407.75,1400.6400146484375,1405.52001953125,3573590000,-0.0018711970276237277,-0.18729499037742287
2012-03-22,1392.780029296875,1392.780029296875,1402.8900146484375,1388.72998046875,1402.8900146484375,3740590000,-0.0072065416718331,-0.7232634226897842
2012-03-23,1397.1099853515625,1397.1099853515625,1399.1800537109375,1386.8699951171875,1392.780029296875,3472950000,0.003108858515779689,0.31040360075561585
2012-03-26,1416.510009765625,1416.510009765625,1416.5799560546875,1397.1099853515625,1397.1099853515625,3576950000,0.013885824750712539,1.3790299964088288
2012-03-27,1412.52001953125,1412.52001953125,1419.1500244140625,1411.949951171875,1416.550048828125,3513640000,-0.0028167751776319028,-0.2820749754246321
2012-03-28,1405.5400390625,1405.5400390625,1413.6500244140625,1397.199951171875,1412.52001953125,3892800000,-0.00494150905632218,-0.49537586832890157
2012-03-29,1403.280029296875,1403.280029296875,1405.3900146484375,1391.56005859375,1405.3900146484375,3832000000,-0.001607929836799582,-0.16092239433873862
2012-03-30,1408.469970703125,1408.469970703125,1410.8900146484375,1401.4200439453125,1403.31005859375,3676890000,0.0036984360198231148,0.3691613621621361
2012-04-02,1419.0400390625,1419.0400390625,1422.3800048828125,1404.4599609375,1408.469970703125,3572010000,0.007504645877610239,0.7476626120982405
2012-04-03,1413.3800048828125,1413.3800048828125,1419.0,1404.6199951171875,1418.97998046875,3822090000,-0.003988635996082901,-0.3996611820141247
2012-04-04,1398.9599609375,1398.9599609375,1413.0899658203125,1394.0899658203125,1413.0899658203125,3938290000,-0.010202524371008104,-1.0254926852538038
2012-04-05,1398.0799560546875,1398.0799560546875,1401.5999755859375,1392.9200439453125,1398.7900390625,3303740000,-0.0006290422223540482,-0.0629240152421399
2012-04-09,1382.199951171875,1382.199951171875,1397.449951171875,1378.239990234375,1397.449951171875,3468980000,-0.011358438273891824,-1.1423437999542612
2012-04-10,1358.5899658203125,1358.5899658203125,1383.010009765625,1357.3800048828125,1382.1800537109375,4631730000,-0.017081454337735447,-1.7229025277185803
2012-04-11,1368.7099609375,1368.7099609375,1374.7099609375,1358.97998046875,1358.97998046875,3743040000,0.007448895819775148,0.7421289800123757
2012-04-12,1387.5699462890625,1387.5699462890625,1388.1300048828125,1368.77001953125,1368.77001953125,3618280000,0.013779387810288313,1.3685315235975748
2012-04-13,1370.260009765625,1370.260009765625,1387.6099853515625,1369.8499755859375,1387.6099853515625,3631160000,-0.012475001040294531,-1.255346712505612
2012-04-16,1369.5699462890625,1369.5699462890625,1379.6600341796875,1365.3800048828125,1370.27001953125,3574780000,-0.000503600390907244,-0.050372724017345265
2012-04-17,1390.780029296875,1390.780029296875,1392.760009765625,1369.5699462890625,1369.5699462890625,3456200000,0.015486673802446171,1.5367979157954645
2012-04-18,1385.1400146484375,1385.1400146484375,1390.780029296875,1383.2900390625,1390.780029296875,3463140000,-0.004055288780130728,-0.4063533761746023
2012-04-19,1376.9200439453125,1376.9200439453125,1390.4599609375,1370.300048828125,1385.0799560546875,4180020000,-0.005934396967956612,-0.5952075477202332
2012-04-20,1378.530029296875,1378.530029296875,1387.4000244140625,1376.9599609375,1376.9599609375,3833320000,0.0011692656800530443,0.11685826213373295
2012-04-23,1366.93994140625,1366.93994140625,1378.530029296875,1358.7900390625,1378.530029296875,3654860000,-0.008407570124922548,-0.8443113102887432
2012-04-24,1371.969970703125,1371.969970703125,1375.5699462890625,1366.8199462890625,1366.969970703125,3617100000,0.003679773444691614,0.3673019641628904
2012-04-25,1390.68994140625,1390.68994140625,1391.3699951171875,1372.1099853515625,1372.1099853515625,3998430000,0.013644592157896263,1.3552342898741399
2012-04-26,1399.97998046875,1399.97998046875,1402.0899658203125,1387.280029296875,1390.6400146484375,4034700000,0.006680165568110796,0.6657952133507797
2012-04-27,1403.3599853515625,1403.3599853515625,1406.6400146484375,1397.31005859375,1400.18994140625,3645830000,0.002414323726029899,0.24114139290230932
2012-04-30,1397.9100341796875,1397.9100341796875,1403.260009765625,1394.0,1403.260009765625,3574010000,-0.0038835019016946193,-0.38910622753696145
2012-05-01,1405.8199462890625,1405.8199462890625,1415.3199462890625,1395.72998046875,1397.8599853515625,3807950000,0.005658384242170911,0.5642435719684133
2012-05-02,1402.31005859375,1402.31005859375,1405.5,1393.9200439453125,1405.5,3803860000,-0.002496683664631072,-0.24998055766587626
2012-05-03,1391.5699462890625,1391.5699462890625,1403.0699462890625,1388.7099609375,1402.3199462890625,4004910000,-0.0076588713308223255,-0.7688351103506842
2012-05-04,1369.0999755859375,1369.0999755859375,1391.510009765625,1367.9599609375,1391.510009765625,3975140000,-0.016147208958519288,-1.6278995721590046
2012-05-07,1369.5799560546875,1369.5799560546875,1373.9100341796875,1363.93994140625,1368.7900390625,3559390000,0.00035058102206497743,0.035051958289764595
2012-05-08,1363.719970703125,1363.719970703125,1369.1600341796875,1347.75,1369.1600341796875,4261670000,-0.004278673417828949,-0.4287853134969311
2012-05-09,1354.5799560546875,1354.5799560546875,1363.72998046875,1343.1300048828125,1363.199951171875,4288540000,-0.006702266480503982,-0.672482753178195
2012-05-10,1357.989990234375,1357.989990234375,1365.8800048828125,1354.5799560546875,1354.5799560546875,3727990000,0.002517410777005402,0.25142474063852527
2012-05-11,1353.3900146484375,1353.3900146484375,1365.6600341796875,1348.8900146484375,1358.1099853515625,3869070000,-0.0033873413051768164,-0.3393091334281743
2012-05-14,1338.3499755859375,1338.3499755859375,1351.9300537109375,1336.6099853515625,1351.9300537109375,3688120000,-0.01111286391927968,-1.1175073102338486
2012-05-15,1330.6600341796875,1330.6600341796875,1344.93994140625,1328.4100341796875,1338.3599853515625,4114040000,-0.005745837446504476,-0.5762408276502476
2012-05-16,1324.800048828125,1324.800048828125,1341.780029296875,1324.7900390625,1330.780029296875,4280420000,-0.004403818556987793,-0.44135439289479245
2012-05-17,1304.8599853515625,1304.8599853515625,1326.3599853515625,1304.8599853515625,1324.8199462890625,4664280000,-0.015051375861739213,-1.5165797405604462
2012-05-18,1295.219970703125,1295.219970703125,1312.239990234375,1291.97998046875,1305.050048828125,4512470000,-0.007387777046316768,-0.7415201826754865
2012-05-21,1315.989990234375,1315.989990234375,1316.3900146484375,1295.72998046875,1295.72998046875,3786750000,0.016035901237667627,1.5908684395839308
2012-05-22,1316.6300048828125,1316.6300048828125,1328.489990234375,1310.0400390625,1316.0899658203125,4123680000,0.0004863370186602989,0.048621879514186846
2012-05-23,1318.8599853515625,1318.8599853515625,1320.7099609375,1296.530029296875,1316.02001953125,4108330000,0.0016937032123527374,0.1692270514548765
2012-05-24,1320.6800537109375,1320.6800537109375,1324.1400146484375,1310.5,1318.719970703125,3937670000,0.001380031526917458,0.13790801585880885
2012-05-25,1317.8199462890625,1317.8199462890625,1324.199951171875,1314.22998046875,1320.81005859375,2872660000,-0.002165632329979128,-0.2167980702760717
2012-05-29,1332.4200439453125,1332.4200439453125,1334.9300537109375,1318.9000244140625,1318.9000244140625,3441640000,0.011078977592776207,1.101805527882847
2012-05-30,1313.3199462890625,1313.3199462890625,1331.25,1310.760009765625,1331.25,3534290000,-0.014334892170861036,-1.4438629304797284
2012-05-31,1310.3299560546875,1310.3299560546875,1319.739990234375,1298.9000244140625,1313.0899658203125,4557620000,-0.0022766655169013106,-0.22792610600432575
2012-06-01,1278.0400390625,1278.0400390625,1309.8699951171875,1277.25,1309.8699951171875,4669350000,-0.024642584749729912,-2.4951295414361523
2012-06-04,1278.1800537109375,1278.1800537109375,1282.550048828125,1266.739990234375,1278.2900390625,4011960000,0.00010955419561042845,0.010954819498779878
2012-06-05,1285.5,1285.5,1287.6199951171875,1274.1600341796875,1277.8199462890625,3403230000,0.005726850663809513,0.5710514594359025
2012-06-06,1315.1300048828125,1315.1300048828125,1315.1300048828125,1285.6099853515625,1285.6099853515625,4268360000,0.023049400920118535,2.2787776048048256
2012-06-07,1314.989990234375,1314.989990234375,1329.050048828125,1312.6800537109375,1316.1500244140625,4258140000,-0.00010646449242102118,-0.010647016016737381
2012-06-08,1325.6600341796875,1325.6600341796875,1325.81005859375,1307.77001953125,1314.989990234375,3497190000,0.008114163624478143,0.8081420799989608
2012-06-11,1308.9300537109375,1308.9300537109375,1335.52001953125,1307.72998046875,1325.719970703125,3537530000,-0.012620113782869202,-1.2700423815401067
2012-06-12,1324.1800537109375,1324.1800537109375,1324.31005859375,1306.6199951171875,1309.4000244140625,3442920000,0.011650737147309576,1.1583389901239802
2012-06-13,1314.8800048828125,1314.8800048828125,1327.280029296875,1310.510009765625,1324.02001953125,3506510000,-0.007023250955987548,-0.7048030071104174
2012-06-14,1329.0999755859375,1329.0999755859375,1333.6800537109375,1314.1400146484375,1314.8800048828125,3687720000,0.010814652782245693,1.0756592649869776
2012-06-15,1342.8399658203125,1342.8399658203125,1343.3199462890625,1329.18994140625,1329.18994140625,4401570000,0.010337815429059649,1.0284745652146794
2012-06-18,1344.780029296875,1344.780029296875,1348.219970703125,1334.4599609375,1342.4200439453125,3259430000,0.0014447466011910937,0.1443703958935358
2012-06-19,1357.97998046875,1357.97998046875,1363.4599609375,1344.8299560546875,1344.8299560546875,3815350000,0.009815695418065262,0.9767834417612747
2012-06-20,1355.68994140625,1355.68994140625,1361.5699462890625,1346.449951171875,1358.0400390625,3695700000,-0.0016863570122068738,-0.1687780512771723
2012-06-21,1325.510009765625,1325.510009765625,1358.27001953125,1324.4100341796875,1355.4300537109375,4094470000,-0.022261677039013494,-2.2513208183375855
2012-06-22,1335.02001953125,1335.02001953125,1337.8199462890625,1325.9200439453125,1325.9200439453125,5271490000,0.007174604262178752,0.7148989234504349
2012-06-25,1313.719970703125,1313.719970703125,1334.9000244140625,1309.27001953125,1334.9000244140625,3501820000,-0.015954853497705423,-1.6083502390603004
2012-06-26,1319.989990234375,1319.989990234375,1324.239990234375,1310.300048828125,1314.0899658203125,3412940000,0.004772721486371312,0.47613681610202147
2012-06-27,1331.8499755859375,1331.8499755859375,1334.4000244140625,1320.7099609375,1320.7099609375,3286910000,0.008984905521485453,0.894478141961743
2012-06-28,1329.0400390625,1329.0400390625,1331.52001953125,1313.2900390625,1331.52001953125,3969370000,-0.002109799583246086,-0.21120283457667527
2012-06-29,1362.1600341796875,1362.1600341796875,1362.1700439453125,1330.1199951171875,1330.1199951171875,4590480000,0.02492023877666627,2.4614793734920246
2012-07-02,1365.510009765625,1365.510009765625,1366.3499755859375,1355.699951171875,1362.3299560546875,3301650000,0.0024593113157624913,0.2456292158706836
2012-07-03,1374.02001953125,1374.02001953125,1374.81005859375,1363.530029296875,1365.75,2116390000,0.0062321108631679945,0.6212771568424255
2012-07-05,1367.5799560546875,1367.5799560546875,1373.8499755859375,1363.02001953125,1373.719970703125,3041520000,-0.0046870230309741245,-0.46980415663211994
2012-07-06,1354.6800537109375,1354.6800537109375,1367.0899658203125,1348.030029296875,1367.0899658203125,2745140000,-0.00943264946713962,-0.947741865558198
2012-07-09,1352.4599609375,1352.4599609375,1354.8699951171875,1346.6500244140625,1354.6600341796875,2904860000,-0.0016388318166757898,-0.164017617051813
2012-07-10,1341.469970703125,1341.469970703125,1361.5400390625,1336.27001953125,1352.9599609375,3470600000,-0.008125926498228409,-0.815912178959069
2012-07-11,1341.449951171875,1341.449951171875,1345.0,1333.25,1341.4000244140625,3426290000,-1.4923577632885987e-05,-0.0014923688990578575
2012-07-12,1334.760009765625,1334.760009765625,1341.2900390625,1325.4100341796875,1341.2900390625,3654440000,-0.004987097282612596,-0.4999574352459078
2012-07-13,1356.780029296875,1356.780029296875,1357.699951171875,1334.81005859375,1334.81005859375,3212930000,0.01649736234989274,1.6362759247573275
2012-07-16,1353.6400146484375,1353.6400146484375,1357.260009765625,1348.510009765625,1356.5,2862720000,-0.002314313728559836,-0.23169958916205513
2012-07-17,1363.6700439453125,1363.6700439453125,1365.3599853515625,1345.0699462890625,1353.6800537109375,3566680000,0.007409672577889825,0.738235580991176
2012-07-18,1372.780029296875,1372.780029296875,1375.260009765625,1358.9599609375,1363.5799560546875,3642630000,0.006680490923747229,0.6658275330085007
2012-07-19,1376.510009765625,1376.510009765625,1380.3900146484375,1371.2099609375,1373.010009765625,4043360000,0.002717099891568653,0.2713415248511383
2012-07-20,1362.6600341796875,1362.6600341796875,1376.510009765625,1362.18994140625,1376.510009765625,3925020000,-0.010061659913606968,-1.0112620534169032
2012-07-23,1350.52001953125,1350.52001953125,1362.3399658203125,1337.56005859375,1362.3399658203125,3717180000,-0.00890905606969361,-0.8948979003707246
2012-07-24,1338.31005859375,1338.31005859375,1351.530029296875,1329.239990234375,1350.52001953125,3891290000,-0.009040932945028057,-0.9082050192424119
2012-07-25,1337.8900146484375,1337.8900146484375,1343.97998046875,1331.5,1338.3499755859375,3719170000,-0.000313861457302278,-0.031391072211795545
2012-07-26,1360.02001953125,1360.02001953125,1363.1300048828125,1338.1700439453125,1338.1700439453125,4429300000,0.016540974699349675,1.6405662864951118
2012-07-27,1385.969970703125,1385.969970703125,1389.18994140625,1360.050048828125,1360.050048828125,4399010000,0.01908056557933535,1.8900814490450273
2012-07-30,1385.300048828125,1385.300048828125,1391.739990234375,1381.3699951171875,1385.93994140625,3212060000,-0.0004833595887074882,-0.048347644461061726
2012-07-31,1379.3199462890625,1379.3199462890625,1387.1600341796875,1379.1700439453125,1385.27001953125,3821570000,-0.0043168283608459035,-0.4326172766220222
2012-08-01,1375.3199462890625,1375.3199462890625,1385.030029296875,1373.3499755859375,1379.3199462890625,4440920000,-0.0028999798130677767,-0.29041929017454254
2012-08-02,1365.0,1365.0,1375.1300048828125,1354.6500244140625,1375.1300048828125,4193740000,-0.0075036694675360005,-0.7531963624136045
2012-08-03,1390.989990234375,1390.989990234375,1394.1600341796875,1365.449951171875,1365.449951171875,3751170000,0.01904028588598905,1.8861288185302485
2012-08-06,1394.22998046875,1394.22998046875,1399.6300048828125,1391.0400390625,1391.0400390625,3122050000,0.0023292692665812798,0.2326560724057678
2012-08-07,1401.3499755859375,1401.3499755859375,1407.1400146484375,1394.4599609375,1394.4599609375,3682490000,0.005106758007594747,0.5093762742592908
2012-08-08,1402.219970703125,1402.219970703125,1404.1400146484375,1396.1300048828125,1401.22998046875,3221790000,0.0006208264404641284,0.062063380745319294
2012-08-09,1402.800048828125,1402.800048828125,1405.949951171875,1398.800048828125,1402.260009765625,3119610000,0.0004136855394443195,0.041359999517301904
2012-08-10,1405.8699951171875,1405.8699951171875,1405.97998046875,1395.6199951171875,1402.5799560546875,2767980000,0.002188441817939202,0.21860506671047944
2012-08-13,1404.1099853515625,1404.1099853515625,1405.8699951171875,1397.3199462890625,1405.8699951171875,2499990000,-0.0012519007957618733,-0.12526850781939547
2012-08-14,1403.9300537109375,1403.9300537109375,1410.030029296875,1400.5999755859375,1404.3599853515625,2930900000,-0.00012814640056846294,-0.012815461201997174
2012-08-15,1405.530029296875,1405.530029296875,1407.72998046875,1401.8299560546875,1403.8900146484375,2655750000,0.0011396405267545262,0.11389916294490678
2012-08-16,1415.510009765625,1415.510009765625,1417.43994140625,1404.1500244140625,1405.5699462890625,3114100000,0.007100510313353237,0.7075420387505466
2012-08-17,1418.1600341796875,1418.1600341796875,1418.7099609375,1414.6700439453125,1415.8399658203125,2922990000,0.0018721339981915275,0.18703837394767023
2012-08-20,1418.1300048828125,1418.1300048828125,1418.1300048828125,1412.1199951171875,1417.8499755859375,2766320000,-2.1174829462955458e-05,-0.0021175053652821643
2012-08-21,1413.1700439453125,1413.1700439453125,1426.6800537109375,1410.8599853515625,1418.1300048828125,3282950000,-0.003497536135912971,-0.3503666814444632
2012-08-22,1413.489990234375,1413.489990234375,1416.1199951171875,1406.780029296875,1413.0899658203125,3062690000,0.0002264032488046297,0.022637762345679675
2012-08-23,1402.0799560546875,1402.0799560546875,1413.489990234375,1400.5,1413.489990234375,3008240000,-0.008072242646582573,-0.8104999597722565
2012-08-24,1411.1300048828125,1411.1300048828125,1413.4599609375,1398.0400390625,1401.989990234375,2598790000,0.006454730908207917,0.6433988343262266
2012-08-27,1410.43994140625,1410.43994140625,1416.1700439453125,1409.1099853515625,1411.1300048828125,2472500000,-0.0004890148137838279,-0.04891344205224454
2012-08-28,1409.300048828125,1409.300048828125,1413.6300048828125,1405.5899658203125,1410.43994140625,2629090000,-0.0008081822874276279,-0.08085090427962799
2012-08-29,1410.489990234375,1410.489990234375,1413.949951171875,1406.5699462890625,1409.3199462890625,2571220000,0.0008443492265819419,0.08439929642994781
2012-08-30,1399.47998046875,1399.47998046875,1410.0799560546875,1397.010009765625,1410.0799560546875,2530280000,-0.00780580496271055,-0.7836429729673381
2012-08-31,1406.5799560546875,1406.5799560546875,1413.0899658203125,1398.9599609375,1400.0699462890625,2938250000,0.0050732955705157234,0.5060469767645165
2012-09-04,1404.93994140625,1404.93994140625,1409.31005859375,1396.56005859375,1406.5400390625,3200310000,-0.0011659590635981765,-0.11666393226880797
2012-09-05,1403.43994140625,1403.43994140625,1408.81005859375,1401.25,1404.93994140625,3389110000,-0.0010676612969652277,-0.10682316532888013
2012-09-06,1432.1199951171875,1432.1199951171875,1432.1199951171875,1403.739990234375,1403.739990234375,3952870000,0.020435540463669577,2.022953661200689
2012-09-07,1437.9200439453125,1437.9200439453125,1437.9200439453125,1431.449951171875,1432.1199951171875,3717620000,0.0040499740579702515,0.40417949889430294
2012-09-10,1429.0799560546875,1429.0799560546875,1438.739990234375,1428.97998046875,1437.9200439453125,3223670000,-0.006147829935223559,-0.6166805654652836
2012-09-11,1433.56005859375,1433.56005859375,1437.760009765625,1429.1300048828125,1429.1300048828125,3509630000,0.0031349558295050706,0.3130052101452872
2012-09-12,1436.56005859375,1436.56005859375,1439.1500244140625,1432.989990234375,1433.56005859375,3641200000,0.002092692232889659,0.2090505602596938
2012-09-13,1459.989990234375,1459.989990234375,1463.760009765625,1435.3399658203125,1436.56005859375,4606550000,0.01630974737217783,1.617817215384428
2012-09-14,1465.77001953125,1465.77001953125,1474.510009765625,1460.0699462890625,1460.0699462890625,5041990000,0.003958951318527193,0.3951135292808127
2012-09-17,1461.18994140625,1461.18994140625,1465.6300048828125,1457.550048828125,1465.4200439453125,3482430000,-0.003124690820504483,-0.31295828602655196
2012-09-18,1459.3199462890625,1459.3199462890625,1461.469970703125,1456.1300048828125,1461.18994140625,3377390000,-0.0012797755200721905,-0.1280595132117327
2012-09-19,1461.050048828125,1461.050048828125,1465.1500244140625,1457.8800048828125,1459.5,3451360000,0.001185553958514829,0.11848517443742584
2012-09-20,1460.260009765625,1460.260009765625,1461.22998046875,1449.97998046875,1461.050048828125,3382520000,-0.0005407337436069692,-0.054087999282133994
2012-09-21,1460.1500244140625,1460.1500244140625,1467.0699462890625,1459.510009765625,1460.3399658203125,4833870000,-7.531901909729743e-05,-0.007532185571705149
2012-09-24,1456.8900146484375,1456.8900146484375,1460.719970703125,1452.06005859375,1459.760009765625,3008920000,-0.002232653981520283,-0.2235150069379947
2012-09-25,1441.5899658203125,1441.5899658203125,1463.239990234375,1441.5899658203125,1456.93994140625,3739900000,-0.0105018557847808,-1.0557389418567713
2012-09-26,1433.3199462890625,1433.3199462890625,1441.5999755859375,1430.530029296875,1441.5999755859375,3565380000,-0.0057367349435899495,-0.5753253211740956
2012-09-27,1447.1500244140625,1447.1500244140625,1450.199951171875,1433.3599853515625,1433.3599853515625,3150330000,0.009648981834660786,0.9602727708234702
2012-09-28,1440.6700439453125,1440.6700439453125,1447.1300048828125,1435.5999755859375,1447.1300048828125,3509230000,-0.004477753072888002,-0.4487808236766832
2012-10-01,1444.489990234375,1444.489990234375,1457.1400146484375,1440.9000244140625,1440.9000244140625,3505080000,0.002651506710448004,0.2647997667994667
2012-10-02,1445.75,1445.75,1451.52001953125,1439.010009765625,1444.989990234375,3321790000,0.0008722869484341089,0.08719067272658147
2012-10-03,1450.989990234375,1450.989990234375,1454.300048828125,1441.989990234375,1446.050048828125,3531640000,0.0036244096381636837,0.3617857293033645
2012-10-04,1461.4000244140625,1461.4000244140625,1463.1400146484375,1451.0799560546875,1451.0799560546875,3615860000,0.007174435557619541,0.7148821731697362
2012-10-05,1460.9300537109375,1460.9300537109375,1470.9599609375,1456.8900146484375,1461.4000244140625,3172940000,-0.00032158936312698394,-0.03216410840751239
2012-10-08,1455.8800048828125,1455.8800048828125,1460.9300537109375,1453.0999755859375,1460.9300537109375,2328720000,-0.0034567355331607263,-0.3462723847428905
2012-10-09,1441.47998046875,1441.47998046875,1455.9000244140625,1441.1800537109375,1455.9000244140625,3216320000,-0.00989094181235195,-0.9940182135141966
2012-10-10,1432.56005859375,1432.56005859375,1442.52001953125,1430.6400146484375,1441.47998046875,3225060000,-0.006188030354815854,-0.6207255566481142
2012-10-11,1432.8399658203125,1432.8399658203125,1443.9000244140625,1432.8199462890625,1432.8199462890625,3672540000,0.00019538952303133073,0.019537043698457743
2012-10-12,1428.5899658203125,1428.5899658203125,1438.4300537109375,1425.530029296875,1432.8399658203125,3134750000,-0.0029661372528556607,-0.2970544956016541
2012-10-15,1440.1300048828125,1440.1300048828125,1441.31005859375,1427.239990234375,1428.75,3483810000,0.008077922524027725,0.8045470752666933
2012-10-16,1454.9200439453125,1454.9200439453125,1455.510009765625,1440.31005859375,1440.31005859375,3568770000,0.010269933278491461,1.0217555817170516
2012-10-17,1460.9100341796875,1460.9100341796875,1462.199951171875,1453.3499755859375,1454.219970703125,3655320000,0.004117058019306619,0.4108606125954804
2012-10-18,1457.3399658203125,1457.3399658203125,1464.02001953125,1452.6300048828125,1460.93994140625,3880030000,-0.0024437290975140025,-0.24467198768949572
2012-10-19,1433.18994140625,1433.18994140625,1457.3399658203125,1429.8499755859375,1457.3399658203125,3875170000,-0.016571304555192734,-1.671014460003599
2012-10-22,1433.8199462890625,1433.8199462890625,1435.4599609375,1422.06005859375,1433.2099609375,3216220000,0.00043958226653084687,0.04394856785508615
2012-10-23,1413.1099853515625,1413.1099853515625,1433.739990234375,1407.56005859375,1433.739990234375,3587670000,-0.01444390628760639,-1.454923497073801
2012-10-24,1408.75,1408.75,1420.0400390625,1407.0999755859375,1413.199951171875,3385970000,-0.0030853828766044256,-0.30901524835878325
2012-10-25,1412.969970703125,1412.969970703125,1421.1199951171875,1405.1400146484375,1409.739990234375,3512640000,0.002995542646406335,0.2991064948394708
2012-10-26,1411.93994140625,1411.93994140625,1417.0899658203125,1403.280029296875,1412.969970703125,3284910000,-0.0007289817322603254,-0.07292475686444065
2012-10-31,1412.1600341796875,1412.1600341796875,1418.760009765625,1405.949951171875,1410.989990234375,3577110000,0.00015587969925845435,0.015586755128053293
2012-11-01,1427.5899658203125,1427.5899658203125,1428.3499755859375,1412.199951171875,1412.199951171875,3929890000,0.010926475234507071,1.0867212600985972
2012-11-02,1414.199951171875,1414.199951171875,1434.27001953125,1412.9100341796875,1427.5899658203125,3732480000,-0.009379454163327194,-0.9423718242892513
2012-11-05,1417.260009765625,1417.260009765625,1419.9000244140625,1408.1300048828125,1414.02001953125,2921040000,0.002163809008205897,0.21614713450575923
2012-11-06,1428.3900146484375,1428.3900146484375,1433.3800048828125,1417.260009765625,1417.260009765625,3306970000,0.007853184882181896,0.7822509122727109
2012-11-07,1394.530029296875,1394.530029296875,1428.27001953125,1388.1400146484375,1428.27001953125,4356490000,-0.023705000038029778,-2.3990484179204747
2012-11-08,1377.510009765625,1377.510009765625,1401.22998046875,1377.510009765625,1394.530029296875,3779520000,-0.01220484261628385,-1.22799333135091
2012-11-09,1379.8499755859375,1379.8499755859375,1391.3900146484375,1373.030029296875,1377.550048828125,3647350000,0.001698692425988746,0.16972512798215902
2012-11-12,1380.030029296875,1380.030029296875,1384.8699951171875,1377.18994140625,1379.8599853515625,2567540000,0.00013048788935265954,0.013047937654856286
2012-11-13,1374.530029296875,1374.530029296875,1388.81005859375,1371.3900146484375,1380.030029296875,3455550000,-0.0039854205221913075,-0.3993383474745327
2012-11-14,1355.489990234375,1355.489990234375,1380.1300048828125,1352.5,1374.6400146484375,4109510000,-0.013852035718884714,-1.3948870444327603
2012-11-15,1353.3299560546875,1353.3299560546875,1360.6199951171875,1348.050048828125,1355.4100341796875,3928870000,-0.0015935449138314572,-0.15948159570167258
2012-11-16,1359.8800048828125,1359.8800048828125,1362.030029296875,1343.3499755859375,1353.3599853515625,4045910000,0.00483994963594836,0.4828274735175702
2012-11-19,1386.8900146484375,1386.8900146484375,1386.8900146484375,1359.8800048828125,1359.8800048828125,3374800000,0.019862053761098286,1.966737673954756
2012-11-20,1387.81005859375,1387.81005859375,1389.77001953125,1377.0400390625,1386.8199462890625,3207160000,0.0006633863793055195,0.06631664358276915
2012-11-21,1391.030029296875,1391.030029296875,1391.25,1386.3900146484375,1387.7900390625,2667090000,0.002320181125065268,0.2317493660971613
2012-11-23,1409.1500244140625,1409.1500244140625,1409.1600341796875,1391.030029296875,1391.030029296875,1504960000,0.013026314842639719,1.294220206896831
2012-11-26,1406.2900390625,1406.2900390625,1409.1500244140625,1397.6800537109375,1409.1500244140625,2948960000,-0.0020295818770267315,-0.20316442693263445
2012-11-27,1398.93994140625,1398.93994140625,1409.010009765625,1398.030029296875,1406.2900390625,3323120000,-0.0052265872985560735,-0.5240293685227754
2012-11-28,1409.9300537109375,1409.9300537109375,1410.31005859375,1385.4300537109375,1398.77001953125,3359250000,0.007856028682432292,0.7825330760125263
2012-11-29,1415.949951171875,1415.949951171875,1419.699951171875,1409.0400390625,1409.9599609375,3356850000,0.004269642628790704,0.4260553566881813
2012-11-30,1416.1800537109375,1416.1800537109375,1418.8599853515625,1411.6300048828125,1415.949951171875,3966000000,0.00016250753698754394,0.01624943340681183
2012-12-03,1409.4599609375,1409.4599609375,1423.72998046875,1408.4599609375,1416.3399658203125,3074280000,-0.004745224843287543,-0.4756519166260062
2012-12-04,1407.050048828125,1407.050048828125,1413.1400146484375,1403.6500244140625,1409.4599609375,3247710000,-0.0017098123935156417,-0.1711275791054211
2012-12-05,1409.280029296875,1409.280029296875,1415.56005859375,1398.22998046875,1407.050048828125,4253920000,0.0015848622233496368,0.1583607654586976
2012-12-06,1413.93994140625,1413.93994140625,1413.949951171875,1405.9300537109375,1409.4300537109375,3229700000,0.0033065906083264984,0.3301135858709377
2012-12-07,1418.0699462890625,1418.0699462890625,1420.3399658203125,1410.9000244140625,1413.949951171875,3125160000,0.0029209195962771606,0.2916661999350491
2012-12-10,1418.550048828125,1418.550048828125,1421.6400146484375,1415.6400146484375,1418.0699462890625,2999430000,0.0003385605486661003,0.03385032499758963
2012-12-11,1427.8399658203125,1427.8399658203125,1434.27001953125,1418.550048828125,1418.550048828125,3650230000,0.0065488820784729285,0.6527531315292976
2012-12-12,1428.47998046875,1428.47998046875,1438.5899658203125,1426.760009765625,1427.8399658203125,3709050000,0.0004482397633895907,0.044813933395670504
2012-12-13,1419.449951171875,1419.449951171875,1431.3599853515625,1416.0,1428.47998046875,3349960000,-0.0063214251654488685,-0.6341489977008348
2012-12-14,1413.5799560546875,1413.5799560546875,1419.449951171875,1411.8800048828125,1419.449951171875,3210170000,-0.004135401260425775,-0.4143975679491531
2012-12-17,1430.3599853515625,1430.3599853515625,1430.6700439453125,1413.5400390625,1413.5400390625,3455610000,0.011870590853387819,1.1800688037811027
2012-12-18,1446.7900390625,1446.7900390625,1448.0,1430.469970703125,1430.469970703125,4302240000,0.011486656421599406,1.1421185666775555
2012-12-19,1435.81005859375,1435.81005859375,1447.75,1435.800048828125,1446.7900390625,3869800000,-0.007589201039747917,-0.7618145562821222
2012-12-20,1443.68994140625,1443.68994140625,1443.699951171875,1432.8199462890625,1435.81005859375,3686580000,0.00548810949285139,0.5473104693568626
2012-12-21,1430.1500244140625,1430.1500244140625,1443.6700439453125,1422.5799560546875,1443.6700439453125,5229160000,-0.009378687628036508,-0.9422944450144789
2012-12-24,1426.6600341796875,1426.6600341796875,1430.1500244140625,1424.6600341796875,1430.1500244140625,1248960000,-0.002440296594621194,-0.24432789712663985
2012-12-26,1419.8299560546875,1419.8299560546875,1429.4200439453125,1416.4300537109375,1426.6600341796875,2285030000,-0.00478746019469678,-0.47989567899257196
2012-12-27,1418.0999755859375,1418.0999755859375,1422.800048828125,1401.800048828125,1419.8299560546875,2830180000,-0.001218442012279497,-0.12191849162664065
2012-12-28,1402.4300537109375,1402.4300537109375,1418.0999755859375,1401.5799560546875,1418.0999755859375,2426680000,-0.011049941573072375,-1.1111445674961484
2012-12-31,1426.18994140625,1426.18994140625,1426.739990234375,1398.1099853515625,1402.4300537109375,3204330000,0.016941941334216226,1.680002726988578
2013-01-02,1462.4200439453125,1462.4200439453125,1462.4300537109375,1426.18994140625,1426.18994140625,4202600000,0.025403420320955883,2.5086115958697297
2013-01-03,1459.3699951171875,1459.3699951171875,1465.469970703125,1455.530029296875,1462.4200439453125,3829730000,-0.0020856174946130013,-0.20877954235245738
2013-01-04,1466.469970703125,1466.469970703125,1467.93994140625,1458.989990234375,1459.3699951171875,3424290000,0.004865096315322948,0.48532999789810666
2013-01-07,1461.8900146484375,1461.8900146484375,1466.469970703125,1456.6199951171875,1466.469970703125,3304970000,-0.0031231161538831653,-0.3128003259122683
2013-01-08,1457.1500244140625,1457.1500244140625,1461.8900146484375,1451.6400146484375,1461.8900146484375,3601600000,-0.003242371304872038,-0.32476391807331084
2013-01-09,1461.02001953125,1461.02001953125,1464.72998046875,1457.1500244140625,1457.1500244140625,3674390000,0.002655865938542279,0.265234535868163
2013-01-10,1472.1199951171875,1472.1199951171875,1472.300048828125,1461.02001953125,1461.02001953125,4081840000,0.007597415119266371,0.756870010921085
2013-01-11,1472.050048828125,1472.050048828125,1472.75,1467.5799560546875,1472.1199951171875,3340650000,-4.7513986152325494e-05,-0.0047515114977522335
2013-01-14,1470.6800537109375,1470.6800537109375,1472.050048828125,1465.68994140625,1472.050048828125,3003010000,-0.0009306715612543703,-0.09311049049197806
2013-01-15,1472.3399658203125,1472.3399658203125,1473.31005859375,1463.760009765625,1470.6700439453125,3135350000,0.0011286697641588184,0.11280332953043061
2013-01-16,1472.6300048828125,1472.6300048828125,1473.9599609375,1467.5999755859375,1472.3299560546875,3384080000,0.00019699191031485874,0.01969725099562613
2013-01-17,1480.93994140625,1480.93994140625,1485.1600341796875,1472.6300048828125,1472.6300048828125,3706710000,0.005642922184040833,0.5627060541354582
2013-01-18,1485.97998046875,1485.97998046875,1485.97998046875,1475.81005859375,1480.949951171875,3795740000,0.0034032703971196288,0.3397492378151099
2013-01-22,1492.56005859375,1492.56005859375,1492.56005859375,1481.1600341796875,1485.97998046875,3570950000,0.004428106846314561,0.44183316277115203
2013-01-23,1494.81005859375,1494.81005859375,1496.1300048828125,1489.9000244140625,1492.56005859375,3552010000,0.001507477027169024,0.1506341924293118
2013-01-24,1494.8199462890625,1494.8199462890625,1502.27001953125,1489.4599609375,1494.81005859375,3699430000,6.614683421224399e-06,0.000661466154430249
2013-01-25,1502.9599609375,1502.9599609375,1503.260009765625,1494.8199462890625,1494.8199462890625,3476290000,0.005445481690718124,0.5430708661868183
2013-01-28,1500.1800537109375,1500.1800537109375,1503.22998046875,1496.3299560546875,1502.9599609375,3388540000,-0.0018496216125600817,-0.18513342747921246
2013-01-29,1507.8399658203125,1507.8399658203125,1509.3499755859375,1498.0899658203125,1500.1800537109375,3949640000,0.005105995170664235,0.5093003781205059
2013-01-30,1501.9599609375,1501.9599609375,1509.93994140625,1500.1099853515625,1507.8399658203125,3726810000,-0.0038996213232838084,-0.3907244671751714
2013-01-31,1498.1099853515625,1498.1099853515625,1504.18994140625,1496.760009765625,1501.9599609375,3999880000,-0.0025633010773032927,-0.2566591958392015
2013-02-01,1513.1700439453125,1513.1700439453125,1514.4100341796875,1498.1099853515625,1498.1099853515625,3836320000,0.010052705569688847,1.0002513224009681
2013-02-04,1495.7099609375,1495.7099609375,1513.1700439453125,1495.02001953125,1513.1700439453125,3390000000,-0.011538744820964397,-1.16058327096515
2013-02-05,1511.2900390625,1511.2900390625,1514.9599609375,1495.7099609375,1495.7099609375,3618360000,0.010416510240551347,1.0362632222059642
2013-02-06,1512.1199951171875,1512.1199951171875,1512.530029296875,1504.7099609375,1511.2900390625,3611570000,0.0005491705981217621,0.05490198591339299
2013-02-07,1509.3900146484375,1509.3900146484375,1512.9000244140625,1498.489990234375,1512.1199951171875,3614580000,-0.0018053993582290984,-0.1807031055856767
2013-02-08,1517.9300537109375,1517.9300537109375,1518.31005859375,1509.3900146484375,1509.3900146484375,2986150000,0.005657940611518475,0.5641994585043149
2013-02-11,1517.010009765625,1517.010009765625,1518.31005859375,1513.6099853515625,1517.9300537109375,2684100000,-0.000606117484177382,-0.06063012476382776
2013-02-12,1519.4300537109375,1519.4300537109375,1522.2900390625,1515.6099853515625,1517.010009765625,3414370000,0.001595272232703504,0.15940011376042063
2013-02-13,1520.3299560546875,1520.3299560546875,1524.68994140625,1515.9300537109375,1519.4300537109375,3385880000,0.000592263093356804,0.059208777479065645
2013-02-14,1521.3800048828125,1521.3800048828125,1523.1400146484375,1514.02001953125,1520.3299560546875,3759740000,0.0006906716689645265,0.0690433265053607
2013-02-15,1519.7900390625,1519.7900390625,1524.239990234375,1514.1400146484375,1521.3800048828125,3838510000,-0.0010450813177572682,-0.10456277960136191
2013-02-19,1530.93994140625,1530.93994140625,1530.93994140625,1519.7900390625,1519.7900390625,3748910000,0.007336475471722448,0.7309694441361245
2013-02-20,1511.949951171875,1511.949951171875,1530.93994140625,1511.4100341796875,1530.93994140625,4240570000,-0.012404137955230099,-1.2481711430005844
2013-02-21,1502.4200439453125,1502.4200439453125,1511.949951171875,1497.2900390625,1511.949951171875,4274600000,-0.006303057332801343,-0.632300546566533
2013-02-22,1515.5999755859375,1515.5999755859375,1515.6400146484375,1502.4200439453125,1502.4200439453125,3419320000,0.008772467921830174,0.8734213386774423
2013-02-25,1487.8499755859375,1487.8499755859375,1525.8399658203125,1487.8499755859375,1515.5999755859375,4011050000,-0.018309580659152336,-1.8479275584774388
2013-02-26,1496.93994140625,1496.93994140625,1498.989990234375,1485.010009765625,1487.8499755859375,3975280000,0.006109463971145868,0.6090876862567387
2013-02-27,1515.989990234375,1515.989990234375,1520.0799560546875,1494.8800048828125,1496.93994140625,3551850000,0.012725994077109837,1.2645699119019573
2013-02-28,1514.6800537109375,1514.6800537109375,1525.3399658203125,1514.4599609375,1515.989990234375,3912320000,-0.0008640799292052304,-0.08644534614572404
2013-03-01,1518.199951171875,1518.199951171875,1519.989990234375,1501.47998046875,1514.6800537109375,3695610000,0.002323855425648391,0.23211594495267213
2013-03-04,1525.199951171875,1525.199951171875,1525.27001953125,1512.2900390625,1518.199951171875,3414430000,0.00461072337316093,0.46001265483496306
2013-03-05,1539.7900390625,1539.7900390625,1543.469970703125,1525.199951171875,1525.199951171875,3610690000,0.00956601649469957,0.9520551872499975
2013-03-06,1541.4599609375,1541.4599609375,1545.25,1538.1099853515625,1539.7900390625,3676890000,0.001084512714484509,0.10839250554146815
2013-03-07,1544.260009765625,1544.260009765625,1545.780029296875,1541.4599609375,1541.4599609375,3634710000,0.0018164914425815581,0.18148436172064245
2013-03-08,1551.1800537109375,1551.1800537109375,1552.47998046875,1542.93994140625,1544.260009765625,3652260000,0.004481139122655131,0.447112871295497
2013-03-11,1556.219970703125,1556.219970703125,1556.27001953125,1547.3599853515625,1551.1500244140625,3091080000,0.0032490857396794137,0.32438188658736855
2013-03-12,1552.47998046875,1552.47998046875,1556.77001953125,1548.239990234375,1556.219970703125,3274910000,-0.0024032529493148713,-0.2406145396801988
2013-03-13,1554.52001953125,1554.52001953125,1556.3900146484375,1548.25,1552.47998046875,3073830000,0.00131405176760091,0.13131891571707574
2013-03-14,1563.22998046875,1563.22998046875,1563.3199462890625,1554.52001953125,1554.52001953125,3459260000,0.005602990523162488,0.5587352158971998
2013-03-15,1560.699951171875,1560.699951171875,1563.6199951171875,1555.739990234375,1563.2099609375,5175850000,-0.0016184626244926115,-0.16197737499887566
2013-03-18,1552.0999755859375,1552.0999755859375,1560.699951171875,1545.1300048828125,1560.699951171875,3164560000,-0.005510332450180511,-0.5525570335024047
2013-03-19,1548.3399658203125,1548.3399658203125,1557.25,1538.5699462890625,1552.0999755859375,3796210000,-0.0024225306518709244,-0.24254697268762293
2013-03-20,1558.7099609375,1558.7099609375,1561.56005859375,1548.3399658203125,1548.3399658203125,3349090000,0.006697492376419811,0.6675163815817943
2013-03-21,1545.800048828125,1545.800048828125,1558.7099609375,1543.550048828125,1558.7099609375,3243270000,-0.008282433828555424,-0.8316923756005078
2013-03-22,1556.8900146484375,1556.8900146484375,1557.739990234375,1545.9000244140625,1545.9000244140625,2948380000,0.007174256352702191,0.7148643803299891
2013-03-25,1551.68994140625,1551.68994140625,1564.9100341796875,1546.219970703125,1556.8900146484375,3178170000,-0.0033400389194234714,-0.3345629300947282
2013-03-26,1563.77001953125,1563.77001953125,1563.949951171875,1551.68994140625,1551.68994140625,2869260000,0.0077851108025177584,0.7754963194634992
2013-03-27,1562.8499755859375,1562.8499755859375,1564.0699462890625,1551.9000244140625,1563.75,2914210000,-0.0005883499068413123,-0.05885230525645967
2013-03-28,1569.18994140625,1569.18994140625,1570.280029296875,1561.0799560546875,1562.8599853515625,3304440000,0.00405666949441863,0.4048463396191122
2013-04-01,1562.1700439453125,1562.1700439453125,1570.5699462890625,1558.469970703125,1569.1800537109375,2753110000,-0.0044735804606589324,-0.4483616865356026
2013-04-02,1570.25,1570.25,1573.6600341796875,1562.1700439453125,1562.1700439453125,3312160000,0.005172264111710456,0.5158933898853431
2013-04-03,1553.68994140625,1553.68994140625,1571.469970703125,1549.800048828125,1570.25,4060610000,-0.010546128701639845,-1.0602133218841154
2013-04-04,1559.97998046875,1559.97998046875,1562.5999755859375,1552.52001953125,1553.68994140625,3350670000,0.004048451943253761,0.40402790127371013
2013-04-05,1553.280029296875,1553.280029296875,1559.97998046875,1539.5,1559.97998046875,3515410000,-0.00429489561132812,-0.43041451689076393
2013-04-08,1563.0699462890625,1563.0699462890625,1563.0699462890625,1548.6300048828125,1553.260009765625,2887120000,0.006302737952936344,0.6282958765270947
2013-04-09,1568.6099853515625,1568.6099853515625,1573.8900146484375,1560.9200439453125,1563.1099853515625,3252780000,0.0035443321494683655,0.3538065806577469
2013-04-10,1587.72998046875,1587.72998046875,1589.0699462890625,1568.6099853515625,1568.6099853515625,3453350000,0.01218913260513399,1.2115443329548887
2013-04-11,1593.3699951171875,1593.3699951171875,1597.3499755859375,1586.1700439453125,1587.72998046875,3393950000,0.0035522505198095633,0.3545956179576568
2013-04-12,1588.8499755859375,1588.8499755859375,1593.300048828125,1579.969970703125,1593.300048828125,3206290000,-0.002836767069231527,-0.2840798318549253
2013-04-15,1552.3599853515625,1552.3599853515625,1588.8399658203125,1552.280029296875,1588.8399658203125,4660130000,-0.022966290584432447,-2.323412455036433
2013-04-16,1574.5699462890625,1574.5699462890625,1575.3499755859375,1552.3599853515625,1552.3599853515625,3654700000,0.014307223290395576,1.4205840828064487
2013-04-17,1552.010009765625,1552.010009765625,1574.5699462890625,1543.68994140625,1574.5699462890625,4250310000,-0.014327681394279534,-1.4431313685984553
2013-04-18,1541.6099853515625,1541.6099853515625,1554.3800048828125,1536.030029296875,1552.030029296875,3890800000,-0.006701003439812281,-0.6723555969544303
2013-04-19,1555.25,1555.25,1555.8900146484375,1539.4000244140625,1541.6099853515625,3569870000,0.008847902373522176,0.8808989051054724
2013-04-22,1562.5,1562.5,1565.550048828125,1548.18994140625,1555.25,2979880000,0.004661629963028435,0.46507982154273886
2013-04-23,1578.780029296875,1578.780029296875,1579.5799560546875,1562.5,1562.5,3565150000,0.01041921875000007,1.036531280555277
2013-04-24,1578.7900390625,1578.7900390625,1583.0,1575.800048828125,1578.780029296875,3598240000,6.340190171760796e-06,0.0006340170072840042
2013-04-25,1585.1600341796875,1585.1600341796875,1592.6400146484375,1578.9300537109375,1578.9300537109375,3908580000,0.0040347322693841114,0.40266145649913837
2013-04-26,1582.239990234375,1582.239990234375,1585.780029296875,1577.56005859375,1585.1600341796875,3198620000,-0.0018421130247733286,-0.18438118015177635
2013-04-29,1593.6099853515625,1593.6099853515625,1596.6500244140625,1582.3399658203125,1582.3399658203125,2891200000,0.007186011722218666,0.716031536940742
2013-04-30,1597.5699462890625,1597.5699462890625,1597.5699462890625,1586.5,1593.5799560546875,3745070000,0.002484899676771457,0.24818174185819603
2013-05-01,1582.699951171875,1582.699951171875,1597.550048828125,1581.280029296875,1597.550048828125,3530320000,-0.009307883608932754,-0.9351472649564404
2013-05-02,1597.5899658203125,1597.5899658203125,1598.5999755859375,1582.77001953125,1582.77001953125,3366950000,0.009407983261396247,0.9364003810320709
2013-05-03,1614.4200439453125,1614.4200439453125,1618.4599609375,1597.5999755859375,1597.5999755859375,3603910000,0.010534666895180678,1.047956394817034
2013-05-06,1617.5,1617.5,1619.77001953125,1614.2099609375,1614.4000244140625,3062240000,0.0019077786269059427,0.1905961128483939
2013-05-07,1625.9599609375,1625.9599609375,1626.030029296875,1616.6400146484375,1617.550048828125,3309580000,0.005230269513137653,0.5216639159837863
2013-05-08,1632.68994140625,1632.68994140625,1632.780029296875,1622.699951171875,1625.949951171875,3554700000,0.004139081299929126,0.4130538866696586
2013-05-09,1626.6700439453125,1626.6700439453125,1635.010009765625,1623.0899658203125,1632.68994140625,3457400000,-0.0036871039064235722,-0.36939180287733103
2013-05-10,1633.699951171875,1633.699951171875,1633.699951171875,1623.7099609375,1626.68994140625,3086470000,0.004321655306021466,0.4312343771584845
2013-05-13,1633.77001953125,1633.77001953125,1636.0,1626.739990234375,1632.0999755859375,2910600000,4.2889368592202715e-05,0.004288844886953105
2013-05-14,1650.3399658203125,1650.3399658203125,1651.0999755859375,1633.75,1633.75,3457790000,0.010142153479971716,1.0091066969150286
2013-05-15,1658.780029296875,1658.780029296875,1661.489990234375,1646.6800537109375,1649.1300048828125,3657440000,0.0051141362697153525,0.5101103490210886
2013-05-16,1650.469970703125,1650.469970703125,1660.510009765625,1648.5999755859375,1658.0699462890625,3513130000,-0.005009741163373271,-0.5022331985410746
2013-05-17,1667.469970703125,1667.469970703125,1667.469970703125,1652.449951171875,1652.449951171875,3440710000,0.010300096519028301,1.0247411986562578
2013-05-20,1666.2900390625,1666.2900390625,1672.8399658203125,1663.52001953125,1665.7099609375,3275080000,-0.000707617924973758,-0.07078684047072334
2013-05-21,1669.1600341796875,1669.1600341796875,1674.9300537109375,1662.6700439453125,1666.199951171875,3513560000,0.001722386289245481,0.17209046830023478
2013-05-22,1655.3499755859375,1655.3499755859375,1687.1800537109375,1648.8599853515625,1669.3900146484375,4361020000,-0.008273657594813577,-0.8308074265778554
2013-05-23,1650.510009765625,1650.510009765625,1655.5,1635.530029296875,1651.6199951171875,3945510000,-0.002923832356719225,-0.29281151046060855
2013-05-24,1649.5999755859375,1649.5999755859375,1649.780029296875,1636.8800048828125,1646.6700439453125,2758080000,-0.0005513654411685165,-0.055151749898889435
2013-05-28,1660.06005859375,1660.06005859375,1674.2099609375,1652.6300048828125,1652.6300048828125,3457400000,0.006340981548631053,0.6320962109160131
2013-05-29,1648.3599853515625,1648.3599853515625,1656.5699462890625,1640.050048828125,1656.5699462890625,3587140000,-0.007047981897774669,-0.7072936243165862
2013-05-30,1654.4100341796875,1654.4100341796875,1661.9100341796875,1648.6099853515625,1649.1400146484375,3498620000,0.00367034439193481,0.36636251143134246
2013-05-31,1630.739990234375,1630.739990234375,1658.989990234375,1630.739990234375,1652.1300048828125,4099600000,-0.014307241527974024,-1.4410576921857086
2013-06-03,1640.4200439453125,1640.4200439453125,1640.4200439453125,1622.719970703125,1631.7099609375,3952070000,0.005935988427895333,0.5918439859741687
2013-06-04,1631.3800048828125,1631.3800048828125,1646.530029296875,1623.6199951171875,1640.72998046875,3653840000,-0.005510807488524838,-0.5526048005605536
2013-06-05,1608.9000244140625,1608.9000244140625,1629.31005859375,1607.0899658203125,1629.050048828125,3632350000,-0.013779732742503992,-1.3875554543922224
2013-06-06,1622.56005859375,1622.56005859375,1622.56005859375,1598.22998046875,1609.2900390625,3547380000,0.008490293972530871,0.8454454144230643
2013-06-07,1643.3800048828125,1643.3800048828125,1644.4000244140625,1625.27001953125,1625.27001953125,3371990000,0.012831541229424204,1.274991452694569
2013-06-10,1642.81005859375,1642.81005859375,1648.68994140625,1639.260009765625,1644.6700439453125,2978730000,-0.00034681344994402785,-0.03468736036370341
2013-06-11,1626.1300048828125,1626.1300048828125,1640.1300048828125,1622.9200439453125,1638.6400146484375,3435710000,-0.010153367167240024,-1.0205264184821081
2013-06-12,1612.52001953125,1612.52001953125,1637.7099609375,1610.9200439453125,1629.93994140625,3202550000,-0.008369555515669425,-0.8404776908050976
2013-06-13,1636.3599853515625,1636.3599853515625,1639.25,1608.0699462890625,1612.1500244140625,3378620000,0.014784291377196501,1.4676069097359319
2013-06-14,1626.72998046875,1626.72998046875,1640.800048828125,1623.9599609375,1635.52001953125,2939400000,-0.005885016114436148,-0.5902401062457968
2013-06-17,1639.0400390625,1639.0400390625,1646.5,1630.3399658203125,1630.6400146484375,3137080000,0.007567364431436019,0.7538875562714678
2013-06-18,1651.81005859375,1651.81005859375,1654.18994140625,1639.77001953125,1639.77001953125,3120980000,0.007791157767295331,0.7760963428783294
2013-06-19,1628.9300537109375,1628.9300537109375,1652.449951171875,1628.9100341796875,1651.8299560546875,3545060000,-0.013851474486292426,-1.3948301328481996
2013-06-20,1588.18994140625,1588.18994140625,1624.6199951171875,1584.3199462890625,1624.6199951171875,4858850000,-0.02501035094286319,-2.532842439229829
2013-06-21,1592.4300537109375,1592.4300537109375,1599.18994140625,1577.699951171875,1588.6199951171875,5797280000,0.002669776576555538,0.26662190535255614
2013-06-24,1573.0899658203125,1573.0899658203125,1588.77001953125,1560.3299560546875,1588.77001953125,4733660000,-0.012145015629135836,-1.221936895962692
2013-06-25,1588.030029296875,1588.030029296875,1593.7900390625,1577.0899658203125,1577.52001953125,3761170000,0.009497272121224087,0.9452456559302368
2013-06-26,1603.260009765625,1603.260009765625,1606.8299560546875,1592.27001953125,1592.27001953125,3558340000,0.009590486444071455,0.9544789666190033
2013-06-27,1613.199951171875,1613.199951171875,1620.0699462890625,1606.43994140625,1606.43994140625,3364540000,0.0061998311850259835,0.6180691300296602
2013-06-28,1606.280029296875,1606.280029296875,1615.93994140625,1601.06005859375,1611.1199951171875,4977190000,-0.004289562412875814,-0.4298788980467904
2013-07-01,1614.9599609375,1614.9599609375,1626.6099853515625,1609.780029296875,1609.780029296875,3104690000,0.005403747467634501,0.5389199609389811
2013-07-02,1614.0799560546875,1614.0799560546875,1624.260009765625,1606.77001953125,1614.2900390625,3317130000,-0.0005449081736377259,-0.05450566900508968
2013-07-03,1615.4100341796875,1615.4100341796875,1618.969970703125,1604.5699462890625,1611.47998046875,1966050000,0.0008240472350893313,0.08237078945754475
2013-07-05,1631.8900146484375,1631.8900146484375,1632.0699462890625,1614.7099609375,1618.6500244140625,2634140000,0.010201732142340214,1.0150045703225963
2013-07-08,1640.4599609375,1640.4599609375,1644.6800537109375,1634.199951171875,1634.199951171875,3514590000,0.0052515464964768555,0.5237805213836031
2013-07-09,1652.3199462890625,1652.3199462890625,1654.1800537109375,1642.8900146484375,1642.8900146484375,3155360000,0.007229670722828763,0.7203661934863007
2013-07-10,1652.6199951171875,1652.6199951171875,1657.9200439453125,1647.6600341796875,1651.56005859375,3011010000,0.00018159245054127915,0.018157596462801375
2013-07-11,1675.02001953125,1675.02001953125,1676.6300048828125,1657.4100341796875,1657.4100341796875,3446340000,0.013554249906357896,1.3463212765353811
2013-07-12,1680.18994140625,1680.18994140625,1680.18994140625,1672.3299560546875,1675.260009765625,3039070000,0.003086483632862347,0.3081730220628843
2013-07-15,1682.5,1682.5,1684.510009765625,1677.8900146484375,1679.5899658203125,2623200000,0.001374879432867404,0.13739351515561535
2013-07-16,1676.260009765625,1676.260009765625,1683.72998046875,1671.8399658203125,1682.699951171875,3081710000,-0.003708760911961373,-0.3715655417706993
2013-07-17,1680.9100341796875,1680.9100341796875,1684.75,1677.9100341796875,1677.9100341796875,3153440000,0.0027740472164057284,0.27702066483981413
2013-07-18,1689.3699951171875,1689.3699951171875,1693.1199951171875,1681.050048828125,1681.050048828125,3452370000,0.0050329647425946256,0.5020341712006725
2013-07-19,1692.0899658203125,1692.0899658203125,1692.0899658203125,1684.0799560546875,1686.1500244140625,3302580000,0.0016100503211176065,0.16087555796456546
2013-07-22,1695.530029296875,1695.530029296875,1697.6099853515625,1690.6700439453125,1694.4100341796875,2779130000,0.0020330263437824403,0.20309625424268185
2013-07-23,1692.3900146484375,1692.3900146484375,1698.780029296875,1691.1300048828125,1696.6300048828125,3096180000,-0.0018519369130487462,-0.185365386833642
2013-07-24,1685.93994140625,1685.93994140625,1698.3800048828125,1682.5699462890625,1696.06005859375,3336120000,-0.0038112215188927934,-0.38185027297184215
2013-07-25,1690.25,1690.25,1690.93994140625,1680.0699462890625,1685.2099609375,3322500000,0.0025564722015867236,0.2553209985188819
2013-07-26,1691.6500244140625,1691.6500244140625,1691.8499755859375,1676.030029296875,1687.31005859375,2762770000,0.0008282942843145236,0.08279514379092263
2013-07-29,1685.3299560546875,1685.3299560546875,1690.9200439453125,1681.8599853515625,1690.3199462890625,2840520000,-0.003736037754951127,-0.37430341753677177
2013-07-30,1685.9599609375,1685.9599609375,1693.18994140625,1682.4200439453125,1687.9200439453125,3320530000,0.00037381693747806644,0.037374708533409455
2013-07-31,1685.72998046875,1685.72998046875,1698.4300537109375,1684.93994140625,1687.760009765625,3847390000,-0.00013640921141577778,-0.01364185159984208
2013-08-01,1706.8699951171875,1706.8699951171875,1707.8499755859375,1689.4200439453125,1689.4200439453125,3775170000,0.01254056989753427,1.2462588230416578
2013-08-02,1709.6700439453125,1709.6700439453125,1709.6700439453125,1700.6800537109375,1706.0999755859375,3136630000,0.0016404581697111453,0.16391140879470276
2013-08-05,1707.1400146484375,1707.1400146484375,1709.239990234375,1703.550048828125,1708.010009765625,2529300000,-0.0014798348405500317,-0.14809308775636418
2013-08-06,1697.3699951171875,1697.3699951171875,1705.7900390625,1693.2900390625,1705.7900390625,3141210000,-0.005723033522392118,-0.573947283055402
2013-08-07,1690.9100341796875,1690.9100341796875,1695.300048828125,1684.9100341796875,1695.300048828125,3010230000,-0.0038058649299111957,-0.3813125661941763
2013-08-08,1697.47998046875,1697.47998046875,1700.1800537109375,1688.3800048828125,1693.3499755859375,3271660000,0.003885449938943575,0.3877921074046536
2013-08-09,1691.4200439453125,1691.4200439453125,1699.4200439453125,1686.02001953125,1696.0999755859375,2957670000,-0.003569960525698801,-0.3576348041426874
2013-08-12,1689.469970703125,1689.469970703125,1691.489990234375,1683.3499755859375,1688.3699951171875,2789160000,-0.0011529207361400395,-0.11535858605248943
2013-08-13,1694.1600341796875,1694.1600341796875,1696.81005859375,1682.6199951171875,1690.6500244140625,3035560000,0.002776056134700333,0.2772210007268357
2013-08-14,1685.3900146484375,1685.3900146484375,1695.52001953125,1684.8299560546875,1693.8800048828125,2871430000,-0.005176618120080079,-0.5190063227858108
2013-08-15,1661.3199462890625,1661.3199462890625,1679.6099853515625,1658.5899658203125,1679.6099853515625,3426690000,-0.014281601380197961,-1.4384564947961866
2013-08-16,1655.8299560546875,1655.8299560546875,1663.5999755859375,1652.6099853515625,1661.219970703125,3211450000,-0.0033045953891290836,-0.3310067623478068
2013-08-19,1646.06005859375,1646.06005859375,1659.1800537109375,1645.8399658203125,1655.25,2904530000,-0.005900302398330837,-0.5917777957153822
2013-08-20,1652.3499755859375,1652.3499755859375,1658.9200439453125,1646.0799560546875,1646.81005859375,2994090000,0.0038211953199089876,0.38139130983711445
2013-08-21,1642.800048828125,1642.800048828125,1656.989990234375,1639.4300537109375,1650.6600341796875,2932180000,-0.005779602928505545,-0.5796369467346861
2013-08-22,1656.9599609375,1656.9599609375,1659.550048828125,1645.030029296875,1645.030029296875,2537460000,0.008619376484360286,0.8582441743413965
2013-08-23,1663.5,1663.5,1664.8499755859375,1654.81005859375,1659.9200439453125,2582670000,0.003947010921615535,0.393924191021318
2013-08-26,1656.780029296875,1656.780029296875,1669.510009765625,1656.02001953125,1664.2900390625,2430670000,-0.00403965777164117,-0.4047839230058562
2013-08-27,1630.47998046875,1630.47998046875,1652.5400390625,1629.050048828125,1652.5400390625,3219190000,-0.015874194741040237,-1.6001539229183352
2013-08-28,1634.9599609375,1634.9599609375,1641.1800537109375,1627.469970703125,1630.25,2784010000,0.002747645185721348,0.27438773089689755
2013-08-29,1638.1700439453125,1638.1700439453125,1646.4100341796875,1630.8800048828125,1633.5,2527550000,0.0019634016027962886,0.19614766490956537
2013-08-30,1632.969970703125,1632.969970703125,1640.0799560546875,1628.050048828125,1638.8900146484375,2734300000,-0.0031743183568806455,-0.3179367192635175
2013-09-03,1639.77001953125,1639.77001953125,1651.3499755859375,1633.4100341796875,1635.949951171875,3731610000,0.004164221602432239,0.41555752269595936
2013-09-04,1653.0799560546875,1653.0799560546875,1655.719970703125,1637.4100341796875,1640.719970703125,3312150000,0.008116953209842404,0.8084187928560308
2013-09-05,1655.0799560546875,1655.0799560546875,1659.1700439453125,1653.0699462890625,1653.280029296875,2957110000,0.0012098628337211537,0.12091315394673384
2013-09-06,1655.1700439453125,1655.1700439453125,1664.8299560546875,1640.6199951171875,1657.43994140625,3123880000,5.443114110303959e-05,0.005442965978223178
2013-09-09,1671.7099609375,1671.7099609375,1672.4000244140625,1656.8499755859375,1656.8499755859375,3102780000,0.009992880823750605,0.9943282138970118
2013-09-10,1683.989990234375,1683.989990234375,1684.0899658203125,1675.1099853515625,1675.1099853515625,3691800000,0.007345789391592916,0.7318940484802409
2013-09-11,1689.1300048828125,1689.1300048828125,1689.1300048828125,1678.699951171875,1681.0400390625,3135460000,0.0030522833735622257,0.30476346138184846
2013-09-12,1683.4200439453125,1683.4200439453125,1689.969970703125,1681.9599609375,1689.2099609375,3106290000,-0.0033804153149811222,-0.3386141827801778
2013-09-13,1687.989990234375,1687.989990234375,1688.72998046875,1682.219970703125,1685.0400390625,2736500000,0.002714679741101511,0.2711001653103429
2013-09-16,1697.5999755859375,1697.5999755859375,1704.949951171875,1691.699951171875,1691.699951171875,3079800000,0.0056931530442476674,0.5677008295820801
2013-09-17,1704.760009765625,1704.760009765625,1705.52001953125,1697.72998046875,1697.72998046875,2774240000,0.004217739327674108,0.420886959655227
2013-09-18,1725.52001953125,1725.52001953125,1729.43994140625,1700.3499755859375,1705.739990234375,3989760000,0.012177672896303449,1.2104121558415792
2013-09-19,1722.3399658203125,1722.3399658203125,1729.8599853515625,1720.199951171875,1727.3399658203125,3740130000,-0.0018429538196846895,-0.18446541484815582
2013-09-20,1709.9100341796875,1709.9100341796875,1725.22998046875,1708.8900146484375,1722.43994140625,5074030000,-0.007216886263627376,-0.7243053962847499
2013-09-23,1701.8399658203125,1701.8399658203125,1711.43994140625,1697.0999755859375,1711.43994140625,3126950000,-0.004719586526811925,-0.47307589419510576
2013-09-24,1697.4200439453125,1697.4200439453125,1707.6300048828125,1694.9000244140625,1702.5999755859375,3268930000,-0.0025971430708935372,-0.2600521497731875
2013-09-25,1692.77001953125,1692.77001953125,1701.7099609375,1691.8800048828125,1698.02001953125,3148730000,-0.00273946595048713,-0.27432251543777136
2013-09-26,1698.6700439453125,1698.6700439453125,1703.8499755859375,1693.1099853515625,1694.050048828125,2813930000,0.0034854258676535466,0.34793658479979506
2013-09-27,1691.75,1691.75,1695.52001953125,1687.1099853515625,1695.52001953125,2951700000,-0.004073801130465626,-0.40821216634435287
2013-09-30,1681.550048828125,1681.550048828125,1687.260009765625,1674.989990234375,1687.260009765625,3308630000,-0.0060292307798877065,-0.6047479981190951
2013-10-01,1695.0,1695.0,1696.550048828125,1682.0699462890625,1682.4100341796875,3238690000,0.007998543475556064,0.7966724683406784
2013-10-02,1693.8699951171875,1693.8699951171875,1693.8699951171875,1680.3399658203125,1691.9000244140625,3148600000,-0.0006666695473820372,-0.06668918703408629
2013-10-03,1678.6600341796875,1678.6600341796875,1692.3499755859375,1670.3599853515625,1692.3499755859375,3279650000,-0.008979414583967338,-0.9019972500552985
2013-10-04,1690.5,1690.5,1691.93994140625,1677.3299560546875,1678.7900390625,2880270000,0.0070532243451535415,0.7028466704283861
2013-10-07,1676.1199951171875,1676.1199951171875,1687.1500244140625,1674.699951171875,1687.1500244140625,2678490000,-0.008506361953748875,-0.8542747536819599
2013-10-08,1655.449951171875,1655.449951171875,1676.7900390625,1655.030029296875,1676.219970703125,3569230000,-0.012332078852067663,-1.2408749931083476
2013-10-09,1656.4000244140625,1656.4000244140625,1662.469970703125,1646.469970703125,1656.989990234375,3577840000,0.0005739063518743759,0.057374173060579806
2013-10-10,1692.56005859375,1692.56005859375,1692.56005859375,1660.8800048828125,1660.8800048828125,3362300000,0.02183049604365883,2.1595622882836496
2013-10-11,1703.199951171875,1703.199951171875,1703.43994140625,1688.52001953125,1691.0899658203125,2944670000,0.006286271807078414,0.6266595617327234
2013-10-14,1710.1400146484375,1710.1400146484375,1711.030029296875,1692.1300048828125,1699.8599853515625,2580580000,0.004074720335558668,0.4066441145288558
2013-10-15,1698.06005859375,1698.06005859375,1711.5699462890625,1695.9300537109375,1709.1700439453125,3327740000,-0.007063723409320266,-0.7088789613758755
2013-10-16,1721.5400390625,1721.5400390625,1721.760009765625,1700.489990234375,1700.489990234375,3486180000,0.013827532394934838,1.3732804307132302
2013-10-17,1733.1500244140625,1733.1500244140625,1733.449951171875,1714.1199951171875,1720.1700439453125,3453590000,0.0067439531397044394,0.6721314413737084
2013-10-18,1744.5,1744.5,1745.31005859375,1735.739990234375,1736.719970703125,3664890000,0.006548755402622897,0.652740546362272
2013-10-21,1744.6600341796875,1744.6600341796875,1747.7900390625,1740.6700439453125,1745.199951171875,3052710000,9.173641713244862e-05,0.009173220960465484
2013-10-22,1754.6700439453125,1754.6700439453125,1759.3299560546875,1746.47998046875,1746.47998046875,3850840000,0.005737513079636436,0.5721116239627231
2013-10-23,1746.3800048828125,1746.3800048828125,1752.27001953125,1740.5,1752.27001953125,3713380000,-0.004724557241463034,-0.47357532400367486
2013-10-24,1752.0699462890625,1752.0699462890625,1753.93994140625,1745.5,1747.47998046875,3671700000,0.003258134764679621,0.3252838544355574
2013-10-25,1759.77001953125,1759.77001953125,1759.8199462890625,1752.449951171875,1756.010009765625,3175720000,0.004394843515520774,0.43852143927746773
2013-10-28,1762.1099853515625,1762.1099853515625,1764.989990234375,1757.6700439453125,1759.4200439453125,3282300000,0.001329699787098182,0.1328816519236969
2013-10-29,1771.949951171875,1771.949951171875,1772.0899658203125,1762.9300537109375,1762.9300537109375,3358460000,0.00558419502875096,0.5568661214094168
2013-10-30,1763.31005859375,1763.31005859375,1775.219970703125,1757.239990234375,1772.27001953125,3523040000,-0.004875923596155185,-0.48878496945693045
2013-10-31,1756.5400390625,1756.5400390625,1768.530029296875,1755.719970703125,1763.239990234375,3826530000,-0.0038393812241105385,-0.3846770567938354
2013-11-01,1761.6400146484375,1761.6400146484375,1765.6700439453125,1752.699951171875,1758.699951171875,3686290000,0.002903421198789946,0.28992144122096125
2013-11-04,1767.9300537109375,1767.9300537109375,1768.780029296875,1761.56005859375,1763.4000244140625,3194870000,0.003570558689741876,0.35641993780981684
2013-11-05,1762.969970703125,1762.969970703125,1767.030029296875,1755.760009765625,1765.6700439453125,3516680000,-0.0028055878101066467,-0.28095308483402837
2013-11-06,1770.489990234375,1770.489990234375,1773.739990234375,1764.4000244140625,1765.0,3322100000,0.004265540341705787,0.42564687122875744
2013-11-07,1747.1500244140625,1747.1500244140625,1774.5400390625,1746.199951171875,1770.739990234375,4143200000,-0.013182771972194418,-1.3270435999594776
2013-11-08,1770.6099853515625,1770.6099853515625,1770.780029296875,1747.6300048828125,1748.3699951171875,3837170000,0.013427559516743681,1.3338208792264143
2013-11-11,1771.8900146484375,1771.8900146484375,1773.43994140625,1767.8499755859375,1769.9599609375,2534060000,0.000722931253898329,0.07226700649729084
2013-11-12,1767.68994140625,1767.68994140625,1771.780029296875,1762.2900390625,1769.510009765625,3221030000,-0.0023703916199453445,-0.2373205445619954
2013-11-13,1782.0,1782.0,1782.0,1760.6400146484375,1764.3699951171875,3327480000,0.008095344244797742,0.8062752720499361
2013-11-14,1790.6199951171875,1790.6199951171875,1791.530029296875,1780.219970703125,1782.75,3139060000,0.00483725876385388,0.48255968204506566
2013-11-15,1798.1800537109375,1798.1800537109375,1798.219970703125,1790.6600341796875,1790.6600341796875,3254820000,0.004222034052096646,0.42131462738810765
2013-11-18,1791.530029296875,1791.530029296875,1802.3299560546875,1788.0,1798.8199462890625,3168520000,-0.00369819718572606,-0.3705052423504697
2013-11-19,1787.8699951171875,1787.8699951171875,1795.510009765625,1784.719970703125,1790.7900390625,3224450000,-0.0020429655768170463,-0.20450552776006603
2013-11-20,1781.3699951171875,1781.3699951171875,1795.72998046875,1777.22998046875,1789.5899658203125,3109140000,-0.0036356111002209257,-0.3642235996161311
2013-11-21,1795.8499755859375,1795.8499755859375,1797.1600341796875,1783.52001953125,1783.52001953125,3256630000,0.00812856425584818,0.8095705420755901
2013-11-22,1804.760009765625,1804.760009765625,1804.8399658203125,1794.699951171875,1797.2099609375,3055140000,0.004961457973002625,0.49491905000291736
2013-11-25,1802.47998046875,1802.47998046875,1808.0999755859375,1800.5799560546875,1806.3299560546875,2998540000,-0.0012633420978621634,-0.12641407872397545
2013-11-26,1802.75,1802.75,1808.4200439453125,1800.77001953125,1802.8699951171875,3427120000,0.00014980445507073448,0.014979323550383502
2013-11-27,1807.22998046875,1807.22998046875,1808.27001953125,1802.77001953125,1803.47998046875,2613590000,0.0024850813860768373,0.24819986774607428
2013-11-29,1805.81005859375,1805.81005859375,1813.550048828125,1803.97998046875,1808.68994140625,1598300000,-0.0007856896412440362,-0.07859984571164318
2013-12-02,1800.9000244140625,1800.9000244140625,1810.02001953125,1798.5999755859375,1806.550048828125,3095430000,-0.002719020284730922,-0.2722723534716429
2013-12-03,1795.1500244140625,1795.1500244140625,1800.0999755859375,1787.8499755859375,1800.0999755859375,3475680000,-0.0031928479771501372,-0.31979559918936146
2013-12-04,1792.81005859375,1792.81005859375,1799.800048828125,1779.0899658203125,1793.1500244140625,3610540000,-0.0013034931835718133,-0.13043434697867973
2013-12-05,1785.030029296875,1785.030029296875,1792.8199462890625,1783.3800048828125,1792.8199462890625,3336880000,-0.004339572538419101,-0.4349015813080098
2013-12-06,1805.0899658203125,1805.0899658203125,1806.0400390625,1788.3599853515625,1788.3599853515625,3150030000,0.011237870620775636,1.1175194876875878
2013-12-09,1808.3699951171875,1808.3699951171875,1811.52001953125,1806.2099609375,1806.2099609375,3129500000,0.0018171001772671058,0.18154512479509813
2013-12-10,1802.6199951171875,1802.6199951171875,1808.52001953125,1801.75,1807.5999755859375,3117150000,-0.003179659038540561,-0.31847248956570495
2013-12-11,1782.219970703125,1782.219970703125,1802.969970703125,1780.0899658203125,1802.760009765625,3472240000,-0.01131687458772268,-1.1381397674606988
2013-12-12,1775.5,1775.5,1782.989990234375,1772.280029296875,1781.7099609375,3306640000,-0.0037705618911193506,-0.37776883791563437
2013-12-13,1775.3199462890625,1775.3199462890625,1780.9200439453125,1772.449951171875,1777.97998046875,3061070000,-0.00010141014414954963,-0.010141528650587886
2013-12-16,1786.5400390625,1786.5400390625,1792.219970703125,1777.47998046875,1777.47998046875,3209890000,0.006320039831068547,0.6300152129396221
2013-12-17,1781.0,1781.0,1786.77001953125,1777.050048828125,1786.469970703125,3270030000,-0.003100987910356179,-0.31058059363714124
2013-12-18,1810.6500244140625,1810.6500244140625,1811.0799560546875,1767.989990234375,1781.4599609375,4327770000,0.01664796429762072,1.651090600917418
2013-12-19,1809.5999755859375,1809.5999755859375,1810.8800048828125,1801.3499755859375,1809.0,3497210000,-0.0005799292044108562,-0.058009742839373164
2013-12-20,1818.3199462890625,1818.3199462890625,1823.75,1810.25,1810.3900146484375,5097700000,0.0048187283492318045,0.4807155440690711
2013-12-23,1827.989990234375,1827.989990234375,1829.75,1822.9200439453125,1822.9200439453125,2851540000,0.00531812014989308,0.530402888620606
2013-12-24,1833.3199462890625,1833.3199462890625,1833.3199462890625,1828.02001953125,1828.02001953125,1307630000,0.0029157468493599126,0.2911504304306033
2013-12-26,1842.02001953125,1842.02001953125,1842.8399658203125,1834.9599609375,1834.9599609375,1982270000,0.004745529147706984,0.4734304621132077
2013-12-27,1841.4000244140625,1841.4000244140625,1844.8900146484375,1839.81005859375,1842.969970703125,2052920000,-0.00033658435338035364,-0.03366410106074713
2013-12-30,1841.0699462890625,1841.0699462890625,1842.469970703125,1838.77001953125,1841.469970703125,2293860000,-0.00017925389411521664,-0.017926996201467878
2013-12-31,1848.3599853515625,1848.3599853515625,1849.43994140625,1842.4100341796875,1842.6099853515625,2312840000,0.003959675229718407,0.39518563491115477
2014-01-02,1831.97998046875,1831.97998046875,1845.8599853515625,1827.739990234375,1845.8599853515625,3080600000,-0.008861912729460575,-0.8901413016629188
2014-01-03,1831.3699951171875,1831.3699951171875,1838.239990234375,1829.1300048828125,1833.2099609375,2774270000,-0.00033296507498215,-0.033302052016060915
2014-01-06,1826.77001953125,1826.77001953125,1837.1600341796875,1823.72998046875,1832.31005859375,3294850000,-0.0025117674736410134,-0.2514927253759435
2014-01-07,1837.8800048828125,1837.8800048828125,1840.0999755859375,1828.7099609375,1828.7099609375,3511750000,0.006081764662643874,0.606334537539104
2014-01-08,1837.489990234375,1837.489990234375,1840.02001953125,1831.4000244140625,1837.9000244140625,3652140000,-0.0002122089839386998,-0.02122315034510835
2014-01-09,1838.1300048828125,1838.1300048828125,1843.22998046875,1830.3800048828125,1839.0,3581150000,0.0003483091890779111,0.03482485435141758
2014-01-10,1842.3699951171875,1842.3699951171875,1843.1500244140625,1832.4300537109375,1840.06005859375,3335710000,0.002306686808393188,0.23040304904553008
2014-01-13,1819.199951171875,1819.199951171875,1843.449951171875,1815.52001953125,1841.260009765625,3591350000,-0.012576216507389826,-1.265596645879401
2014-01-14,1838.8800048828125,1838.8800048828125,1839.260009765625,1821.3599853515625,1821.3599853515625,3353270000,0.010817971767347556,1.0759876119934082
2014-01-15,1848.3800048828125,1848.3800048828125,1850.8399658203125,1840.52001953125,1840.52001953125,3777800000,0.005166188100786506,0.5152889134682223
2014-01-16,1845.8900146484375,1845.8900146484375,1847.989990234375,1840.300048828125,1847.989990234375,3491310000,-0.0013471203041567348,-0.1348028486425814
2014-01-17,1838.699951171875,1838.699951171875,1846.0400390625,1835.22998046875,1844.22998046875,3626120000,-0.0038951743709020326,-0.39027803200150835
2014-01-21,1843.800048828125,1843.800048828125,1849.31005859375,1832.3800048828125,1841.050048828125,3782470000,0.0027737519941737343,0.2769912242817671
2014-01-22,1844.8599853515625,1844.8599853515625,1846.8699951171875,1840.8800048828125,1844.7099609375,3374170000,0.0005748652214816463,0.05747000497681626
2014-01-23,1828.4599609375,1828.4599609375,1842.2900390625,1820.06005859375,1842.2900390625,3972250000,-0.00888957673985069,-0.892932476457093
2014-01-24,1790.2900390625,1790.2900390625,1826.9599609375,1790.2900390625,1826.9599609375,4618450000,-0.02087544856898549,-2.109642142734084
2014-01-27,1781.56005859375,1781.56005859375,1795.97998046875,1772.8800048828125,1791.030029296875,4045200000,-0.004876293940238585,-0.4888221853339347
2014-01-28,1792.5,1792.5,1793.8699951171875,1779.489990234375,1783.0,3437830000,0.00614065260021901,0.6121875622432071
2014-01-29,1774.199951171875,1774.199951171875,1790.1500244140625,1770.449951171875,1790.1500244140625,3964020000,-0.010209232261157553,-1.026170390849596
2014-01-30,1794.18994140625,1794.18994140625,1798.77001953125,1777.1700439453125,1777.1700439453125,3547510000,0.011267044743841437,1.1204044372218205
2014-01-31,1782.5899658203125,1782.5899658203125,1793.8800048828125,1772.260009765625,1790.8800048828125,4059690000,-0.0064652996420466735,-0.6486290214250375
2014-02-03,1741.8900146484375,1741.8900146484375,1784.8299560546875,1739.6600341796875,1782.6800537109375,4726040000,-0.02283191982018462,-2.309660470448658
2014-02-04,1755.199951171875,1755.199951171875,1758.72998046875,1743.8199462890625,1743.8199462890625,4068410000,0.007641088938743268,0.7612043683081426
2014-02-05,1751.6400146484375,1751.6400146484375,1755.7900390625,1737.9200439453125,1753.3800048828125,3984290000,-0.0020282227794392593,-0.20302824086565885
2014-02-06,1773.4300537109375,1773.4300537109375,1774.06005859375,1752.989990234375,1752.989990234375,3825410000,0.012439792925644788,1.2363054453375717
2014-02-07,1797.02001953125,1797.02001953125,1798.030029296875,1776.010009765625,1776.010009765625,3775990000,0.013301886798946505,1.321419350429692
2014-02-10,1799.8399658203125,1799.8399658203125,1799.93994140625,1791.8299560546875,1796.199951171875,3312160000,0.0015692347655638095,0.15680048032540356
2014-02-11,1819.75,1819.75,1823.5400390625,1800.4100341796875,1800.449951171875,3699380000,0.011062113608869106,1.1001375944254965
2014-02-12,1819.260009765625,1819.260009765625,1826.550048828125,1815.969970703125,1820.1199951171875,3326380000,-0.00026926239009483766,-0.026929864772088686
2014-02-13,1829.8299560546875,1829.8299560546875,1830.25,1809.219970703125,1814.8199462890625,3289510000,0.005810025082904069,0.5793211978776681
2014-02-14,1838.6300048828125,1838.6300048828125,1841.6500244140625,1825.5899658203125,1828.4599609375,3114750000,0.004809216724759979,0.47976893855483044
2014-02-18,1840.760009765625,1840.760009765625,1842.8699951171875,1835.010009765625,1839.030029296875,3421110000,0.0011584739056558213,0.11578033925587676
2014-02-19,1828.75,1828.75,1847.5,1826.989990234375,1838.9000244140625,3661570000,-0.006524484290135191,-0.6545861773195999
2014-02-20,1839.780029296875,1839.780029296875,1842.7900390625,1824.5799560546875,1829.239990234375,3404980000,0.006031458262132583,0.6013341826934013
2014-02-21,1836.25,1836.25,1846.1300048828125,1835.5999755859375,1841.0699462890625,3403880000,-0.0019187235651341172,-0.19205666731810658
2014-02-24,1847.6099853515625,1847.6099853515625,1858.7099609375,1836.780029296875,1836.780029296875,4014530000,0.00618651346579302,0.6167455552331448
2014-02-25,1845.1199951171875,1845.1199951171875,1852.9100341796875,1840.18994140625,1847.6600341796875,3515560000,-0.0013476817370097205,-0.13485906767746497
2014-02-26,1845.1600341796875,1845.1600341796875,1852.6500244140625,1840.6600341796875,1845.7900390625,3716730000,2.1699977565736717e-05,0.0021699742124629577
2014-02-27,1854.2900390625,1854.2900390625,1854.530029296875,1841.1300048828125,1844.9000244140625,3547460000,0.004948082937896281,0.4935881408416543
2014-02-28,1859.449951171875,1859.449951171875,1867.9200439453125,1847.6700439453125,1855.1199951171875,3917450000,0.0027826887923012578,0.27788242813380903
2014-03-03,1845.72998046875,1845.72998046875,1857.6800537109375,1834.43994140625,1857.6800537109375,3428220000,-0.007378510346287226,-0.7405866200454787
2014-03-04,1873.9100341796875,1873.9100341796875,1876.22998046875,1849.22998046875,1849.22998046875,3765770000,0.01526770113133269,1.5152322676141787
2014-03-05,1873.81005859375,1873.81005859375,1876.530029296875,1871.1099853515625,1874.050048828125,3392990000,-5.335132643191631e-05,-0.0053352749664553455
2014-03-06,1877.030029296875,1877.030029296875,1881.93994140625,1874.1800537109375,1874.1800537109375,3360450000,0.0017184082710823834,0.17169334968570882
2014-03-07,1878.0400390625,1878.0400390625,1883.5699462890625,1870.56005859375,1878.52001953125,3564740000,0.0005380892952486782,0.053794457711570584
2014-03-10,1877.1700439453125,1877.1700439453125,1877.8699951171875,1867.0400390625,1877.8599853515625,3021350000,-0.0004632463094992323,-0.04633536412194934
2014-03-11,1867.6300048828125,1867.6300048828125,1882.3499755859375,1863.8800048828125,1878.260009765625,3392400000,-0.005082138985368356,-0.5095096975215844
2014-03-12,1868.199951171875,1868.199951171875,1868.3800048828125,1854.3800048828125,1866.1500244140625,3270860000,0.00030517087837123036,0.03051243232100062
2014-03-13,1846.3399658203125,1846.3399658203125,1874.4000244140625,1841.8599853515625,1869.06005859375,3670990000,-0.011701095130556172,-1.1770091695883622
2014-03-14,1841.1300048828125,1841.1300048828125,1852.43994140625,1839.5699462890625,1845.0699462890625,3285460000,-0.0028217776974703845,-0.2825766417445165
2014-03-17,1858.8299560546875,1858.8299560546875,1862.300048828125,1842.81005859375,1842.81005859375,2860490000,0.009613634629240364,0.9567717695038962
2014-03-18,1872.25,1872.25,1873.760009765625,1858.9200439453125,1858.9200439453125,2930190000,0.0072196189337276895,0.7193682245473189
2014-03-19,1860.77001953125,1860.77001953125,1874.1400146484375,1850.3499755859375,1872.25,3289210000,-0.006131649335692324,-0.6150525096734505
2014-03-20,1872.010009765625,1872.010009765625,1873.489990234375,1854.6300048828125,1860.0899658203125,3327540000,0.006040504799839086,0.6022334087521748
2014-03-21,1866.52001953125,1866.52001953125,1883.969970703125,1863.4599609375,1874.530029296875,5270710000,-0.0029326714097337447,-0.2936980116608755
2014-03-24,1857.43994140625,1857.43994140625,1873.3399658203125,1849.68994140625,1867.6700439453125,3409000000,-0.004864709743258144,-0.4876580959363224
2014-03-25,1865.6199951171875,1865.6199951171875,1871.8699951171875,1855.9599609375,1859.47998046875,3200560000,0.004403939814465518,0.43942708488222343
2014-03-26,1852.56005859375,1852.56005859375,1875.9200439453125,1852.56005859375,1867.0899658203125,3480850000,-0.007000319763734719,-0.7024936954876045
2014-03-27,1849.0400390625,1849.0400390625,1855.550048828125,1842.1099853515625,1852.1099853515625,3733430000,-0.0019000838946738874,-0.19018913439770552
2014-03-28,1857.6199951171875,1857.6199951171875,1866.6300048828125,1850.0699462890625,1850.0699462890625,2955520000,0.0046402218845611465,0.4629489243409657
2014-03-31,1872.3399658203125,1872.3399658203125,1875.1800537109375,1859.1600341796875,1859.1600341796875,3274300000,0.007924102207026662,0.7892871384796676
2014-04-01,1885.52001953125,1885.52001953125,1885.8399658203125,1873.9599609375,1873.9599609375,3336190000,0.0070393485966973035,0.7014688044213445
2014-04-02,1890.9000244140625,1890.9000244140625,1893.1700439453125,1883.7900390625,1886.6099853515625,3131660000,0.002853326841976367,0.2849263831838461
2014-04-03,1888.77001953125,1888.77001953125,1893.800048828125,1882.6500244140625,1891.4300537109375,3055600000,-0.0011264502910314222,-0.11270852130106553
2014-04-04,1865.0899658203125,1865.0899658203125,1897.280029296875,1863.260009765625,1890.25,3583750000,-0.012537288005457836,-1.2616542925313996
2014-04-07,1845.0400390625,1845.0400390625,1864.0400390625,1841.47998046875,1863.9200439453125,3801540000,-0.010750112394172895,-1.0808312332149783
2014-04-08,1851.9599609375,1851.9599609375,1854.949951171875,1837.489990234375,1845.47998046875,3721450000,0.0037505537703756975,0.37435379801772806
2014-04-09,1872.1800537109375,1872.1800537109375,1872.4300537109375,1852.3800048828125,1852.6400146484375,3308650000,0.010918212704340347,1.0859039341965573
2014-04-10,1833.0799560546875,1833.0799560546875,1872.530029296875,1830.8699951171875,1872.280029296875,3758780000,-0.020884795550912827,-2.1105967737387243
2014-04-11,1815.68994140625,1815.68994140625,1835.0699462890625,1814.3599853515625,1830.6500244140625,3743460000,-0.009486773662544357,-0.9532059739897396
2014-04-14,1830.6099853515625,1830.6099853515625,1834.18994140625,1815.800048828125,1818.1800537109375,3111540000,0.008217286225508769,0.8183708150740607
2014-04-15,1842.97998046875,1842.97998046875,1844.02001953125,1816.2900390625,1831.449951171875,3736440000,0.006757307791485534,0.6734579517703411
2014-04-16,1862.31005859375,1862.31005859375,1862.31005859375,1846.010009765625,1846.010009765625,3155080000,0.010488490558689278,1.043386794876615
2014-04-17,1864.8499755859375,1864.8499755859375,1869.6300048828125,1856.719970703125,1861.72998046875,3341430000,0.001363852909705754,0.13629237070939354
2014-04-21,1871.8900146484375,1871.8900146484375,1871.8900146484375,1863.1800537109375,1865.7900390625,2642500000,0.003775123551313042,0.37680156555725475
2014-04-22,1879.550048828125,1879.550048828125,1884.8900146484375,1872.5699462890625,1872.5699462890625,3215440000,0.004092139025126507,0.40837889961278256
2014-04-23,1875.3900146484375,1875.3900146484375,1879.75,1873.9100341796875,1879.3199462890625,3085720000,-0.002213313863220212,-0.22157668625220617
2014-04-24,1878.6099853515625,1878.6099853515625,1884.06005859375,1870.239990234375,1881.969970703125,3191830000,0.0017169605671216726,0.17154882753308748
2014-04-25,1863.4000244140625,1863.4000244140625,1877.719970703125,1859.699951171875,1877.719970703125,3213020000,-0.008096390978489132,-0.8129344743501644
2014-04-28,1869.4300537109375,1869.4300537109375,1877.010009765625,1850.6099853515625,1865.0,4034680000,0.0032360358580392212,0.3230811162502344
2014-04-29,1878.3299560546875,1878.3299560546875,1880.5999755859375,1870.780029296875,1870.780029296875,3647820000,0.004760757069291355,0.47494605046335214
2014-04-30,1883.949951171875,1883.949951171875,1885.199951171875,1872.68994140625,1877.0999755859375,3779230000,0.002992016977140688,0.298754980270127
2014-05-01,1883.6800537109375,1883.6800537109375,1888.5899658203125,1878.0400390625,1884.3900146484375,3416740000,-0.0001432614814260713,-0.014327174433229933
2014-05-02,1881.1400146484375,1881.1400146484375,1891.3299560546875,1878.5,1885.300048828125,3159560000,-0.0013484450597095465,-0.13493550298709084
2014-05-05,1884.6600341796875,1884.6600341796875,1885.510009765625,1866.77001953125,1879.449951171875,2733730000,0.001871216126306141,0.18694675823397822
2014-05-06,1867.719970703125,1867.719970703125,1883.68994140625,1867.719970703125,1883.68994140625,3327260000,-0.008988392160571124,-0.9029031461991046
2014-05-07,1878.2099609375,1878.2099609375,1878.8299560546875,1859.7900390625,1868.530029296875,3632950000,0.005616468420812426,0.5600754871033284
2014-05-08,1875.6300048828125,1875.6300048828125,1889.0699462890625,1870.050048828125,1877.3900146484375,3393420000,-0.0013736249452109828,-0.1374569232786406
2014-05-09,1878.47998046875,1878.47998046875,1878.5699462890625,1867.02001953125,1875.27001953125,3025020000,0.001519476431128819,0.15183231948788392
2014-05-12,1896.6500244140625,1896.6500244140625,1897.1300048828125,1880.030029296875,1880.030029296875,3005740000,0.009672737603931392,0.9626256172315508
2014-05-13,1897.449951171875,1897.449951171875,1902.1700439453125,1896.06005859375,1896.75,2915680000,0.0004217577030636299,0.042166878828303375
2014-05-14,1888.530029296875,1888.530029296875,1897.1300048828125,1885.77001953125,1897.1300048828125,2822060000,-0.004701005088166399,-0.47120895650170913
2014-05-15,1870.8499755859375,1870.8499755859375,1888.1600341796875,1862.3599853515625,1888.1600341796875,3552640000,-0.00936180703333589,-0.9405904183934792
2014-05-16,1877.8599853515625,1877.8599853515625,1878.280029296875,1864.8199462890625,1871.18994140625,3173650000,0.00374696520677964,0.37399628190006035
2014-05-19,1885.0799560546875,1885.0799560546875,1886.0,1872.4200439453125,1876.6600341796875,2664250000,0.0038447864907102947,0.3837414189704193
2014-05-20,1872.8299560546875,1872.8299560546875,1884.8800048828125,1868.1400146484375,1884.8800048828125,3007700000,-0.00649839809746755,-0.6519604608543308
2014-05-21,1888.030029296875,1888.030029296875,1888.800048828125,1873.3399658203125,1873.3399658203125,2777140000,0.008116098951240547,0.8083340547746922
2014-05-22,1892.489990234375,1892.489990234375,1896.3299560546875,1885.3900146484375,1888.18994140625,2759800000,0.0023622298736216685,0.23594441947138817
2014-05-23,1900.530029296875,1900.530029296875,1901.260009765625,1893.3199462890625,1893.3199462890625,2396280000,0.004248391856225497,0.4239392917884754
2014-05-27,1911.9100341796875,1911.9100341796875,1912.280029296875,1902.010009765625,1902.010009765625,2911020000,0.005987805879090757,0.5969950211528873
2014-05-28,1909.780029296875,1909.780029296875,1914.4599609375,1907.300048828125,1911.77001953125,2976450000,-0.0011140717108722997,-0.11146927500584232
2014-05-29,1920.030029296875,1920.030029296875,1920.030029296875,1909.8199462890625,1910.5999755859375,2709050000,0.0053671102654548886,0.5352758657361124
2014-05-30,1923.5699462890625,1923.5699462890625,1924.030029296875,1916.6400146484375,1920.3299560546875,3263490000,0.0018436779311643559,0.18419804431013698
2014-06-02,1924.969970703125,1924.969970703125,1925.8800048828125,1915.97998046875,1923.8699951171875,2509020000,0.0007278261010281728,0.07275613640587
2014-06-03,1924.239990234375,1924.239990234375,1925.0699462890625,1918.7900390625,1923.0699462890625,2867180000,-0.00037921654875650024,-0.03792884695348666
2014-06-04,1927.8800048828125,1927.8800048828125,1928.6300048828125,1918.5999755859375,1923.06005859375,2793920000,0.001891663548679423,0.18898766063629324
2014-06-05,1940.4599609375,1940.4599609375,1941.739990234375,1922.9300537109375,1928.52001953125,3113270000,0.006525279593556643,0.6504082119662982
2014-06-06,1949.43994140625,1949.43994140625,1949.43994140625,1942.4100341796875,1942.4100341796875,2864300000,0.004627758701298612,0.46170835480189804
2014-06-09,1951.27001953125,1951.27001953125,1955.550048828125,1947.1600341796875,1948.969970703125,2812180000,0.0009387712266117898,0.09383308564868176
2014-06-10,1950.7900390625,1950.7900390625,1950.8599853515625,1944.6400146484375,1950.3399658203125,2702360000,-0.00024598362294592224,-0.02460138818795375
2014-06-11,1943.8900146484375,1943.8900146484375,1949.3699951171875,1940.0799560546875,1949.3699951171875,2710620000,-0.0035370410325543666,-0.354331115166594
2014-06-12,1930.1099853515625,1930.1099853515625,1943.3499755859375,1925.780029296875,1943.3499755859375,3040480000,-0.00708889350376507,-0.711413908891029
2014-06-13,1936.1600341796875,1936.1600341796875,1937.300048828125,1927.68994140625,1930.800048828125,2598230000,0.003134561695468774,0.312965919907076
2014-06-16,1937.780029296875,1937.780029296875,1941.1500244140625,1930.9100341796875,1934.8399658203125,2926130000,0.0008367051734305964,0.08363553307868064
2014-06-17,1941.989990234375,1941.989990234375,1943.68994140625,1933.550048828125,1937.1500244140625,2971260000,0.0021725690603942027,0.21702124448891516
2014-06-18,1956.97998046875,1956.97998046875,1957.739990234375,1939.2900390625,1942.72998046875,3065220000,0.007718881307192449,0.7689243160729405
2014-06-19,1959.47998046875,1959.47998046875,1959.8699951171875,1952.260009765625,1957.5,2952150000,0.0012774785766593855,0.1276663295165036
2014-06-20,1962.8699951171875,1962.8699951171875,1963.9100341796875,1959.1700439453125,1960.449951171875,4336240000,0.0017300583227324307,0.172856349567606
2014-06-23,1962.6099853515625,1962.6099853515625,1963.739990234375,1958.8900146484375,1962.9200439453125,2717630000,-0.00013246407875799893,-0.01324728528989271
2014-06-24,1949.97998046875,1949.97998046875,1968.1700439453125,1948.3399658203125,1961.969970703125,3089700000,-0.006435310620591883,-0.645610649861748
2014-06-25,1959.530029296875,1959.530029296875,1960.8299560546875,1947.489990234375,1949.27001953125,3106710000,0.0048975112174378665,0.48855574227171933
2014-06-26,1957.219970703125,1957.219970703125,1959.8900146484375,1944.68994140625,1959.8900146484375,2778840000,-0.00117888399729138,-0.11795794276391144
2014-06-27,1960.9599609375,1960.9599609375,1961.469970703125,1952.1800537109375,1956.56005859375,4290590000,0.001910868625069062,0.1909045238083737
2014-06-30,1960.22998046875,1960.22998046875,1964.239990234375,1958.219970703125,1960.7900390625,3037350000,-0.0003722566922789161,-0.03723259970013541
2014-07-01,1973.3199462890625,1973.3199462890625,1978.5799560546875,1962.2900390625,1962.2900390625,3188240000,0.006677770440579822,0.6655572896822518
2014-07-02,1974.6199951171875,1974.6199951171875,1976.6700439453125,1972.5799560546875,1973.06005859375,2851480000,0.0006588129971369927,0.06585960751231935
2014-07-03,1985.43994140625,1985.43994140625,1985.5899658203125,1975.8800048828125,1975.8800048828125,1998090000,0.005479508115899812,0.5464550227672395
2014-07-07,1977.6500244140625,1977.6500244140625,1984.219970703125,1974.8800048828125,1984.219970703125,2681260000,-0.003923521850109468,-0.3931239054323629
2014-07-08,1963.7099609375,1963.7099609375,1976.3900146484375,1959.4599609375,1976.3900146484375,3302430000,-0.00704880201475111,-0.7073762181680687
2014-07-09,1972.8299560546875,1972.8299560546875,1974.1500244140625,1965.0999755859375,1965.0999755859375,2858800000,0.004644267890169251,0.4633516553259208
2014-07-10,1964.6800537109375,1964.6800537109375,1969.8399658203125,1952.8599853515625,1966.6700439453125,3165690000,-0.004131071874054704,-0.41396283244737225
2014-07-11,1967.5699462890625,1967.5699462890625,1968.6700439453125,1959.6300048828125,1965.760009765625,2684630000,0.0014709227452411877,0.14698419980472352
2014-07-14,1977.0999755859375,1977.0999755859375,1979.8499755859375,1969.8599853515625,1969.8599853515625,2744920000,0.004843552990250188,0.48318607269969255
2014-07-15,1973.280029296875,1973.280029296875,1982.52001953125,1965.3399658203125,1977.3599853515625,3328740000,-0.0019320956634630848,-0.19339645679456247
2014-07-16,1981.5699462890625,1981.5699462890625,1983.93994140625,1975.6700439453125,1976.3499755859375,3390950000,0.004201084929208676,0.41922850094485553
2014-07-17,1958.1199951171875,1958.1199951171875,1981.800048828125,1955.5899658203125,1979.75,3381680000,-0.01183402645755216,-1.1904605927478003
2014-07-18,1978.219970703125,1978.219970703125,1979.9100341796875,1960.8199462890625,1961.5400390625,3106060000,0.010264935568841116,1.0212608899671183
2014-07-21,1973.6300048828125,1973.6300048828125,1976.9300537109375,1965.77001953125,1976.9300537109375,2611160000,-0.0023202504717819705,-0.2322946423904652
2014-07-22,1983.530029296875,1983.530029296875,1986.239990234375,1975.6500244140625,1975.6500244140625,2890480000,0.005016150134305564,0.5003611167300126
2014-07-23,1987.010009765625,1987.010009765625,1989.22998046875,1982.43994140625,1985.3199462890625,2869720000,0.0017544380056517817,0.1752900777012884
2014-07-24,1987.97998046875,1987.97998046875,1991.3900146484375,1985.7900390625,1988.0699462890625,3203530000,0.00048815592189166424,0.0488036812550669
2014-07-25,1978.3399658203125,1978.3399658203125,1984.5999755859375,1974.3699951171875,1984.5999755859375,2638960000,-0.004849150767687549,-0.4860946046109087
2014-07-28,1978.9100341796875,1978.9100341796875,1981.52001953125,1967.31005859375,1978.25,2803320000,0.0002881549022029084,0.028811339355283253
2014-07-29,1969.949951171875,1969.949951171875,1984.8499755859375,1969.949951171875,1980.030029296875,3183300000,-0.004527786939807377,-0.4538068413714011
2014-07-30,1970.0699462890625,1970.0699462890625,1978.9000244140625,1962.4200439453125,1973.2099609375,3448250000,6.091277451791832e-05,0.0060910919410201375
2014-07-31,1930.6700439453125,1930.6700439453125,1965.1400146484375,1930.6700439453125,1965.1400146484375,4193000000,-0.019999240340662028,-2.020193215523012
2014-08-01,1925.1500244140625,1925.1500244140625,1937.3499755859375,1916.3699951171875,1929.800048828125,3789660000,-0.002859121137017251,-0.2863216231298331
2014-08-04,1938.989990234375,1938.989990234375,1942.9200439453125,1921.199951171875,1926.6199951171875,3072920000,0.007189032358413172,0.7163314449646608
2014-08-05,1920.2099609375,1920.2099609375,1936.3399658203125,1913.77001953125,1936.3399658203125,3462520000,-0.009685469956760784,-0.9732679197336651
2014-08-06,1920.239990234375,1920.239990234375,1927.9100341796875,1911.449951171875,1917.2900390625,3539150000,1.563854864095049e-05,0.0015638426360123552
2014-08-07,1909.5699462890625,1909.5699462890625,1928.8900146484375,1904.780029296875,1923.030029296875,3230520000,-0.0055566200056119674,-0.5572115446733026
2014-08-08,1931.5899658203125,1931.5899658203125,1932.3800048828125,1909.010009765625,1910.3499755859375,2902280000,0.011531402436471216,1.1465422557972031
2014-08-11,1936.9200439453125,1936.9200439453125,1944.9000244140625,1933.4300537109375,1933.4300537109375,2784890000,0.0027594252503462258,0.27556250258418474
2014-08-12,1933.75,1933.75,1939.6500244140625,1928.2900390625,1935.72998046875,2611700000,-0.00163664161317445,-0.16379823741559416
2014-08-13,1946.719970703125,1946.719970703125,1948.4100341796875,1935.5999755859375,1935.5999755859375,2718020000,0.006707160027472625,0.6684767102510805
2014-08-14,1955.1800537109375,1955.1800537109375,1955.22998046875,1947.4100341796875,1947.4100341796875,2609460000,0.004345814053963171,0.4336398273697699
2014-08-15,1955.06005859375,1955.06005859375,1964.0400390625,1941.5,1958.8699951171875,3023380000,-6.137292417629503e-05,-0.006137480757126603
2014-08-18,1971.739990234375,1971.739990234375,1971.989990234375,1958.3599853515625,1958.3599853515625,2638160000,0.008531672245722488,0.84954832196601
2014-08-19,1981.5999755859375,1981.5999755859375,1982.5699462890625,1972.72998046875,1972.72998046875,2656430000,0.005000651911710952,0.49881901791977945
2014-08-20,1986.510009765625,1986.510009765625,1988.5699462890625,1977.6800537109375,1980.4599609375,2579560000,0.002477812999687634,0.24747482825436223
2014-08-21,1992.3699951171875,1992.3699951171875,1994.760009765625,1986.8199462890625,1986.8199462890625,2638920000,0.0029498896671826813,0.2945547280270624
2014-08-22,1988.4000244140625,1988.4000244140625,1993.5400390625,1984.760009765625,1992.5999755859375,2301860000,-0.0019925870761225983,-0.19945749188226203
2014-08-25,1997.9200439453125,1997.9200439453125,2001.949951171875,1991.739990234375,1991.739990234375,2233880000,0.004787778824361766,0.4776353863603847
2014-08-26,2000.02001953125,2000.02001953125,2005.0400390625,1998.5899658203125,1998.5899658203125,2451950000,0.0010510808940034089,0.10505288952435787
2014-08-27,2000.1199951171875,2000.1199951171875,2002.1400146484375,1996.199951171875,2000.5400390625,2344350000,4.9987292607633904e-05,0.004998604328455613
2014-08-28,1996.739990234375,1996.739990234375,1998.550048828125,1990.52001953125,1997.4200439453125,2282400000,-0.0016899010514689339,-0.1691330544946164
2014-08-29,2003.3699951171875,2003.3699951171875,2003.3800048828125,1994.6500244140625,1998.449951171875,2259130000,0.00332041473363498,0.3314914329019902
2014-09-02,2002.280029296875,2002.280029296875,2006.1199951171875,1994.8499755859375,2004.0699462890625,2819980000,-0.0005440661600049079,-0.05442142177026967
2014-09-03,2000.719970703125,2000.719970703125,2009.280029296875,1998.1400146484375,2003.5699462890625,2809980000,-0.0007791410646480479,-0.07794447528015455
2014-09-04,1997.6500244140625,1997.6500244140625,2011.1700439453125,1992.5400390625,2001.6700439453125,3072410000,-0.0015344207755288997,-0.1535599204712169
2014-09-05,2007.7099609375,2007.7099609375,2007.7099609375,1990.0999755859375,1998.0,2818300000,0.005035885365550108,0.5023247704958487
2014-09-08,2001.5400390625,2001.5400390625,2007.1700439453125,1995.5999755859375,2007.1700439453125,2789090000,-0.003073114142502442,-0.3077845854315851
2014-09-09,1988.43994140625,1988.43994140625,2001.010009765625,1984.6099853515625,2000.72998046875,2882830000,-0.006545009043329442,-0.6566521532685439
2014-09-10,1995.68994140625,1995.68994140625,1996.6600341796875,1982.989990234375,1988.4100341796875,2912430000,0.0036460744169486414,0.3639443600367803
2014-09-11,1997.449951171875,1997.449951171875,1997.6500244140625,1985.9300537109375,1992.8499755859375,2941690000,0.0008819054148185845,0.08815167647232053
2014-09-12,1985.5400390625,1985.5400390625,1996.739990234375,1980.260009765625,1996.739990234375,3206570000,-0.005962558462297207,-0.5980405492006543
2014-09-15,1984.1300048828125,1984.1300048828125,1987.1800537109375,1978.47998046875,1986.0400390625,2776530000,-0.0007101514711097545,-0.07104037481093733
2014-09-16,1998.97998046875,1998.97998046875,2002.280029296875,1979.06005859375,1981.9300537109375,3160310000,0.007484376300642026,0.7456507324556423
2014-09-17,2001.5699462890625,2001.5699462890625,2010.739990234375,1993.2900390625,1999.300048828125,3209420000,0.0012956437010964716,0.12948050790884347
2014-09-18,2011.3599853515625,2011.3599853515625,2012.3399658203125,2003.0699462890625,2003.0699462890625,3235340000,0.0048911800862372345,0.4879257127339826
2014-09-19,2010.4000244140625,2010.4000244140625,2019.260009765625,2006.5899658203125,2012.739990234375,4880220000,-0.00047726958102545236,-0.04773835104033983
2014-09-22,1994.2900390625,1994.2900390625,2009.0799560546875,1991.010009765625,2009.0799560546875,3349670000,-0.00801332329681892,-0.80456025302185
2014-09-23,1982.77001953125,1982.77001953125,1995.4100341796875,1982.77001953125,1992.780029296875,3279350000,-0.0057765015647701645,-0.5793250079626252
2014-09-24,1998.300048828125,1998.300048828125,1999.7900390625,1978.6300048828125,1983.3399658203125,3313850000,0.00783249148610099,0.7801976758654436
2014-09-25,1965.989990234375,1965.989990234375,1997.3199462890625,1965.989990234375,1997.3199462890625,3273050000,-0.016168772358634453,-1.6300913265170507
2014-09-26,1982.8499755859375,1982.8499755859375,1986.3699951171875,1966.219970703125,1966.219970703125,2929440000,0.008575824615237426,0.8539261124001539
2014-09-29,1977.800048828125,1977.800048828125,1981.280029296875,1964.0400390625,1978.9599609375,3094440000,-0.002546802239196233,-0.2550050856915823
2014-09-30,1972.2900390625,1972.2900390625,1985.1700439453125,1968.9599609375,1978.2099609375,3951100000,-0.002785928622506484,-0.2789816544312018
2014-10-01,1946.1600341796875,1946.1600341796875,1971.43994140625,1941.719970703125,1971.43994140625,4188590000,-0.013248560995234304,-1.3337106112637436
2014-10-02,1946.1700439453125,1946.1700439453125,1952.3199462890625,1926.030029296875,1945.8299560546875,4012510000,5.143341477165109e-06,0.0005143328250229687
2014-10-03,1967.9000244140625,1967.9000244140625,1971.18994140625,1948.1199951171875,1948.1199951171875,3560970000,0.0111655096821337,1.1103635523902509
2014-10-06,1964.8199462890625,1964.8199462890625,1977.8399658203125,1958.4300537109375,1970.010009765625,3358220000,-0.0015651598591330806,-0.15663860013981837
2014-10-07,1935.0999755859375,1935.0999755859375,1962.3599853515625,1934.8699951171875,1962.3599853515625,3687870000,-0.015126053030587783,-1.5241618619128634
2014-10-08,1968.8900146484375,1968.8900146484375,1970.3599853515625,1925.25,1935.550048828125,4441890000,0.017461650296527242,1.731094749805919
2014-10-09,1928.2099609375,1928.2099609375,1967.6800537109375,1927.56005859375,1967.6800537109375,4344020000,-0.02066141501469354,-2.087784845431496
2014-10-10,1906.1300048828125,1906.1300048828125,1936.97998046875,1906.050048828125,1925.6300048828125,4550540000,-0.011451012338901223,-1.1517080026210946
2014-10-13,1874.739990234375,1874.739990234375,1912.0899658203125,1874.1400146484375,1905.6500244140625,4352580000,-0.016467929557809624,-1.6605033202522508
2014-10-14,1877.699951171875,1877.699951171875,1898.7099609375,1871.7900390625,1877.1099853515625,4812010000,0.0015788647774723774,0.1577619680866768
2014-10-15,1862.489990234375,1862.489990234375,1874.1800537109375,1820.6600341796875,1874.1800537109375,6090800000,-0.008100314924121665,-0.8133300726077349
2014-10-16,1862.760009765625,1862.760009765625,1876.010009765625,1835.02001953125,1855.949951171875,5073150000,0.0001449777086941495,0.01449672004417697
2014-10-17,1886.760009765625,1886.760009765625,1898.1600341796875,1864.9100341796875,1864.9100341796875,4482120000,0.012884107385910504,1.280181337714614
2014-10-20,1904.010009765625,1904.010009765625,1905.030029296875,1882.300048828125,1885.6199951171875,3331210000,0.00914265720638352,0.9101116121281314
2014-10-21,1941.280029296875,1941.280029296875,1942.449951171875,1909.3800048828125,1909.3800048828125,3987090000,0.019574487182363987,1.938537082775091
2014-10-22,1927.1099853515625,1927.1099853515625,1949.31005859375,1926.8299560546875,1941.2900390625,3761930000,-0.0072993302004167315,-0.7326100661612184
2014-10-23,1950.8199462890625,1950.8199462890625,1961.949951171875,1931.02001953125,1931.02001953125,3789250000,0.012303377138681793,1.2228305721599457
2014-10-24,1964.5799560546875,1964.5799560546875,1965.27001953125,1946.27001953125,1951.5899658203125,3078380000,0.007053449392805167,0.7028690175716193
2014-10-27,1961.6300048828125,1961.6300048828125,1964.6400146484375,1951.3699951171875,1962.969970703125,3538860000,-0.0015015683952100956,-0.1502696878837878
2014-10-28,1985.050048828125,1985.050048828125,1985.050048828125,1964.1400146484375,1964.1400146484375,3653260000,0.011939073060167393,1.1868364566910392
2014-10-29,1982.300048828125,1982.300048828125,1991.4000244140625,1969.0400390625,1983.2900390625,3740350000,-0.0013853554985293615,-0.13863159906425204
2014-10-30,1994.6500244140625,1994.6500244140625,1999.4000244140625,1974.75,1979.489990234375,3586150000,0.0062301242403934864,0.6210797247873184
2014-10-31,2018.050048828125,2018.050048828125,2018.18994140625,2001.199951171875,2001.199951171875,4292290000,0.011731393541549506,1.1663114233148568
2014-11-03,2017.81005859375,2017.81005859375,2024.4599609375,2013.6800537109375,2018.2099609375,3555440000,-0.00011892184463624389,-0.011892891639947337
2014-11-04,2012.0999755859375,2012.0999755859375,2015.97998046875,2001.010009765625,2015.81005859375,3956260000,-0.0028298416808328897,-0.28338532526650334
2014-11-05,2023.5699462890625,2023.5699462890625,2023.77001953125,2014.4200439453125,2015.2900390625,3766590000,0.005700497411807115,0.5684311060804489
2014-11-06,2031.2099609375,2031.2099609375,2031.6099853515625,2015.8599853515625,2023.3299560546875,3669770000,0.0037755130048497954,0.3768403644328259
2014-11-07,2031.9200439453125,2031.9200439453125,2034.260009765625,2025.0699462890625,2032.3599853515625,3704280000,0.00034958621780534216,0.034952512678080784
2014-11-10,2038.260009765625,2038.260009765625,2038.699951171875,2030.1700439453125,2032.010009765625,3284940000,0.003120184693883088,0.3115327019558855
2014-11-11,2039.6800537109375,2039.6800537109375,2041.280029296875,2035.280029296875,2038.199951171875,2958320000,0.0006966942090356198,0.06964516302874352
2014-11-12,2038.25,2038.25,2040.3299560546875,2031.949951171875,2037.75,3246650000,-0.0007011166816754955,-0.07013625789179807
2014-11-13,2039.3299560546875,2039.3299560546875,2046.1800537109375,2030.43994140625,2039.2099609375,3455270000,0.0005298447465655887,0.052970442840023106
2014-11-14,2039.8199462890625,2039.8199462890625,2042.219970703125,2035.199951171875,2039.739990234375,3227130000,0.00024027020881067784,0.02402413485468054
2014-11-17,2041.3199462890625,2041.3199462890625,2043.0699462890625,2034.4599609375,2038.2900390625,3152890000,0.0007353590216279127,0.07350887776586797
2014-11-18,2051.800048828125,2051.800048828125,2056.080078125,2041.47998046875,2041.47998046875,3416190000,0.005133983312177293,0.5120849353688389
2014-11-19,2048.719970703125,2048.719970703125,2052.139892578125,2040.3699951171875,2051.159912109375,3390850000,-0.0015011590075549863,-0.15022868756188182
2014-11-20,2052.75,2052.75,2053.840087890625,2040.489990234375,2045.8699951171875,3128290000,0.0019670962134916703,0.19651640132027542
2014-11-21,2063.5,2063.5,2071.4599609375,2056.75,2057.4599609375,3916420000,0.0052368773596394025,0.5223212603738253
2014-11-24,2069.409912109375,2069.409912109375,2070.169921875,2065.070068359375,2065.070068359375,3128060000,0.0028640233144536786,0.285992981373923
2014-11-25,2067.030029296875,2067.030029296875,2074.2099609375,2064.75,2070.14990234375,3392940000,-0.0011500296768531815,-0.11506914684172845
2014-11-26,2072.830078125,2072.830078125,2073.2900390625,2066.6201171875,2067.360107421875,2745260000,0.0028059818899186517,0.28020524716035633
2014-11-28,2067.56005859375,2067.56005859375,2075.760009765625,2065.06005859375,2074.780029296875,2504640000,-0.002542427180532325,-0.2545664637012221
2014-12-01,2053.43994140625,2053.43994140625,2065.780029296875,2049.570068359375,2065.780029296875,4159010000,-0.006829362527492333,-0.6852789344834435
2014-12-02,2066.550048828125,2066.550048828125,2068.77001953125,2053.77001953125,2053.77001953125,3686650000,0.006384461097458161,0.6364166758848178
2014-12-03,2074.330078125,2074.330078125,2076.280029296875,2066.64990234375,2067.449951171875,3612680000,0.0037647427417917267,0.37576738340269794
2014-12-04,2071.919921875,2071.919921875,2077.340087890625,2062.340087890625,2073.639892578125,3408340000,-0.0011618962070774064,-0.11625717317858437
2014-12-05,2075.3701171875,2075.3701171875,2079.469970703125,2070.81005859375,2072.780029296875,3419620000,0.0016652165347093018,0.16638315989210528
2014-12-08,2060.31005859375,2060.31005859375,2075.780029296875,2054.27001953125,2074.840087890625,3800990000,-0.007256565211683386,-0.7283022149715385
2014-12-09,2059.820068359375,2059.820068359375,2060.60009765625,2034.1700439453125,2056.550048828125,3970150000,-0.00023782354133117245,-0.023785182583414742
2014-12-10,2026.1400146484375,2026.1400146484375,2058.860107421875,2024.260009765625,2058.860107421875,4114440000,-0.01635096881921505,-1.6486121183048656
2014-12-11,2035.3299560546875,2035.3299560546875,2055.530029296875,2027.9200439453125,2027.9200439453125,3917950000,0.0045356892119050585,0.45254339716207764
2014-12-12,2002.3299560546875,2002.3299560546875,2032.25,2002.3299560546875,2030.3599853515625,4157650000,-0.016213587335965784,-1.634646579165845
2014-12-15,1989.6300048828125,1989.6300048828125,2018.68994140625,1982.260009765625,2005.030029296875,4361990000,-0.006342586611898127,-0.6362786271721939
2014-12-16,1972.739990234375,1972.739990234375,2016.8900146484375,1972.56005859375,1986.7099609375,4958680000,-0.008489022887163578,-0.8525259865380821
2014-12-17,2012.8900146484375,2012.8900146484375,2016.75,1973.77001953125,1973.77001953125,4942370000,0.020352415732846962,2.0148073243295617
2014-12-18,2061.22998046875,2061.22998046875,2061.22998046875,2018.97998046875,2018.97998046875,4703380000,0.02401520473971619,2.373137488570905
2014-12-19,2070.64990234375,2070.64990234375,2077.85009765625,2061.030029296875,2061.0400390625,6465530000,0.004570048934014581,0.4559637967419008
2014-12-22,2078.5400390625,2078.5400390625,2078.760009765625,2069.280029296875,2069.280029296875,3369520000,0.003810463907886641,0.3803222479927145
2014-12-23,2082.169921875,2082.169921875,2086.72998046875,2079.77001953125,2081.47998046875,3043950000,0.0017463617463617798,0.17448386297044874
2014-12-24,2081.8798828125,2081.8798828125,2087.56005859375,2081.860107421875,2083.25,1416980000,-0.00013929653841071588,-0.01393062410745646
2014-12-26,2088.77001953125,2088.77001953125,2092.699951171875,2084.300048828125,2084.300048828125,1735230000,0.003309574570383944,0.33041099821209485
2014-12-29,2090.570068359375,2090.570068359375,2093.550048828125,2085.75,2087.6298828125,2452360000,0.0008617745425745227,0.0861403428089447
2014-12-30,2080.35009765625,2080.35009765625,2088.489990234375,2079.530029296875,2088.489990234375,2440280000,-0.0048886047197381766,-0.4900593034504285
2014-12-31,2058.89990234375,2058.89990234375,2085.580078125,2057.93994140625,2082.110107421875,2606070000,-0.010310858415930158,-1.036438356125046
2015-01-02,2058.199951171875,2058.199951171875,2072.360107421875,2046.0400390625,2058.89990234375,2708700000,-0.0003399636723855348,-0.03400214731352804
2015-01-05,2020.5799560546875,2020.5799560546875,2054.43994140625,2017.3399658203125,2054.43994140625,3799120000,-0.018278105145113743,-1.844721353258727
2015-01-06,2002.6099853515625,2002.6099853515625,2030.25,1992.43994140625,2022.1500244140625,4460110000,-0.008893471722946522,-0.8933254690700171
2015-01-07,2025.9000244140625,2025.9000244140625,2029.6099853515625,2005.550048828125,2005.550048828125,3805480000,0.01162984267174294,1.1562735844876304
2015-01-08,2062.139892578125,2062.139892578125,2064.080078125,2030.6099853515625,2030.6099853515625,3934010000,0.017888280629516196,1.773016812715569
2015-01-09,2044.81005859375,2044.81005859375,2064.429931640625,2038.3299560546875,2063.449951171875,3364140000,-0.008403811034715436,-0.8439322147078786
2015-01-12,2028.260009765625,2028.260009765625,2049.300048828125,2022.5799560546875,2046.1300048828125,3456460000,-0.008093685160912578,-0.8126616843470486
2015-01-13,2023.030029296875,2023.030029296875,2056.929931640625,2008.25,2031.5799560546875,4107300000,-0.0025785552362955766,-0.2581885435816322
2015-01-14,2011.27001953125,2011.27001953125,2018.4000244140625,1988.43994140625,2018.4000244140625,4378680000,-0.005813067327385291,-0.583002896797565
2015-01-15,1992.6700439453125,1992.6700439453125,2021.3499755859375,1991.469970703125,2013.75,4276720000,-0.009247875921837956,-0.9290903004567546
2015-01-16,2019.4200439453125,2019.4200439453125,2020.4599609375,1988.1199951171875,1992.25,4056410000,0.013424199395820402,1.3334893186267298
2015-01-20,2022.550048828125,2022.550048828125,2028.93994140625,2004.489990234375,2020.760009765625,3944340000,0.0015499523698385698,0.1548752433400387
2015-01-21,2032.1199951171875,2032.1199951171875,2038.2900390625,2012.0400390625,2020.18994140625,3730070000,0.004731623968765364,0.47204650221893607
2015-01-22,2063.14990234375,2063.14990234375,2064.6201171875,2026.3800048828125,2034.300048828125,4176050000,0.015269721916580492,1.5154313070630328
2015-01-23,2051.820068359375,2051.820068359375,2062.97998046875,2050.5400390625,2062.97998046875,3573560000,-0.005491522439307173,-0.5506656279301936
2015-01-26,2057.090087890625,2057.090087890625,2057.6201171875,2040.969970703125,2050.419921875,3465760000,0.002568460857030219,0.25651679986232745
2015-01-27,2029.550048828125,2029.550048828125,2047.8599853515625,2019.9100341796875,2047.8599853515625,3329810000,-0.013387862410411011,-1.3478287815857577
2015-01-28,2002.1600341796875,2002.1600341796875,2042.489990234375,2001.489990234375,2032.3399658203125,4067530000,-0.013495609366348305,-1.358750281102202
2015-01-29,2021.25,2021.25,2024.6400146484375,1989.1800537109375,2002.449951171875,4127140000,0.009534685287099887,0.948951705826357
2015-01-30,1994.989990234375,1994.989990234375,2023.3199462890625,1993.3800048828125,2019.3499755859375,4568650000,-0.012991965252009852,-1.3077099006318498
2015-02-02,2020.8499755859375,2020.8499755859375,2021.6600341796875,1980.9000244140625,1996.6700439453125,4008330000,0.01296246371066978,1.2879170000215516
2015-02-03,2050.030029296875,2050.030029296875,2050.300048828125,2022.7099609375,2022.7099609375,4615900000,0.014439495293299576,1.4336238577453098
2015-02-04,2041.510009765625,2041.510009765625,2054.739990234375,2036.719970703125,2048.860107421875,4141920000,-0.0041560462088314765,-0.41647065724529614
2015-02-05,2062.52001953125,2062.52001953125,2063.550048828125,2043.449951171875,2043.449951171875,3821990000,0.010291406686777416,1.0238810710909236
2015-02-06,2055.469970703125,2055.469970703125,2072.39990234375,2049.969970703125,2062.280029296875,4232970000,-0.0034181723141418763,-0.342402761187852
2015-02-09,2046.739990234375,2046.739990234375,2056.159912109375,2041.8800048828125,2053.469970703125,3549540000,-0.004247194360987749,-0.4256239310481708
2015-02-10,2068.590087890625,2068.590087890625,2070.860107421875,2048.6201171875,2049.3798828125,3669850000,0.010675561019232394,1.0618979554062367
2015-02-11,2068.530029296875,2068.530029296875,2073.47998046875,2057.989990234375,2068.550048828125,3596860000,-2.903358867545336e-05,-0.0029034010158247173
2015-02-12,2088.47998046875,2088.47998046875,2088.530029296875,2069.97998046875,2069.97998046875,3788350000,0.009644506431775834,0.9598295065916026
2015-02-13,2096.989990234375,2096.989990234375,2097.030029296875,2086.699951171875,2088.780029296875,3527450000,0.004074738491730789,0.4066459227779422
2015-02-17,2100.340087890625,2100.340087890625,2101.300048828125,2089.800048828125,2096.469970703125,3361750000,0.0015975744623728527,0.15962996977983962
2015-02-18,2099.679931640625,2099.679931640625,2100.22998046875,2092.14990234375,2099.159912109375,3370020000,-0.0003143092177338991,-0.03143586232287482
2015-02-19,2097.449951171875,2097.449951171875,2102.1298828125,2090.7900390625,2099.25,3247100000,-0.0010620573331896477,-0.10626217157189283
2015-02-20,2110.300048828125,2110.300048828125,2110.610107421875,2085.43994140625,2097.64990234375,3281600000,0.006126533626735764,0.6107842721055837
2015-02-23,2109.659912109375,2109.659912109375,2110.050048828125,2103.0,2109.830078125,3093680000,-0.0003033391953459752,-0.0303385211985694
2015-02-24,2115.47998046875,2115.47998046875,2117.93994140625,2105.8701171875,2109.10009765625,3199840000,0.002758770892866691,0.2754972468831103
2015-02-25,2113.860107421875,2113.860107421875,2119.590087890625,2109.889892578125,2115.300048828125,3312340000,-0.0007657236475081541,-0.07660169636026022
2015-02-26,2110.739990234375,2110.739990234375,2113.909912109375,2103.760009765625,2113.909912109375,3408690000,-0.001476028227480719,-0.147711863025381
2015-02-27,2104.5,2104.5,2112.739990234375,2103.75,2110.8798828125,3547380000,-0.0029563045487578377,-0.29606830486323704
2015-03-02,2117.389892578125,2117.389892578125,2117.52001953125,2104.5,2105.22998046875,3409490000,0.006124919257840311,0.6106238181133017
2015-03-03,2107.780029296875,2107.780029296875,2115.760009765625,2098.260009765625,2115.760009765625,3262300000,-0.0045385421527393,-0.45488726038175675
2015-03-04,2098.530029296875,2098.530029296875,2107.719970703125,2094.489990234375,2107.719970703125,3421110000,-0.00438850348301556,-0.4398161230154572
2015-03-05,2101.0400390625,2101.0400390625,2104.25,2095.219970703125,2098.5400390625,3103030000,0.0011960799848387271,0.11953652510360889
2015-03-06,2071.260009765625,2071.260009765625,2100.909912109375,2067.27001953125,2100.909912109375,3853570000,-0.014173946589881803,-1.4275356362467067
2015-03-09,2079.429931640625,2079.429931640625,2083.489990234375,2072.2099609375,2072.25,3349090000,0.0039444211911976446,0.39366623579759685
2015-03-10,2044.1600341796875,2044.1600341796875,2076.139892578125,2044.1600341796875,2076.139892578125,3668900000,-0.01696133008584244,-1.7106820937141425
2015-03-11,2040.239990234375,2040.239990234375,2050.080078125,2039.68994140625,2044.68994140625,3406570000,-0.0019176795748703235,-0.1919520676484767
2015-03-12,2065.949951171875,2065.949951171875,2066.409912109375,2041.0999755859375,2041.0999755859375,3405860000,0.012601439566208406,1.2522702206037069
2015-03-13,2053.39990234375,2053.39990234375,2064.56005859375,2041.1700439453125,2064.56005859375,3498560000,-0.006074710968194674,-0.6093237090196838
2015-03-16,2081.18994140625,2081.18994140625,2081.409912109375,2055.35009765625,2055.35009765625,3295600000,0.013533671171787054,1.3442909023855907
2015-03-17,2074.280029296875,2074.280029296875,2080.590087890625,2065.080078125,2080.590087890625,3221840000,-0.003320173700583018,-0.33256977077820027
2015-03-18,2099.5,2099.5,2106.85009765625,2061.22998046875,2072.840087890625,4128210000,0.012158421402569175,1.2085101501628708
2015-03-19,2089.27001953125,2089.27001953125,2098.68994140625,2085.56005859375,2098.68994140625,3305220000,-0.004872579408787825,-0.4884489126950175
2015-03-20,2108.10009765625,2108.10009765625,2113.919921875,2090.320068359375,2090.320068359375,5554120000,0.00901275466979845,0.8972382193259681
2015-03-23,2104.419921875,2104.419921875,2114.860107421875,2104.419921875,2107.989990234375,3267960000,-0.0017457310425351702,-0.17472566067133016
2015-03-24,2091.5,2091.5,2107.6298828125,2091.5,2103.93994140625,3189820000,-0.006139421956948832,-0.6158345701590925
2015-03-25,2061.050048828125,2061.050048828125,2097.429931640625,2061.050048828125,2093.10009765625,3521140000,-0.014558905652342857,-1.4665926527239062
2015-03-26,2056.14990234375,2056.14990234375,2067.14990234375,2045.5,2059.93994140625,3510670000,-0.002377499996742527,-0.23803307374738966
2015-03-27,2061.02001953125,2061.02001953125,2062.830078125,2052.9599609375,2055.780029296875,3008550000,0.0023685613495147972,0.23657607295033603
2015-03-30,2086.239990234375,2086.239990234375,2088.969970703125,2064.110107421875,2064.110107421875,2917690000,0.012236645187396533,1.2162382647149435
2015-03-31,2067.889892578125,2067.889892578125,2084.050048828125,2067.0400390625,2084.050048828125,3376550000,-0.008795775050879251,-0.8834686217530795
2015-04-01,2059.68994140625,2059.68994140625,2067.6298828125,2048.3798828125,2067.6298828125,3543270000,-0.003965371271123064,-0.39732542018475253
2015-04-02,2066.9599609375,2066.9599609375,2072.169921875,2057.320068359375,2060.030029296875,3095960000,0.0035296669586522,0.35234523037141535
2015-04-06,2080.6201171875,2080.6201171875,2086.989990234375,2056.52001953125,2064.8701171875,3302970000,0.0066088151237357895,0.6587072647165644
2015-04-07,2076.330078125,2076.330078125,2089.81005859375,2076.10009765625,2080.7900390625,3065510000,-0.0020619040578628844,-0.2064032708587167
2015-04-08,2081.89990234375,2081.89990234375,2086.68994140625,2073.300048828125,2076.93994140625,3265330000,0.002682533127767339,0.26789415573472003
2015-04-09,2091.179931640625,2091.179931640625,2093.31005859375,2074.2900390625,2081.2900390625,3172360000,0.004457481018385057,0.4447575873625805
2015-04-10,2102.06005859375,2102.06005859375,2102.610107421875,2091.510009765625,2091.510009765625,3156200000,0.005202865037342352,0.5189376899456222
2015-04-13,2092.429931640625,2092.429931640625,2107.64990234375,2092.330078125,2102.030029296875,2908420000,-0.00458128059365126,-0.4591806820961145
2015-04-14,2095.840087890625,2095.840087890625,2098.6201171875,2083.239990234375,2092.280029296875,3301270000,0.0016297588743277025,0.162843225851382
2015-04-15,2106.6298828125,2106.6298828125,2111.909912109375,2097.820068359375,2097.820068359375,4013760000,0.005148195696902835,0.5134989044995592
2015-04-16,2104.989990234375,2104.989990234375,2111.300048828125,2100.02001953125,2105.9599609375,3434120000,-0.0007784436134247175,-0.07787467579851994
2015-04-17,2081.179931640625,2081.179931640625,2102.580078125,2072.3701171875,2102.580078125,3627600000,-0.011311245518606405,-1.137570418905323
2015-04-20,2100.39990234375,2100.39990234375,2103.93994140625,2084.110107421875,2084.110107421875,3000160000,0.009235131672624686,0.9192748586536723
2015-04-21,2097.2900390625,2097.2900390625,2109.639892578125,2094.3798828125,2102.820068359375,3243410000,-0.0014806053255762563,-0.1481702504767951
2015-04-22,2107.9599609375,2107.9599609375,2109.97998046875,2091.050048828125,2098.27001953125,3348480000,0.005087480356207541,0.5074582853386292
2015-04-23,2112.929931640625,2112.929931640625,2120.489990234375,2103.18994140625,2107.2099609375,3636670000,0.002357715893671175,0.23549408425523674
2015-04-24,2117.68994140625,2117.68994140625,2120.919921875,2112.800048828125,2112.800048828125,3375780000,0.002252800575326619,0.22502668247534868
2015-04-27,2108.919921875,2108.919921875,2125.919921875,2107.0400390625,2119.2900390625,3438750000,-0.004141314249916261,-0.4149913240734652
2015-04-28,2114.760009765625,2114.760009765625,2116.0400390625,2094.889892578125,2108.35009765625,3546270000,0.0027692316953564777,0.27654044373465075
2015-04-29,2106.85009765625,2106.85009765625,2113.64990234375,2097.409912109375,2112.489990234375,4074970000,-0.0037403355807980043,-0.37473481275732223
2015-04-30,2085.510009765625,2085.510009765625,2105.52001953125,2077.590087890625,2105.52001953125,4509680000,-0.010128906614839228,-1.0180553033248205
2015-05-01,2108.2900390625,2108.2900390625,2108.409912109375,2087.3798828125,2087.3798828125,3379390000,0.010923001659165044,1.0863776563455256
2015-05-04,2114.489990234375,2114.489990234375,2120.949951171875,2110.22998046875,2110.22998046875,3091580000,0.002940748690645867,0.29364331477630207
2015-05-05,2089.4599609375,2089.4599609375,2115.239990234375,2088.4599609375,2112.6298828125,3793950000,-0.011837383677612334,-1.19080033585301
2015-05-06,2080.14990234375,2080.14990234375,2098.419921875,2067.929931640625,2091.260009765625,3792210000,-0.004455724813014705,-0.4465681140931977
2015-05-07,2088.0,2088.0,2092.89990234375,2074.989990234375,2079.9599609375,3676640000,0.0037738134388320965,0.3766710469475405
2015-05-08,2116.10009765625,2116.10009765625,2117.659912109375,2092.1298828125,2092.1298828125,3399440000,0.013457901176364917,1.3368147987361163
2015-05-11,2105.330078125,2105.330078125,2117.68994140625,2104.580078125,2115.56005859375,2992670000,-0.005089560528435566,-0.5102556456082039
2015-05-12,2099.1201171875,2099.1201171875,2105.06005859375,2085.570068359375,2102.8701171875,3139520000,-0.0029496376848567873,-0.29539964393672663
2015-05-13,2098.47998046875,2098.47998046875,2110.18994140625,2096.0400390625,2099.6201171875,3374260000,-0.00030495478248648844,-0.030500129065166772
2015-05-14,2121.10009765625,2121.10009765625,2121.449951171875,2100.429931640625,2100.429931640625,3225740000,0.010779286625573148,1.0721604261760034
2015-05-15,2122.72998046875,2122.72998046875,2123.889892578125,2116.81005859375,2122.070068359375,3092080000,0.0007684139066803652,0.07681188278664758
2015-05-18,2129.199951171875,2129.199951171875,2131.780029296875,2120.010009765625,2121.300048828125,2888190000,0.003047948049283322,0.3043312472570502
2015-05-19,2127.830078125,2127.830078125,2133.02001953125,2124.5,2129.449951171875,3296030000,-0.0006433745436266181,-0.06435815978420155
2015-05-20,2125.85009765625,2125.85009765625,2134.719970703125,2122.590087890625,2127.7900390625,3025880000,-0.0009305162517933008,-0.09309494507940488
2015-05-21,2130.820068359375,2130.820068359375,2134.280029296875,2122.949951171875,2125.550048828125,3070460000,0.0023378744854138933,0.23351459087448084
2015-05-22,2126.06005859375,2126.06005859375,2132.14990234375,2126.06005859375,2130.360107421875,2571860000,-0.002233886303356414,-0.22363851494835973
2015-05-26,2104.199951171875,2104.199951171875,2125.340087890625,2099.179931640625,2125.340087890625,3342130000,-0.010281980197837881,-1.0335204907502333
2015-05-27,2123.47998046875,2123.47998046875,2126.219970703125,2105.1298828125,2105.1298828125,3127960000,0.009162641262365545,0.9120918929110081
2015-05-28,2120.7900390625,2120.7900390625,2122.27001953125,2112.860107421875,2122.27001953125,2980350000,-0.0012667608976734135,-0.12675639174870543
2015-05-29,2107.389892578125,2107.389892578125,2120.659912109375,2104.889892578125,2120.659912109375,3927390000,-0.0063184691730722164,-0.6338515184097658
2015-06-01,2111.72998046875,2111.72998046875,2119.14990234375,2102.5400390625,2108.639892578125,3011710000,0.002059461282371222,0.20573434991476608
2015-06-02,2109.60009765625,2109.60009765625,2117.590087890625,2099.139892578125,2110.409912109375,3049350000,-0.0010085961899480855,-0.10091051653478204
2015-06-03,2114.070068359375,2114.070068359375,2121.919921875,2109.610107421875,2110.639892578125,3099980000,0.0021188711112078984,0.21166294697559992
2015-06-04,2095.840087890625,2095.840087890625,2112.889892578125,2093.22998046875,2112.35009765625,3200050000,-0.008623167576889856,-0.8660562215101069
2015-06-05,2092.830078125,2092.830078125,2100.989990234375,2085.669921875,2095.090087890625,3243690000,-0.0014361829335245435,-0.14372152327325358
2015-06-08,2079.280029296875,2079.280029296875,2093.010009765625,2079.110107421875,2092.340087890625,2917150000,-0.006474509789282434,-0.6495560338305542
2015-06-09,2080.14990234375,2080.14990234375,2085.6201171875,2072.139892578125,2079.070068359375,3034580000,0.00041835300422188304,0.04182655190027647
2015-06-10,2105.199951171875,2105.199951171875,2108.5,2081.1201171875,2081.1201171875,3414320000,0.012042424827124476,1.1970491752514407
2015-06-11,2108.860107421875,2108.860107421875,2115.02001953125,2106.239990234375,2106.239990234375,3128600000,0.0017386264178671507,0.17371167565281323
2015-06-12,2094.110107421875,2094.110107421875,2107.429931640625,2091.330078125,2107.429931640625,2719400000,-0.0069942998817651425,-0.7018874653102702
2015-06-15,2084.429931640625,2084.429931640625,2091.340087890625,2072.489990234375,2091.340087890625,3061570000,-0.004622572493653387,-0.46332896217713476
2015-06-16,2096.2900390625,2096.2900390625,2097.39990234375,2082.10009765625,2084.260009765625,2919900000,0.0056898566086796,0.5673730515753803
2015-06-17,2100.43994140625,2100.43994140625,2106.7900390625,2088.860107421875,2097.39990234375,3222240000,0.0019796413026920145,0.19776843950728407
2015-06-18,2121.239990234375,2121.239990234375,2126.64990234375,2101.580078125,2101.580078125,3520360000,0.009902710578908236,0.9854000054008836
2015-06-19,2109.989990234375,2109.989990234375,2121.639892578125,2109.449951171875,2121.06005859375,4449810000,-0.0053035017498218595,-0.531761523794962
2015-06-22,2122.85009765625,2122.85009765625,2129.8701171875,2112.5,2112.5,3030020000,0.006094866554531064,0.6076367981542122
2015-06-23,2124.199951171875,2124.199951171875,2128.030029296875,2119.889892578125,2123.159912109375,3091190000,0.0006358685039113965,0.06356664251933869
2015-06-24,2108.580078125,2108.580078125,2125.10009765625,2108.580078125,2123.64990234375,3102480000,-0.00735329696164333,-0.7380465718305258
2015-06-25,2102.31005859375,2102.31005859375,2116.0400390625,2101.780029296875,2109.9599609375,3214610000,-0.0029735743006855664,-0.2978004156596414
2015-06-26,2101.489990234375,2101.489990234375,2108.919921875,2095.3798828125,2102.6201171875,5025470000,-0.0003900796440671206,-0.03901557449223848
2015-06-29,2057.639892578125,2057.639892578125,2098.6298828125,2056.639892578125,2098.6298828125,3678960000,-0.02086619391956246,-2.108696950861153
2015-06-30,2063.110107421875,2063.110107421875,2074.280029296875,2056.320068359375,2061.18994140625,4078540000,0.0026584898861461426,0.26549623524674104
2015-07-01,2077.419921875,2077.419921875,2082.780029296875,2067.0,2067.0,3727260000,0.006936040108400654,0.6912096434637041
2015-07-02,2076.780029296875,2076.780029296875,2085.06005859375,2071.02001953125,2078.030029296875,2996540000,-0.0003080227407983305,-0.030807018954653403
2015-07-06,2068.760009765625,2068.760009765625,2078.610107421875,2058.39990234375,2073.949951171875,3486360000,-0.003861756863082544,-0.3869232698897424
2015-07-07,2081.340087890625,2081.340087890625,2083.739990234375,2044.02001953125,2069.52001953125,4458660000,0.00608097510857486,0.6062560593868743
2015-07-08,2046.6800537109375,2046.6800537109375,2077.659912109375,2044.6600341796875,2077.659912109375,3608780000,-0.016652749054007043,-1.6792964912141515
2015-07-09,2051.31005859375,2051.31005859375,2074.280029296875,2049.72998046875,2049.72998046875,3446810000,0.0022622025726091177,0.22596476448199895
2015-07-10,2076.6201171875,2076.6201171875,2081.31005859375,2052.739990234375,2052.739990234375,3065070000,0.012338485100151564,1.226298638500772
2015-07-13,2099.60009765625,2099.60009765625,2100.669921875,2080.030029296875,2080.030029296875,3096730000,0.011066049239604414,1.1005268507355188
2015-07-14,2108.949951171875,2108.949951171875,2111.97998046875,2098.179931640625,2099.719970703125,3002120000,0.004453159211633695,0.44432732365001704
2015-07-15,2107.39990234375,2107.39990234375,2114.139892578125,2102.489990234375,2109.010009765625,3261810000,-0.000734986066058041,-0.07352563007372866
2015-07-16,2124.2900390625,2124.2900390625,2124.419921875,2110.550048828125,2110.550048828125,3227080000,0.008014680412562258,0.7982733444475738
2015-07-17,2126.639892578125,2126.639892578125,2128.909912109375,2119.8798828125,2126.800048828125,3362750000,0.001106182994042637,0.110557162445071
2015-07-20,2128.280029296875,2128.280029296875,2132.820068359375,2123.659912109375,2126.85009765625,3245870000,0.00077123387202227,0.07709366240016023
2015-07-21,2119.2099609375,2119.2099609375,2128.489990234375,2115.39990234375,2127.550048828125,3343690000,-0.0042616893616069795,-0.4270796242723094
2015-07-22,2114.14990234375,2114.14990234375,2118.510009765625,2110.0,2118.2099609375,3694070000,-0.0023877098952062026,-0.23905650201902798
2015-07-23,2102.14990234375,2102.14990234375,2116.8701171875,2098.6298828125,2114.159912109375,3772810000,-0.005676040278268291,-0.5692210211379454
2015-07-24,2079.64990234375,2079.64990234375,2106.010009765625,2077.090087890625,2102.239990234375,3870040000,-0.01070332804283558,-1.0761020696661188
2015-07-27,2067.639892578125,2067.639892578125,2078.18994140625,2063.52001953125,2078.18994140625,3836750000,-0.005775015185050969,-0.5791755065064178
2015-07-28,2093.25,2093.25,2095.60009765625,2069.090087890625,2070.75,4117740000,0.012386154626733425,1.2310073801889354
2015-07-29,2108.570068359375,2108.570068359375,2110.60009765625,2094.080078125,2094.699951171875,4038900000,0.007318795346650031,0.7292142927383681
2015-07-30,2108.6298828125,2108.6298828125,2110.47998046875,2094.969970703125,2106.780029296875,3579410000,2.836730636679441e-05,0.0028366904022368087
2015-07-31,2103.840087890625,2103.840087890625,2114.239990234375,2102.070068359375,2111.60009765625,3681340000,-0.002271519985995063,-0.2274103801051709
2015-08-03,2098.0400390625,2098.0400390625,2105.699951171875,2087.31005859375,2104.489990234375,3476770000,-0.002756886733696673,-0.27606939449045503
2015-08-04,2093.320068359375,2093.320068359375,2102.510009765625,2088.60009765625,2097.679931640625,3546710000,-0.002249704779339723,-0.22522391669328679
2015-08-05,2099.840087890625,2099.840087890625,2112.659912109375,2095.27001953125,2095.27001953125,3968680000,0.0031146787487494887,0.3109838185490679
2015-08-06,2083.56005859375,2083.56005859375,2103.320068359375,2075.530029296875,2100.75,4246570000,-0.00775298528243118,-0.7783195922562142
2015-08-07,2077.570068359375,2077.570068359375,2082.610107421875,2067.909912109375,2082.610107421875,3602320000,-0.0028748824444340126,-0.28790228563377146
2015-08-10,2104.179931640625,2104.179931640625,2105.35009765625,2080.97998046875,2080.97998046875,3514460000,0.012808166466444781,1.2726835632025084
2015-08-11,2084.070068359375,2084.070068359375,2102.659912109375,2076.489990234375,2102.659912109375,3708880000,-0.00955710249815489,-0.9603064680182269
2015-08-12,2086.050048828125,2086.050048828125,2089.06005859375,2052.090087890625,2081.10009765625,4269130000,0.0009500546545004873,0.09496036382146948
2015-08-13,2083.389892578125,2083.389892578125,2092.929931640625,2078.260009765625,2086.18994140625,3221300000,-0.0012752120935421996,-0.12760258683812037
2015-08-14,2091.5400390625,2091.5400390625,2092.449951171875,2080.610107421875,2083.14990234375,2795590000,0.003911964108786803,0.39043322743591374
2015-08-17,2102.43994140625,2102.43994140625,2102.8701171875,2079.300048828125,2089.699951171875,2867690000,0.00521142418513576,0.5197891709402951
2015-08-18,2096.919921875,2096.919921875,2103.469970703125,2094.139892578125,2101.989990234375,2949990000,-0.002625530186397551,-0.26289829356331
2015-08-19,2079.610107421875,2079.610107421875,2096.169921875,2070.530029296875,2095.68994140625,3512920000,-0.008254876246131082,-0.8289136409597112
2015-08-20,2035.72998046875,2035.72998046875,2076.610107421875,2035.72998046875,2076.610107421875,3922470000,-0.021100170073477753,-2.1325960454146156
2015-08-21,1970.8900146484375,1970.8900146484375,2034.0799560546875,1970.8900146484375,2034.0799560546875,5018240000,-0.031850965718637325,-3.2369242521878174
2015-08-24,1893.2099609375,1893.2099609375,1965.1500244140625,1867.010009765625,1965.1500244140625,6612690000,-0.03941369286646568,-4.021144434651927
2015-08-25,1867.6099853515625,1867.6099853515625,1948.0400390625,1867.0799560546875,1898.0799560546875,5183560000,-0.01352199497897244,-1.3614249742655897
2015-08-26,1940.510009765625,1940.510009765625,1943.0899658203125,1872.75,1872.75,5338250000,0.03903385877450183,3.829129943453164
2015-08-27,1987.6600341796875,1987.6600341796875,1989.5999755859375,1942.77001953125,1942.77001953125,5006390000,0.024297748621125326,2.400725448969004
2015-08-28,1988.8699951171875,1988.8699951171875,1993.47998046875,1975.18994140625,1986.06005859375,3949080000,0.0006087363616984476,0.06085511568762156
2015-08-31,1972.1800537109375,1972.1800537109375,1986.72998046875,1965.97998046875,1986.72998046875,3915100000,-0.008391670369217175,-0.8427078663984054
2015-09-01,1913.8499755859375,1913.8499755859375,1970.0899658203125,1903.0699462890625,1970.0899658203125,4371850000,-0.029576446640986798,-3.0022649842427995
2015-09-02,1948.8599853515625,1948.8599853515625,1948.9100341796875,1916.52001953125,1916.52001953125,3742620000,0.01829297500443139,1.8127671423214637
2015-09-03,1951.1300048828125,1951.1300048828125,1975.010009765625,1944.719970703125,1950.7900390625,3520700000,0.0011647935451044589,0.11641156994188924
2015-09-04,1921.219970703125,1921.219970703125,1947.760009765625,1911.2099609375,1947.760009765625,3167090000,-0.015329595723932221,-1.5448308754276239
2015-09-08,1969.4100341796875,1969.4100341796875,1970.4200439453125,1927.300048828125,1927.300048828125,3548650000,0.02508305358648033,2.4773637197038503
2015-09-09,1942.0400390625,1942.0400390625,1988.6300048828125,1937.8800048828125,1971.449951171875,3652120000,-0.01389756050907287,-1.3995035769084718
2015-09-10,1952.2900390625,1952.2900390625,1965.2900390625,1937.18994140625,1941.5899658203125,3626320000,0.005277955033794246,0.5264075444935657
2015-09-11,1961.050048828125,1961.050048828125,1961.050048828125,1939.18994140625,1951.449951171875,3218590000,0.004487043210972708,0.44770064449862806
2015-09-14,1953.030029296875,1953.030029296875,1963.06005859375,1948.27001953125,1963.06005859375,3000200000,-0.004089655710746709,-0.409804122304381
2015-09-15,1978.0899658203125,1978.0899658203125,1983.18994140625,1954.300048828125,1955.0999755859375,3239860000,0.01283131142251781,1.274968763143236
2015-09-16,1995.31005859375,1995.31005859375,1997.260009765625,1977.9300537109375,1978.02001953125,3630680000,0.008705414349693852,0.8667740715375899
2015-09-17,1990.199951171875,1990.199951171875,2020.8599853515625,1986.72998046875,1995.3299560546875,4183790000,-0.002561059320011938,-0.25643444425600986
2015-09-18,1958.030029296875,1958.030029296875,1989.6600341796875,1953.449951171875,1989.6600341796875,6021240000,-0.016164165744279924,-1.629623095438354
2015-09-21,1966.969970703125,1966.969970703125,1979.6400146484375,1955.800048828125,1960.8399658203125,3269350000,0.004565783605198437,0.45553920336726966
2015-09-22,1942.739990234375,1942.739990234375,1961.3900146484375,1929.219970703125,1961.3900146484375,3808260000,-0.012318429274285614,-1.2394930019378314
2015-09-23,1938.760009765625,1938.760009765625,1949.52001953125,1932.5699462890625,1943.239990234375,3190530000,-0.002048642890328245,-0.20507442295939468
2015-09-24,1932.239990234375,1932.239990234375,1937.1700439453125,1908.9200439453125,1934.81005859375,4091530000,-0.003362984329369434,-0.336865187130644
2015-09-25,1931.3399658203125,1931.3399658203125,1952.8900146484375,1921.5,1935.9300537109375,3721870000,-0.00046579328582951884,-0.046590180122054944
2015-09-28,1881.77001953125,1881.77001953125,1929.1800537109375,1879.2099609375,1929.1800537109375,4326660000,-0.02566609046896018,-2.600121116280911
2015-09-29,1884.0899658203125,1884.0899658203125,1899.47998046875,1871.9100341796875,1881.9000244140625,4132390000,0.001232853252514099,0.12320939129817131
2015-09-30,1920.030029296875,1920.030029296875,1920.530029296875,1887.1400146484375,1887.1400146484375,4525070000,0.019075555906861608,1.889589860356512
2015-10-01,1923.8199462890625,1923.8199462890625,1927.2099609375,1900.699951171875,1919.6500244140625,3983600000,0.001973884228037459,0.19719386783371728
2015-10-02,1951.3599853515625,1951.3599853515625,1951.3599853515625,1893.699951171875,1921.77001953125,4378570000,0.014315289284541954,1.4213793016405512
2015-10-05,1987.050048828125,1987.050048828125,1989.1700439453125,1954.3299560546875,1954.3299560546875,4334490000,0.018289840800508328,1.8124593518502157
2015-10-06,1979.9200439453125,1979.9200439453125,1991.6199951171875,1971.989990234375,1986.6300048828125,4202400000,-0.0035882361830883447,-0.35946893441433
2015-10-07,1995.8299560546875,1995.8299560546875,1999.31005859375,1976.43994140625,1982.3399658203125,4666470000,0.008035633639867479,0.8003519857552759
2015-10-08,2013.4300537109375,2013.4300537109375,2016.5,1987.530029296875,1994.010009765625,3939140000,0.008818435459823082,0.8779780144558488
2015-10-09,2014.8900146484375,2014.8900146484375,2020.1300048828125,2007.6099853515625,2013.72998046875,3706900000,0.000725111326717931,0.07248485605153578
2015-10-12,2017.4599609375,2017.4599609375,2018.6600341796875,2010.550048828125,2015.6500244140625,2893250000,0.0012754772073804155,0.1274664477332838
2015-10-13,2003.68994140625,2003.68994140625,2022.3399658203125,2001.780029296875,2015.0,3401920000,-0.006825423947869114,-0.6848823690127077
2015-10-14,1994.239990234375,1994.239990234375,2009.56005859375,1990.72998046875,2003.6600341796875,3644590000,-0.0047162741982138545,-0.47274309119391433
2015-10-15,2023.8599853515625,2023.8599853515625,2024.1500244140625,1996.469970703125,1996.469970703125,3746290000,0.01485277361914017,1.4743551351355089
2015-10-16,2033.1099853515625,2033.1099853515625,2033.5400390625,2020.4599609375,2024.3699951171875,3595430000,0.004570474275370051,0.4560061373697022
2015-10-19,2033.6600341796875,2033.6600341796875,2034.449951171875,2022.31005859375,2031.72998046875,3287320000,0.00027054553471672627,0.02705089438730595
2015-10-20,2030.77001953125,2030.77001953125,2039.1199951171875,2026.6099853515625,2033.1300048828125,3331500000,-0.0014210903493528937,-0.14221010558937613
2015-10-21,2018.93994140625,2018.93994140625,2037.969970703125,2017.219970703125,2033.469970703125,3627790000,-0.005825414995899281,-0.5842448911134254
2015-10-22,2052.510009765625,2052.510009765625,2055.199951171875,2021.8800048828125,2021.8800048828125,4430850000,0.01662757156411132,1.6490847012594123
2015-10-23,2075.14990234375,2075.14990234375,2079.739990234375,2058.18994140625,2058.18994140625,4108460000,0.011030344539323389,1.0969953969042787
2015-10-26,2071.179931640625,2071.179931640625,2075.139892578125,2066.530029296875,2075.080078125,3385800000,-0.0019131006866738298,-0.19149330011001103
2015-10-27,2065.889892578125,2065.889892578125,2070.3701171875,2058.840087890625,2068.75,4216880000,-0.002554118539720318,-0.255738586508774
2015-10-28,2090.35009765625,2090.35009765625,2090.35009765625,2063.110107421875,2066.47998046875,4698110000,0.01184003327863703,1.1770488488143476
2015-10-29,2089.409912109375,2089.409912109375,2092.52001953125,2082.6298828125,2088.35009765625,4008940000,-0.0004497742019048401,-0.044987538066072315
2015-10-30,2079.360107421875,2079.360107421875,2094.320068359375,2079.340087890625,2090.0,4256200000,-0.004809877003672414,-0.48214816884254313
2015-11-02,2104.050048828125,2104.050048828125,2106.199951171875,2080.760009765625,2080.760009765625,3760020000,0.011873817006551102,1.1803876338814607
2015-11-03,2109.7900390625,2109.7900390625,2116.47998046875,2097.510009765625,2102.6298828125,4272060000,0.002728067346863705,0.2724352925067521
2015-11-04,2102.31005859375,2102.31005859375,2114.590087890625,2096.97998046875,2110.60009765625,4078870000,-0.003545367230984642,-0.3551666939647187
2015-11-05,2099.929931640625,2099.929931640625,2108.780029296875,2090.409912109375,2101.679931640625,4051890000,-0.0011321483923818487,-0.11327897564983025
2015-11-06,2099.199951171875,2099.199951171875,2101.909912109375,2083.739990234375,2098.60009765625,4369020000,-0.0003476213457177524,-0.03476817800236606
2015-11-09,2078.580078125,2078.580078125,2096.56005859375,2068.239990234375,2096.56005859375,3882350000,-0.009822729385718598,-0.9871290656502512
2015-11-10,2081.719970703125,2081.719970703125,2083.669921875,2069.909912109375,2077.18994140625,3821440000,0.0015105949543003927,0.15094551534496445
2015-11-11,2075.0,2075.0,2086.93994140625,2074.85009765625,2083.409912109375,3692410000,-0.003228085812548187,-0.32333073215689456
2015-11-12,2045.969970703125,2045.969970703125,2072.2900390625,2045.6600341796875,2072.2900390625,4016370000,-0.013990375564759017,-1.4089163336632673
2015-11-13,2023.0400390625,2023.0400390625,2044.6400146484375,2022.02001953125,2044.6400146484375,4278750000,-0.011207364706699363,-1.1270640432155439
2015-11-16,2053.18994140625,2053.18994140625,2053.219970703125,2019.3900146484375,2022.0799560546875,3741240000,0.014903265264943455,1.4793302794234362
2015-11-17,2050.43994140625,2050.43994140625,2066.68994140625,2045.9000244140625,2053.669921875,4427350000,-0.0013393792481354305,-0.13402770182465745
2015-11-18,2083.580078125,2083.580078125,2085.31005859375,2051.989990234375,2051.989990234375,3926390000,0.01616245179852549,1.6033229877172244
2015-11-19,2081.239990234375,2081.239990234375,2086.739990234375,2078.760009765625,2083.699951171875,3628110000,-0.00112310916925773,-0.11237403289792015
2015-11-20,2089.169921875,2089.169921875,2097.06005859375,2082.820068359375,2082.820068359375,3929600000,0.003810195689989637,0.38029552801494165
2015-11-23,2086.590087890625,2086.590087890625,2095.610107421875,2081.389892578125,2089.409912109375,3587980000,-0.0012348607728660532,-0.12356238416840883
2015-11-24,2089.139892578125,2089.139892578125,2094.1201171875,2070.2900390625,2084.419921875,3884930000,0.0012219959743400288,0.12212499449607925
2015-11-25,2088.8701171875,2088.8701171875,2093.0,2086.300048828125,2089.300048828125,2852940000,-0.00012913227667687988,-0.012914061496715576
2015-11-27,2090.110107421875,2090.110107421875,2093.2900390625,2084.1298828125,2088.820068359375,1466840000,0.0005936176807606053,0.05934415594808398
2015-11-30,2080.409912109375,2080.409912109375,2093.81005859375,2080.409912109375,2090.949951171875,4275030000,-0.004640997274763192,-0.4651800139618441
2015-12-01,2102.6298828125,2102.6298828125,2103.3701171875,2082.929931640625,2082.929931640625,3712120000,0.01068057336863748,1.062393894673922
2015-12-02,2079.510009765625,2079.510009765625,2104.27001953125,2077.110107421875,2101.7099609375,3950640000,-0.010995693172566212,-1.1056592639448921
2015-12-03,2049.6201171875,2049.6201171875,2085.0,2042.3499755859375,2080.7099609375,4306490000,-0.014373526666262015,-1.4477826444150088
2015-12-04,2091.68994140625,2091.68994140625,2093.840087890625,2051.239990234375,2051.239990234375,4214910000,0.0205256690573854,2.031785636385123
2015-12-07,2077.070068359375,2077.070068359375,2090.419921875,2066.780029296875,2090.419921875,4043820000,-0.006989502964787397,-0.7014043960397749
2015-12-08,2063.590087890625,2063.590087890625,2073.85009765625,2052.320068359375,2073.389892578125,4173570000,-0.0064899016523778386,-0.6511052625594548
2015-12-09,2047.6199951171875,2047.6199951171875,2080.330078125,2036.530029296875,2061.169921875,4385250000,-0.007738985017979982,-0.7769086365692726
2015-12-10,2052.22998046875,2052.22998046875,2067.64990234375,2045.6700439453125,2047.9300537109375,3715150000,0.0022513871531610885,0.22488565785946774
2015-12-11,2012.3699951171875,2012.3699951171875,2047.27001953125,2008.800048828125,2047.27001953125,4301060000,-0.019422767297482935,-1.961386775581532
2015-12-14,2021.93994140625,2021.93994140625,2022.9200439453125,1993.260009765625,2013.3699951171875,4612440000,0.004755560017433602,0.47442880640680246
2015-12-15,2043.4100341796875,2043.4100341796875,2053.8701171875,2025.550048828125,2025.550048828125,4353540000,0.010618561082731848,1.0562580105914385
2015-12-16,2073.070068359375,2073.070068359375,2076.719970703125,2042.4300537109375,2046.5,4635450000,0.014514969430300617,1.4410635650771484
2015-12-17,2041.8900146484375,2041.8900146484375,2076.3701171875,2041.6600341796875,2073.760009765625,4327390000,-0.015040520909943678,-1.5154776635876313
2015-12-18,2005.550048828125,2005.550048828125,2040.81005859375,2005.3299560546875,2040.81005859375,6683070000,-0.01779722000676387,-1.7957495007106936
2015-12-21,2021.1500244140625,2021.1500244140625,2022.9000244140625,2005.9300537109375,2010.27001953125,3760280000,0.0077784025360287945,0.77483067271562
2015-12-22,2038.969970703125,2038.969970703125,2042.739990234375,2020.489990234375,2023.1500244140625,3520860000,0.008816736053143037,0.8778095591568889
2015-12-23,2064.2900390625,2064.2900390625,2064.72998046875,2042.199951171875,2042.199951171875,3484090000,0.01241806830075265,1.2341596527553889
2015-12-24,2060.989990234375,2060.989990234375,2067.360107421875,2058.72998046875,2063.52001953125,1411860000,-0.001598636221499028,-0.15999154038633195
2015-12-28,2056.5,2056.5,2057.77001953125,2044.199951171875,2057.77001953125,2492510000,-0.00217855994238203,-0.21809364563060168
2015-12-29,2078.360107421875,2078.360107421875,2081.56005859375,2060.5400390625,2060.5400390625,2542000000,0.010629762908764828,1.0573664173022947
2015-12-30,2063.360107421875,2063.360107421875,2077.340087890625,2061.969970703125,2077.340087890625,2367430000,-0.007217228595965963,-0.7243398783778549
2015-12-31,2043.93994140625,2043.93994140625,2062.5400390625,2043.6199951171875,2060.590087890625,2655330000,-0.00941191309542666,-0.9456485041467846
2016-01-04,2012.6600341796875,2012.6600341796875,2038.199951171875,1989.6800537109375,2038.199951171875,4304880000,-0.015303731089594375,-1.5422041797805928
2016-01-05,2016.7099609375,2016.7099609375,2021.93994140625,2004.1700439453125,2013.780029296875,3706620000,0.0020122259542274534,0.20102041393599396
2016-01-06,1990.260009765625,1990.260009765625,2011.7099609375,1979.050048828125,2011.7099609375,4336660000,-0.013115396702646942,-1.320216300262602
2016-01-07,1943.0899658203125,1943.0899658203125,1985.3199462890625,1938.8299560546875,1985.3199462890625,5076590000,-0.023700443014411654,-2.3985816519344776
2016-01-08,1922.030029296875,1922.030029296875,1960.4000244140625,1918.4599609375,1945.969970703125,4664940000,-0.010838374390218508,-1.0897537445847907
2016-01-11,1923.6700439453125,1923.6700439453125,1935.6500244140625,1901.0999755859375,1926.1199951171875,4607290000,0.0008532721255336551,0.08529082958226729
2016-01-12,1938.6800537109375,1938.6800537109375,1947.3800048828125,1914.3499755859375,1927.8299560546875,4887260000,0.00780279851675636,0.7772514117774859
2016-01-13,1890.280029296875,1890.280029296875,1950.3299560546875,1886.4100341796875,1940.3399658203125,5087030000,-0.02496545230421965,-2.528237507790902
2016-01-14,1921.8399658203125,1921.8399658203125,1934.469970703125,1878.9300537109375,1891.6800537109375,5241110000,0.016695905386662213,1.6558060934383971
2016-01-15,1880.3299560546875,1880.3299560546875,1916.6800537109375,1857.8299560546875,1916.6800537109375,5468460000,-0.021599098001850003,-2.1835772698162375
2016-01-19,1881.3299560546875,1881.3299560546875,1901.43994140625,1864.5999755859375,1888.6600341796875,4928350000,0.0005318215543925753,0.053168018742882864
2016-01-20,1859.3299560546875,1859.3299560546875,1876.1800537109375,1812.2900390625,1876.1800537109375,6416070000,-0.011693855152413501,-1.1762766025898372
2016-01-21,1868.989990234375,1868.989990234375,1889.8499755859375,1848.97998046875,1861.4599609375,5078810000,0.005195438361131455,0.5181988635948063
2016-01-22,1906.9000244140625,1906.9000244140625,1908.8499755859375,1877.4000244140625,1877.4000244140625,4901760000,0.020283701024494727,2.008072688221347
2016-01-25,1877.0799560546875,1877.0799560546875,1906.280029296875,1875.969970703125,1906.280029296875,4401380000,-0.015637982053378963,-1.5761545172821467
2016-01-26,1903.6300048828125,1903.6300048828125,1906.72998046875,1878.7900390625,1878.7900390625,4357940000,0.014144335590226431,1.4045237830367907
2016-01-27,1882.949951171875,1882.949951171875,1916.989990234375,1872.699951171875,1902.52001953125,4754040000,-0.010863483795639506,-1.0922922300528426
2016-01-28,1893.3599853515625,1893.3599853515625,1902.9599609375,1873.6500244140625,1885.219970703125,4693010000,0.005528577205787588,0.5513350717591524
2016-01-29,1940.239990234375,1940.239990234375,1940.239990234375,1894.0,1894.0,5497570000,0.0247602174153414,2.4458650994556432
2016-02-01,1939.3800048828125,1939.3800048828125,1947.199951171875,1920.300048828125,1936.93994140625,4322530000,-0.00044323658717015935,-0.044333484554180534
2016-02-02,1903.030029296875,1903.030029296875,1935.260009765625,1897.2900390625,1935.260009765625,4463190000,-0.018743090830274922,-1.892096871823143
2016-02-03,1912.530029296875,1912.530029296875,1918.010009765625,1872.22998046875,1907.0699462890625,5172950000,0.004992038934619414,0.49796200215740233
2016-02-04,1915.449951171875,1915.449951171875,1927.3499755859375,1900.52001953125,1911.6700439453125,5193320000,0.0015267325638141926,0.15255682925234376
2016-02-05,1880.050048828125,1880.050048828125,1913.0699462890625,1872.6500244140625,1913.0699462890625,4929940000,-0.018481246310869337,-1.8654158276351849
2016-02-08,1853.43994140625,1853.43994140625,1873.25,1828.4599609375,1873.25,5636460000,-0.014153935656373462,-1.4255057923057348
2016-02-09,1852.2099609375,1852.2099609375,1868.25,1834.93994140625,1848.4599609375,5183220000,-0.0006636203533073592,-0.06638406467602255
2016-02-10,1851.8599853515625,1851.8599853515625,1881.5999755859375,1850.3199462890625,1857.0999755859375,4471170000,-0.00018895027740828407,-0.018896813076091645
2016-02-11,1829.0799560546875,1829.0799560546875,1847.0,1810.0999755859375,1847.0,5500800000,-0.012301161792504733,-1.2377447329256215
2016-02-12,1864.780029296875,1864.780029296875,1864.780029296875,1833.4000244140625,1833.4000244140625,4696920000,0.019518049565855122,1.933001520704595
2016-02-16,1895.5799560546875,1895.5799560546875,1895.77001953125,1871.43994140625,1871.43994140625,4570670000,0.01651665412216241,1.6381737741684916
2016-02-17,1926.8199462890625,1926.8199462890625,1930.6800537109375,1898.800048828125,1898.800048828125,5011540000,0.01648043921048603,1.6346110625641337
2016-02-18,1917.8299560546875,1917.8299560546875,1930.0,1915.0899658203125,1927.5699462890625,4436490000,-0.004665713707027619,-0.46766321239347053
2016-02-19,1917.780029296875,1917.780029296875,1918.780029296875,1902.1700439453125,1916.739990234375,4142850000,-2.6032942938902792e-05,-0.00260332818018429
2016-02-22,1945.5,1945.5,1946.699951171875,1924.43994140625,1924.43994140625,4054710000,0.014454197186153817,1.4350731099076084
2016-02-23,1921.27001953125,1921.27001953125,1942.3800048828125,1919.43994140625,1942.3800048828125,3890650000,-0.012454371867771763,-1.253257757078849
2016-02-24,1929.800048828125,1929.800048828125,1932.0799560546875,1891.0,1917.56005859375,4317250000,0.004439786812972857,0.44299600346319484
2016-02-25,1951.699951171875,1951.699951171875,1951.8299560546875,1925.4100341796875,1931.8699951171875,4118210000,0.011348275359951865,1.1284366730450845
2016-02-26,1948.050048828125,1948.050048828125,1962.9599609375,1945.780029296875,1954.949951171875,4348510000,-0.0018701144822791393,-0.18718653295646534
2016-02-29,1932.22998046875,1932.22998046875,1958.27001953125,1931.81005859375,1947.1300048828125,4588180000,-0.008120976341902342,-0.8154131091571704
2016-03-01,1978.3499755859375,1978.3499755859375,1978.3499755859375,1937.0899658203125,1937.0899658203125,4819750000,0.023868791801894718,2.3588385401618943
2016-03-02,1986.449951171875,1986.449951171875,1986.510009765625,1968.800048828125,1976.5999755859375,4666610000,0.004094308735004493,0.40859498611017003
2016-03-03,1993.4000244140625,1993.4000244140625,1993.68994140625,1977.3699951171875,1985.5999755859375,5081700000,0.0034987406745825567,0.3492634320316937
2016-03-04,1999.989990234375,1999.989990234375,2009.1300048828125,1986.77001953125,1994.010009765625,6049930000,0.0033058923144386743,0.33004398659416984
2016-03-07,2001.760009765625,2001.760009765625,2006.1199951171875,1989.3800048828125,1996.1099853515625,4968180000,0.0008850141950174084,0.08846228008639487
2016-03-08,1979.260009765625,1979.260009765625,1996.8800048828125,1977.4300537109375,1996.8800048828125,4641650000,-0.011240108649505087,-1.1303756056006187
2016-03-09,1989.260009765625,1989.260009765625,1992.68994140625,1979.8399658203125,1981.43994140625,4038120000,0.0050523932937867055,0.5039672782814251
2016-03-10,1989.5699462890625,1989.5699462890625,2005.0799560546875,1969.25,1990.969970703125,4376790000,0.00015580493345068724,0.015579279712262695
2016-03-11,2022.18994140625,2022.18994140625,2022.3699951171875,1994.7099609375,1994.7099609375,4078620000,0.01639550053418848,1.626254558885149
2016-03-14,2019.6400146484375,2019.6400146484375,2024.5699462890625,2012.050048828125,2019.27001953125,3487850000,-0.001260972921287129,-0.12617686166117467
2016-03-15,2015.9300537109375,2015.9300537109375,2015.93994140625,2005.22998046875,2015.27001953125,3560280000,-0.0018369416879204792,-0.18386309343179588
2016-03-16,2027.219970703125,2027.219970703125,2032.02001953125,2010.0400390625,2014.239990234375,4057020000,0.005600351545632654,0.5584727881779697
2016-03-17,2040.5899658203125,2040.5899658203125,2046.239990234375,2022.1600341796875,2026.9000244140625,4530480000,0.006595236486620859,0.6573583068596323
2016-03-18,2049.580078125,2049.580078125,2052.360107421875,2041.1600341796875,2041.1600341796875,6503140000,0.004405643688967897,0.43959672510261777
2016-03-21,2051.60009765625,2051.60009765625,2053.909912109375,2043.1400146484375,2047.8800048828125,3376600000,0.0009855772666846896,0.09850919042923015
2016-03-22,2049.800048828125,2049.800048828125,2056.60009765625,2040.5699462890625,2048.639892578125,3418460000,-0.000877387766836879,-0.08777728967722512
2016-03-23,2036.7099609375,2036.7099609375,2048.550048828125,2034.8599853515625,2048.550048828125,3639510000,-0.006386031602501285,-0.640650953066712
2016-03-24,2035.93994140625,2035.93994140625,2036.0400390625,2022.489990234375,2032.47998046875,3407720000,-0.0003780702927851376,-0.03781417793768198
2016-03-28,2037.050048828125,2037.050048828125,2042.6700439453125,2031.9599609375,2037.8900146484375,2809090000,0.0005452554858313974,0.0545106888072358
2016-03-29,2055.010009765625,2055.010009765625,2055.909912109375,2028.31005859375,2035.75,3822330000,0.008816651779288476,0.877801205423741
2016-03-30,2063.949951171875,2063.949951171875,2072.2099609375,2058.27001953125,2058.27001953125,3590310000,0.004350315260639448,0.43408799935662196
2016-03-31,2059.739990234375,2059.739990234375,2067.919921875,2057.4599609375,2063.77001953125,3715280000,-0.00203975921756705,-0.20418423596207116
2016-04-01,2072.780029296875,2072.780029296875,2075.070068359375,2043.97998046875,2056.6201171875,3749990000,0.006330915127309877,0.6310959066599756
2016-04-04,2066.1298828125,2066.1298828125,2074.02001953125,2062.570068359375,2073.18994140625,3485710000,-0.003208322345054082,-0.3213480045854618
2016-04-05,2045.1700439453125,2045.1700439453125,2062.5,2042.56005859375,2062.5,4154920000,-0.010144492387214377,-1.019629841179453
2016-04-06,2066.659912109375,2066.659912109375,2067.330078125,2043.0899658203125,2045.56005859375,3750800000,0.010507619269939372,1.0452797932013158
2016-04-07,2041.9100341796875,2041.9100341796875,2063.010009765625,2033.800048828125,2063.010009765625,3801250000,-0.011975786526205012,-1.2048073970004867
2016-04-08,2047.5999755859375,2047.5999755859375,2060.6298828125,2041.68994140625,2045.5400390625,3359530000,0.0027865779152880243,0.27827026046165043
2016-04-11,2041.989990234375,2041.989990234375,2062.929931640625,2041.8800048828125,2050.22998046875,3567840000,-0.0027397858070188352,-0.2743545889603945
2016-04-12,2061.719970703125,2061.719970703125,2065.050048828125,2039.739990234375,2043.719970703125,4239740000,0.0096621337827838,0.9615753881389975
2016-04-13,2082.419921875,2082.419921875,2083.179931640625,2065.919921875,2065.919921875,4191830000,0.01004013710204088,0.9990069768557895
2016-04-14,2082.780029296875,2082.780029296875,2087.840087890625,2078.1298828125,2082.889892578125,3765870000,0.0001729273803483533,0.017291243013242585
2016-04-15,2080.72998046875,2080.72998046875,2083.219970703125,2076.31005859375,2083.10009765625,3701450000,-0.0009842848497145784,-0.0984769576145959
2016-04-18,2094.340087890625,2094.340087890625,2094.659912109375,2073.64990234375,2078.830078125,3316880000,0.006541025289023228,0.6519725613797989
2016-04-19,2100.800048828125,2100.800048828125,2104.050048828125,2091.679931640625,2096.050048828125,3896830000,0.0030844851678346608,0.3079737902866533
2016-04-20,2102.39990234375,2102.39990234375,2111.050048828125,2096.320068359375,2101.52001953125,4184880000,0.0007615448773992117,0.07612550492345004
2016-04-21,2091.47998046875,2091.47998046875,2103.780029296875,2088.52001953125,2102.090087890625,4175290000,-0.005194027008290192,-0.5207562857292034
2016-04-22,2091.580078125,2091.580078125,2094.320068359375,2081.199951171875,2091.489990234375,3790580000,4.785972478082989e-05,0.004785857954074228
2016-04-25,2087.7900390625,2087.7900390625,2089.3701171875,2077.52001953125,2089.3701171875,3319740000,-0.0018120458796383465,-0.18136896207629954
2016-04-26,2091.699951171875,2091.699951171875,2096.8701171875,2085.800048828125,2089.840087890625,3557190000,0.0018727515871905798,0.18710001742369306
2016-04-27,2095.14990234375,2095.14990234375,2099.889892578125,2082.31005859375,2092.330078125,4100110000,0.001649352800310755,0.16479941117468402
2016-04-28,2075.81005859375,2075.81005859375,2099.300048828125,2071.6201171875,2090.929931640625,4309840000,-0.009230768513682652,-0.9273636061561671
2016-04-29,2065.300048828125,2065.300048828125,2073.85009765625,2052.280029296875,2071.820068359375,4704720000,-0.005063088369821722,-0.5075949230557177
2016-05-02,2081.429931640625,2081.429931640625,2083.419921875,2066.110107421875,2067.169921875,3841110000,0.007809946463542827,0.7779606697244105
2016-05-03,2063.3701171875,2063.3701171875,2077.179931640625,2054.889892578125,2077.179931640625,4173390000,-0.008676638198860664,-0.8714499388395888
2016-05-04,2051.1201171875,2051.1201171875,2060.300048828125,2045.550048828125,2060.300048828125,4058560000,-0.005936889314214544,-0.595458270547255
2016-05-05,2050.6298828125,2050.6298828125,2060.22998046875,2045.77001953125,2052.949951171875,4008530000,-0.0002390081258001331,-0.023903669279415212
2016-05-06,2057.139892578125,2057.139892578125,2057.719970703125,2039.449951171875,2047.77001953125,3796350000,0.0031746390805036384,0.31696105535526065
2016-05-09,2058.68994140625,2058.68994140625,2064.14990234375,2054.31005859375,2057.550048828125,3788620000,0.0007534970439868616,0.07532133076099479
2016-05-10,2084.389892578125,2084.389892578125,2084.8701171875,2062.6298828125,2062.6298828125,3600200000,0.012483643435067249,1.2406365236037333
2016-05-11,2064.4599609375,2064.4599609375,2083.2900390625,2064.4599609375,2083.2900390625,3821980000,-0.009561518078546327,-0.9607522877868724
2016-05-12,2064.110107421875,2064.110107421875,2073.989990234375,2053.1298828125,2067.169921875,3782390000,-0.0001694649071644072,-0.016947926796424463
2016-05-13,2046.6099853515625,2046.6099853515625,2066.7900390625,2043.1300048828125,2062.5,3579880000,-0.00847828902508041,-0.8514434161752484
2016-05-16,2066.659912109375,2066.659912109375,2071.8798828125,2046.530029296875,2046.530029296875,3501360000,0.009796652464963085,0.9748976389612767
2016-05-17,2047.2099609375,2047.2099609375,2065.68994140625,2040.8199462890625,2065.0400390625,4108960000,-0.009411297455333645,-0.9455863552162806
2016-05-18,2047.6300048828125,2047.6300048828125,2060.610107421875,2034.489990234375,2044.3800048828125,4101320000,0.00020517873267866804,0.020515768640127933
2016-05-19,2040.0400390625,2040.0400390625,2044.2099609375,2025.9100341796875,2044.2099609375,3846770000,-0.003706707658226005,-0.37135945227206246
2016-05-20,2052.320068359375,2052.320068359375,2058.35009765625,2041.8800048828125,2041.8800048828125,3507650000,0.006019504059596059,0.6001459222804671
2016-05-23,2048.0400390625,2048.0400390625,2055.580078125,2047.260009765625,2052.22998046875,3055480000,-0.0020854589704891735,-0.20876365681016884
2016-05-24,2076.06005859375,2076.06005859375,2079.669921875,2052.64990234375,2052.64990234375,3627340000,0.013681382686285826,1.3588637533990109
2016-05-25,2090.5400390625,2090.5400390625,2094.72998046875,2078.929931640625,2078.929931640625,3859160000,0.006974740643369559,0.6950529651583447
2016-05-26,2090.10009765625,2090.10009765625,2094.300048828125,2087.080078125,2091.43994140625,3230990000,-0.00021044390350322129,-0.02104660499285901
2016-05-27,2099.06005859375,2099.06005859375,2099.06005859375,2090.06005859375,2090.06005859375,3079150000,0.004286857336424754,0.4277694939439437
2016-05-31,2096.949951171875,2096.949951171875,2103.47998046875,2088.659912109375,2100.1298828125,4514410000,-0.0010052630048559275,-0.10057686205899895
2016-06-01,2099.330078125,2099.330078125,2100.969970703125,2085.10009765625,2093.93994140625,3525170000,0.0011350423274503196,0.1134398653926189
2016-06-02,2105.260009765625,2105.260009765625,2105.260009765625,2088.590087890625,2097.7099609375,3632720000,0.0028246780734553223,0.2820696166986195
2016-06-03,2099.1298828125,2099.1298828125,2104.070068359375,2085.360107421875,2104.070068359375,3627780000,-0.002911814656949452,-0.2916062236694851
2016-06-06,2109.409912109375,2109.409912109375,2113.360107421875,2100.830078125,2100.830078125,3442020000,0.004897281193053882,0.48853285193636237
2016-06-07,2112.1298828125,2112.1298828125,2119.219970703125,2110.179931640625,2110.179931640625,3534730000,0.0012894462510633087,0.1288615629197613
2016-06-08,2119.1201171875,2119.1201171875,2120.550048828125,2112.7099609375,2112.7099609375,3562060000,0.0033095665337075086,0.3304101971954724
2016-06-09,2115.47998046875,2115.47998046875,2117.639892578125,2107.72998046875,2115.64990234375,3290320000,-0.0017177585589538413,-0.17192355978938076
2016-06-10,2096.070068359375,2096.070068359375,2109.570068359375,2089.9599609375,2109.570068359375,3515010000,-0.009175181182794367,-0.9217532410166118
2016-06-13,2079.06005859375,2079.06005859375,2098.1201171875,2078.4599609375,2091.75,3392030000,-0.008115191387155773,-0.8148298789709478
2016-06-14,2075.320068359375,2075.320068359375,2081.300048828125,2064.10009765625,2076.64990234375,3759770000,-0.0017988851350955182,-0.18005050719719037
2016-06-15,2071.5,2071.5,2085.64990234375,2069.800048828125,2077.60009765625,3544720000,-0.0018407128700851372,-0.1842409063810195
2016-06-16,2077.989990234375,2077.989990234375,2079.6201171875,2050.3701171875,2066.360107421875,3628280000,0.0031329906996742096,0.31280931110455723
2016-06-17,2071.219970703125,2071.219970703125,2078.199951171875,2062.840087890625,2078.199951171875,4952630000,-0.0032579654199809127,-0.3263284144608922
2016-06-20,2083.25,2083.25,2100.659912109375,2075.580078125,2075.580078125,3467440000,0.00580818525653326,0.5791382778423102
2016-06-21,2088.89990234375,2088.89990234375,2093.659912109375,2083.02001953125,2085.18994140625,3232880000,0.002712061607464289,0.2708390604209703
2016-06-22,2085.449951171875,2085.449951171875,2099.7099609375,2084.360107421875,2089.75,3168160000,-0.0016515636618127383,-0.165292899657585
2016-06-23,2113.320068359375,2113.320068359375,2113.320068359375,2092.800048828125,2092.800048828125,3297940000,0.01336407865930278,1.3275567071955108
2016-06-24,2037.4100341796875,2037.4100341796875,2103.81005859375,2032.5699462890625,2103.81005859375,7597450000,-0.035919799994431734,-3.6580792805582627
2016-06-27,2000.5400390625,2000.5400390625,2031.449951171875,1991.6800537109375,2031.449951171875,5431220000,-0.01809650217612302,-1.8262246511702755
2016-06-28,2036.0899658203125,2036.0899658203125,2036.0899658203125,2006.6700439453125,2006.6700439453125,4385810000,0.01777016508725926,1.7614121604087918
2016-06-29,2070.77001953125,2070.77001953125,2073.1298828125,2042.68994140625,2042.68994140625,4241740000,0.017032672570028273,1.6889242971253917
2016-06-30,2098.860107421875,2098.860107421875,2098.93994140625,2070.0,2073.169921875,4622820000,0.013565044705922347,1.3473863149466128
2016-07-01,2102.949951171875,2102.949951171875,2108.7099609375,2097.89990234375,2099.340087890625,3458890000,0.00194860235588723,0.19467062930320223
2016-07-05,2088.550048828125,2088.550048828125,2095.050048828125,2080.860107421875,2095.050048828125,3658380000,-0.006847477437932237,-0.6871028985598719
2016-07-06,2099.72998046875,2099.72998046875,2100.719970703125,2074.02001953125,2084.429931640625,3909380000,0.005352963242081676,0.5338687058275959
2016-07-07,2097.89990234375,2097.89990234375,2109.080078125,2089.389892578125,2100.419921875,3604550000,-0.0008715778419239317,-0.08719578867330008
2016-07-08,2129.89990234375,2129.89990234375,2131.7099609375,2106.969970703125,2106.969970703125,3607500000,0.015253349296718177,1.51381865659924
2016-07-11,2137.159912109375,2137.159912109375,2143.159912109375,2131.719970703125,2131.719970703125,3253340000,0.003408615474199461,0.34028193119982386
2016-07-12,2152.139892578125,2152.139892578125,2155.39990234375,2139.5,2139.5,4097820000,0.007009293213798395,0.6984842307345719
2016-07-13,2152.429931640625,2152.429931640625,2156.449951171875,2146.2099609375,2153.81005859375,3502320000,0.00013476775533982632,0.013475867498170382
2016-07-14,2163.75,2163.75,2168.989990234375,2157.8798828125,2157.8798828125,3465610000,0.00525920411762093,0.5245422801697
2016-07-15,2161.739990234375,2161.739990234375,2169.050048828125,2155.7900390625,2165.1298828125,3122600000,-0.0009289473209127541,-0.09293790598711438
2016-07-18,2166.889892578125,2166.889892578125,2168.35009765625,2159.6298828125,2162.0400390625,3009310000,0.002382294987840705,0.23794618218687366
2016-07-19,2163.780029296875,2163.780029296875,2164.6298828125,2159.010009765625,2163.7900390625,2968340000,-0.0014351736522938419,-0.14362045004153862
2016-07-20,2173.02001953125,2173.02001953125,2175.6298828125,2164.889892578125,2166.10009765625,3211860000,0.004270300173431885,0.42612083157639913
2016-07-21,2165.169921875,2165.169921875,2174.56005859375,2159.75,2172.909912109375,3438900000,-0.003612528916297486,-0.36190698565249757
2016-07-22,2175.030029296875,2175.030029296875,2175.110107421875,2163.239990234375,2166.469970703125,3023280000,0.004553964713003289,0.4543626789510244
2016-07-25,2168.47998046875,2168.47998046875,2173.7099609375,2161.949951171875,2173.7099609375,3057240000,-0.0030114751244342264,-0.30160187399297006
2016-07-26,2169.179931640625,2169.179931640625,2173.5400390625,2160.179931640625,2168.969970703125,3442350000,0.0003227842443460638,0.03227321607194127
2016-07-27,2166.580078125,2166.580078125,2174.97998046875,2159.070068359375,2169.81005859375,3995500000,-0.0011985421207814095,-0.11992609468086371
2016-07-28,2170.06005859375,2170.06005859375,2172.85009765625,2159.739990234375,2166.050048828125,3664240000,0.0016062090221755643,0.1604920448092453
2016-07-29,2173.60009765625,2173.60009765625,2177.090087890625,2163.489990234375,2168.830078125,4038840000,0.0016313092573088106,0.1629980117657865
2016-08-01,2170.840087890625,2170.840087890625,2178.2900390625,2166.2099609375,2173.14990234375,3505990000,-0.0012697872845152114,-0.12705941474910584
2016-08-02,2157.030029296875,2157.030029296875,2170.199951171875,2147.580078125,2169.93994140625,3848750000,-0.006361619481225378,-0.6381940812667669
2016-08-03,2163.7900390625,2163.7900390625,2163.7900390625,2152.56005859375,2156.81005859375,3786530000,0.0031339432802557354,0.3129042716071097
2016-08-04,2164.25,2164.25,2168.18994140625,2159.070068359375,2163.510009765625,3709200000,0.00021257188969192597,0.021254929948908707
2016-08-05,2182.8701171875,2182.8701171875,2182.8701171875,2168.7900390625,2168.7900390625,3663070000,0.008603496447961101,0.856669728938006
2016-08-08,2180.889892578125,2180.889892578125,2185.43994140625,2177.85009765625,2183.760009765625,3327550000,-0.0009071655678379864,-0.09075772915415996
2016-08-09,2181.739990234375,2181.739990234375,2187.659912109375,2178.610107421875,2182.239990234375,3334300000,0.0003897939364765346,0.03897179865559824
2016-08-10,2175.489990234375,2175.489990234375,2183.409912109375,2172.0,2182.81005859375,3254950000,-0.0028646859974036376,-0.2868797063488285
2016-08-11,2185.7900390625,2185.7900390625,2188.449951171875,2177.969970703125,2177.969970703125,3423160000,0.004734588012062169,0.4723415102443644
2016-08-12,2184.050048828125,2184.050048828125,2186.280029296875,2179.419921875,2183.739990234375,3000660000,-0.0007960463737501922,-0.07963633869140574
2016-08-15,2190.14990234375,2190.14990234375,2193.81005859375,2186.080078125,2186.080078125,3078530000,0.0027929092187690685,0.2789016294521772
2016-08-16,2178.14990234375,2178.14990234375,2186.239990234375,2178.139892578125,2186.239990234375,3196400000,-0.00547907701986905,-0.5494142216478226
2016-08-17,2182.219970703125,2182.219970703125,2183.080078125,2168.5,2177.840087890625,3388910000,0.001868589648029051,0.1866846006155566
2016-08-18,2187.02001953125,2187.02001953125,2187.030029296875,2180.4599609375,2181.89990234375,3300570000,0.0021996173129046337,0.2197201696382422
2016-08-19,2183.8701171875,2183.8701171875,2185.0,2175.1298828125,2184.239990234375,3084800000,-0.0014402713809749113,-0.14413095687681865
2016-08-22,2182.639892578125,2182.639892578125,2185.14990234375,2175.9599609375,2181.580078125,2777550000,-0.000563323157221185,-0.05634818833231075
2016-08-23,2186.89990234375,2186.89990234375,2193.419921875,2186.800048828125,2187.81005859375,3041490000,0.0019517694055308787,0.1949867178361733
2016-08-24,2175.43994140625,2175.43994140625,2186.659912109375,2171.25,2185.090087890625,3148280000,-0.005240276852734871,-0.5254055259671874
2016-08-25,2172.469970703125,2172.469970703125,2179.0,2169.739990234375,2173.2900390625,2969310000,-0.0013652276243513173,-0.1366160396645455
2016-08-26,2169.0400390625,2169.0400390625,2187.93994140625,2160.389892578125,2175.10009765625,3342340000,-0.0015788165944199406,-0.15800642387132788
2016-08-29,2180.3798828125,2180.3798828125,2183.47998046875,2170.18994140625,2170.18994140625,2654780000,0.005228047221710774,0.5214428428674345
2016-08-30,2176.1201171875,2176.1201171875,2182.27001953125,2170.409912109375,2179.449951171875,3006800000,-0.0019536804841114863,-0.1955591407122778
2016-08-31,2170.949951171875,2170.949951171875,2173.7900390625,2161.35009765625,2173.56005859375,3766390000,-0.0023758642617150993,-0.23786911055626064
2016-09-01,2170.860107421875,2170.860107421875,2173.56005859375,2157.090087890625,2171.330078125,3392120000,-4.1384533048027805e-05,-0.004138538941144249
2016-09-02,2179.97998046875,2179.97998046875,2184.8701171875,2173.590087890625,2177.489990234375,3091120000,0.004201041336424849,0.41922415990346173
2016-09-06,2186.47998046875,2186.47998046875,2186.570068359375,2175.10009765625,2181.610107421875,3447650000,0.0029816787577114923,0.2977242370005349
2016-09-07,2186.159912109375,2186.159912109375,2187.8701171875,2179.070068359375,2185.169921875,3319420000,-0.0001463852229309781,-0.014639593829345095
2016-09-08,2181.300048828125,2181.300048828125,2184.93994140625,2177.489990234375,2182.760009765625,3727840000,-0.0022230136296667036,-0.22254881924702882
2016-09-09,2127.81005859375,2127.81005859375,2169.080078125,2127.81005859375,2169.080078125,4233960000,-0.02452206896667508,-2.4827742410836415
2016-09-12,2159.0400390625,2159.0400390625,2163.300048828125,2119.1201171875,2120.860107421875,4010480000,0.01467705274849096,1.4570387233434434
2016-09-13,2127.02001953125,2127.02001953125,2150.469970703125,2120.27001953125,2150.469970703125,4141670000,-0.014830674258895948,-1.4941748278210834
2016-09-14,2125.77001953125,2125.77001953125,2141.330078125,2119.89990234375,2127.860107421875,3664100000,-0.0005876766502063147,-0.058784939981283583
2016-09-15,2147.260009765625,2147.260009765625,2151.31005859375,2122.360107421875,2125.360107421875,3373720000,0.010109273363029914,1.005851644943989
2016-09-16,2139.159912109375,2139.159912109375,2146.47998046875,2131.199951171875,2146.47998046875,5014360000,-0.0037722947474507773,-0.37794277955721
2016-09-19,2139.1201171875,2139.1201171875,2153.610107421875,2135.909912109375,2143.989990234375,3141820000,-1.8603060785604697e-05,-0.0018603233824686035
2016-09-20,2139.760009765625,2139.760009765625,2150.800048828125,2139.169921875,2145.93994140625,3117380000,0.0002991382171499968,0.029909348423417772
2016-09-21,2163.1201171875,2163.1201171875,2165.110107421875,2139.570068359375,2144.580078125,3685450000,0.010917162352442444,1.0858000333635953
2016-09-22,2177.179931640625,2177.179931640625,2179.989990234375,2170.93994140625,2170.93994140625,3523860000,0.006499784427785649,0.6478751917642122
2016-09-23,2164.68994140625,2164.68994140625,2173.75,2163.969970703125,2173.2900390625,3289860000,-0.00573677446354337,-0.5753292959718775
2016-09-26,2146.10009765625,2146.10009765625,2158.5400390625,2145.0400390625,2158.5400390625,3199910000,-0.008587762798917709,-0.8624850117916046
2016-09-27,2159.929931640625,2159.929931640625,2161.1298828125,2141.550048828125,2146.0400390625,3414090000,0.006444170055012188,0.6423495165298114
2016-09-28,2171.3701171875,2171.3701171875,2172.39990234375,2151.7900390625,2161.85009765625,3860390000,0.005296554012835575,0.5282576603642458
2016-09-29,2151.1298828125,2151.1298828125,2172.669921875,2145.199951171875,2168.89990234375,4215620000,-0.009321411497187015,-0.9365127730081197
2016-09-30,2168.27001953125,2168.27001953125,2175.300048828125,2156.510009765625,2156.510009765625,4158800000,0.007967969231286176,0.79363925880277
2016-10-03,2161.199951171875,2161.199951171875,2164.409912109375,2154.77001953125,2164.330078125,3113850000,-0.0032606955294726125,-0.32660231815271223
2016-10-04,2150.489990234375,2150.489990234375,2165.4599609375,2144.010009765625,2163.3701171875,3716100000,-0.0049555622707156965,-0.4967881786362002
2016-10-05,2159.72998046875,2159.72998046875,2163.949951171875,2155.14990234375,2155.14990234375,3883710000,0.0042966906501935576,0.4287486231196994
2016-10-06,2160.77001953125,2160.77001953125,2162.929931640625,2150.280029296875,2158.219970703125,3438040000,0.00048155976529717925,0.04814438526045025
2016-10-07,2153.739990234375,2153.739990234375,2165.860107421875,2144.85009765625,2164.18994140625,3578770000,-0.0032534833570118105,-0.32587874416142043
2016-10-10,2163.659912109375,2163.659912109375,2169.60009765625,2160.389892578125,2160.389892578125,2881970000,0.004605905039596125,0.4595330317324387
2016-10-11,2136.72998046875,2136.72998046875,2161.56005859375,2128.840087890625,2161.35009765625,3393060000,-0.012446471596532338,-1.2524577697755965
2016-10-12,2139.179931640625,2139.179931640625,2145.360107421875,2132.77001953125,2137.669921875,2959510000,0.001146589037580359,0.11459322063988205
2016-10-13,2132.550048828125,2132.550048828125,2138.18994140625,2114.719970703125,2130.260009765625,3538030000,-0.0030992637479612117,-0.3104076412233994
2016-10-14,2132.97998046875,2132.97998046875,2149.18994140625,2132.97998046875,2139.679931640625,3187910000,0.00020160447857309194,0.02015841591211507
2016-10-17,2126.5,2126.5,2135.610107421875,2124.429931640625,2132.949951171875,2832440000,-0.003037994040303138,-0.3042618111840263
2016-10-18,2139.60009765625,2139.60009765625,2144.3798828125,2135.489990234375,2138.31005859375,3172940000,0.006160403318245855,0.6141505605698631
2016-10-19,2144.2900390625,2144.2900390625,2148.43994140625,2138.14990234375,2140.81005859375,3364990000,0.0021919710189710617,0.21895721553504996
2016-10-20,2141.340087890625,2141.340087890625,2147.179931640625,2133.43994140625,2142.510009765625,3339320000,-0.0013757239543792377,-0.13766711313809551
2016-10-21,2141.159912109375,2141.159912109375,2142.6298828125,2130.090087890625,2139.429931640625,3456390000,-8.414160005176807e-05,-0.008414514015477907
2016-10-24,2151.330078125,2151.330078125,2154.7900390625,2146.909912109375,2148.5,3359950000,0.004749839541692946,0.47385946474273655
2016-10-25,2143.159912109375,2143.159912109375,2151.43994140625,2141.929931640625,2149.719970703125,3756200000,-0.0037977277864983394,-0.3804957464706359
2016-10-26,2139.429931640625,2139.429931640625,2145.72998046875,2131.590087890625,2136.969970703125,3778120000,-0.0017404116452881535,-0.1741927921187231
2016-10-27,2133.0400390625,2133.0400390625,2147.1298828125,2132.52001953125,2144.06005859375,4209400000,-0.0029867267366989747,-0.29911959060088666
2016-10-28,2126.409912109375,2126.409912109375,2140.719970703125,2119.360107421875,2132.22998046875,4028270000,-0.0031082993435224138,-0.311314013962507
2016-10-31,2126.14990234375,2126.14990234375,2133.25,2125.530029296875,2129.780029296875,3926560000,-0.00012227640782913607,-0.012228388419855381
2016-11-01,2111.719970703125,2111.719970703125,2131.449951171875,2097.85009765625,2128.679931640625,4539190000,-0.006786883476427641,-0.6810019108735079
2016-11-02,2097.93994140625,2097.93994140625,2111.760009765625,2094.0,2109.429931640625,4289120000,-0.00652550029741239,-0.6546884453454002
2016-11-03,2088.659912109375,2088.659912109375,2102.56005859375,2085.22998046875,2098.800048828125,3892100000,-0.004423400838946101,-0.4433213022609399
2016-11-04,2085.179931640625,2085.179931640625,2099.070068359375,2083.7900390625,2083.7900390625,3841910000,-0.0016661307322337615,-0.16675202716929607
2016-11-07,2131.52001953125,2131.52001953125,2132.0,2100.590087890625,2100.590087890625,3739720000,0.022223543967337278,2.1980199729464904
2016-11-08,2139.56005859375,2139.56005859375,2146.8701171875,2123.56005859375,2129.919921875,3921850000,0.0037719744542996647,0.37648783971575306
2016-11-09,2163.260009765625,2163.260009765625,2170.10009765625,2125.35009765625,2131.56005859375,6267590000,0.011077020753253342,1.1016119879656034
2016-11-10,2167.47998046875,2167.47998046875,2182.300048828125,2151.169921875,2167.489990234375,6458450000,0.0019507459501284519,0.1948845716095396
2016-11-11,2164.449951171875,2164.449951171875,2165.919921875,2152.489990234375,2162.7099609375,4993990000,-0.0013979503036608554,-0.13989283477976058
2016-11-14,2164.199951171875,2164.199951171875,2171.360107421875,2156.080078125,2165.639892578125,5373670000,-0.00011550278622274313,-0.011550945718323703
2016-11-15,2180.389892578125,2180.389892578125,2180.840087890625,2166.3798828125,2168.2900390625,4548110000,0.007480797417763307,0.7452955022089459
2016-11-16,2176.93994140625,2176.93994140625,2179.219970703125,2172.199951171875,2177.530029296875,3847900000,-0.0015822634216101639,-0.15835165223759537
2016-11-17,2187.1201171875,2187.1201171875,2188.06005859375,2176.64990234375,2178.610107421875,3811730000,0.004676369608375142,0.4665469361197901
2016-11-18,2181.89990234375,2181.89990234375,2189.889892578125,2180.3798828125,2186.85009765625,3580900000,-0.002386798421690206,-0.238965136554844
2016-11-21,2198.179931640625,2198.179931640625,2198.699951171875,2186.429931640625,2186.429931640625,3611500000,0.0074614006258433285,0.7433702070873875
2016-11-22,2202.93994140625,2202.93994140625,2204.800048828125,2194.510009765625,2201.56005859375,3960520000,0.002165432272904111,0.2163091103593048
2016-11-23,2204.719970703125,2204.719970703125,2204.719970703125,2194.510009765625,2198.550048828125,3419850000,0.0008080244329033981,0.0807698156908801
2016-11-25,2213.35009765625,2213.35009765625,2213.35009765625,2206.27001953125,2206.27001953125,1584590000,0.003914386891670674,0.39067456134237083
2016-11-28,2201.719970703125,2201.719970703125,2211.139892578125,2200.360107421875,2210.2099609375,3515100000,-0.005254535631502799,-0.5268389254735216
2016-11-29,2204.659912109375,2204.659912109375,2210.4599609375,2198.14990234375,2200.760009765625,3709190000,0.0013352930642269722,0.1334402353261901
2016-11-30,2198.81005859375,2198.81005859375,2214.10009765625,2198.81005859375,2204.969970703125,5538400000,-0.0026534040390964186,-0.2656930555156394
2016-12-01,2191.080078125,2191.080078125,2202.60009765625,2187.43994140625,2200.169921875,5067470000,-0.0035155289737457407,-0.3521722966763813
2016-12-02,2191.949951171875,2191.949951171875,2197.949951171875,2188.3701171875,2191.1201171875,3782370000,0.00039700650631591117,0.03969277200846238
2016-12-05,2204.7099609375,2204.7099609375,2209.419921875,2199.969970703125,2200.64990234375,3898530000,0.005821305253253195,0.5804426926743671
2016-12-06,2212.22998046875,2212.22998046875,2212.780029296875,2202.2099609375,2207.260009765625,3857290000,0.0034108883546988267,0.34050844688746096
2016-12-07,2241.35009765625,2241.35009765625,2241.6298828125,2208.929931640625,2210.719970703125,4504070000,0.013163241364864575,1.307735874472335
2016-12-08,2246.18994140625,2246.18994140625,2251.68994140625,2237.570068359375,2241.1298828125,4203270000,0.0021593430473272335,0.21570150168711014
2016-12-09,2259.530029296875,2259.530029296875,2259.800048828125,2249.22998046875,2249.72998046875,3886460000,0.005938984786955759,0.5921418532969714
2016-12-12,2256.9599609375,2256.9599609375,2264.030029296875,2252.3701171875,2258.830078125,4038850000,-0.0011374349205595102,-0.1138082290599516
2016-12-13,2271.719970703125,2271.719970703125,2277.530029296875,2263.320068359375,2263.320068359375,3875630000,0.006539774750587091,0.651848320123699
2016-12-14,2253.280029296875,2253.280029296875,2276.199951171875,2248.43994140625,2268.35009765625,4409670000,-0.00811717185395111,-0.8150295461858615
2016-12-15,2262.030029296875,2262.030029296875,2272.1201171875,2253.77001953125,2253.77001953125,4173360000,0.0038832279549072535,0.3875707687553573
2016-12-16,2258.070068359375,2258.070068359375,2268.050048828125,2254.239990234375,2266.81005859375,5928980000,-0.0017506226204834219,-0.17521567509802416
2016-12-19,2262.530029296875,2262.530029296875,2267.469970703125,2258.2099609375,2259.239990234375,3252840000,0.001975120701520394,0.19731727152112588
2016-12-20,2270.760009765625,2270.760009765625,2272.56005859375,2266.139892578125,2266.5,3306250000,0.0036375121488696482,0.3630912401152755
2016-12-21,2265.179931640625,2265.179931640625,2271.22998046875,2265.14990234375,2270.5400390625,2854880000,-0.0024573614565177593,-0.24603857246776667
2016-12-22,2260.9599609375,2260.9599609375,2263.179931640625,2256.080078125,2262.929931640625,2880670000,-0.0018629737285675851,-0.18647112223965046
2016-12-23,2263.7900390625,2263.7900390625,2263.7900390625,2258.840087890625,2260.25,2021230000,0.0012517152775348706,0.12509325350792358
2016-12-27,2268.8798828125,2268.8798828125,2273.820068359375,2266.14990234375,2266.22998046875,1989730000,0.0022483727122095676,0.22458489045486346
2016-12-28,2249.919921875,2249.919921875,2271.31005859375,2249.110107421875,2270.22998046875,2402750000,-0.008356529175972627,-0.8391640709771516
2016-12-29,2249.260009765625,2249.260009765625,2254.510009765625,2244.56005859375,2249.5,2338700000,-0.000293304709629405,-0.029334773186837294
2016-12-30,2238.830078125,2238.830078125,2253.580078125,2233.6201171875,2251.610107421875,2671550000,-0.004637050227782158,-0.4647834696854234
2017-01-03,2257.830078125,2257.830078125,2263.8798828125,2245.1298828125,2251.570068359375,3773010000,0.008486575281279274,0.8450766753157112
2017-01-04,2270.75,2270.75,2272.820068359375,2261.60009765625,2261.60009765625,3768890000,0.005722273788525856,0.5705963770549438
2017-01-05,2269.0,2269.0,2271.5,2260.449951171875,2268.179931640625,3785080000,-0.0007706704833204681,-0.07709676024811847
2017-01-06,2276.97998046875,2276.97998046875,2282.10009765625,2264.06005859375,2271.139892578125,3342080000,0.0035169592193697863,0.3510789180579059
2017-01-09,2268.89990234375,2268.89990234375,2275.489990234375,2268.89990234375,2273.590087890625,3219730000,-0.0035485942758867184,-0.3554905471559629
2017-01-10,2268.89990234375,2268.89990234375,2279.27001953125,2265.27001953125,2269.719970703125,3640560000,0.0,0.0
2017-01-11,2275.320068359375,2275.320068359375,2275.320068359375,2260.830078125,2268.60009765625,3625080000,0.0028296382793233654,0.2825642389101951
2017-01-12,2270.43994140625,2270.43994140625,2271.780029296875,2254.25,2271.139892578125,3466220000,-0.0021448089967596173,-0.21471123937296172
2017-01-13,2274.639892578125,2274.639892578125,2278.679931640625,2271.510009765625,2272.739990234375,3090680000,0.0018498402425362048,0.18481313951466558
2017-01-17,2267.889892578125,2267.889892578125,2272.080078125,2262.81005859375,2269.139892578125,3586950000,-0.0029675026899970147,-0.2971914456218445
2017-01-18,2271.889892578125,2271.889892578125,2272.010009765625,2263.35009765625,2269.139892578125,3317670000,0.0017637540575008437,0.17622004698093202
2017-01-19,2263.68994140625,2263.68994140625,2274.330078125,2258.409912109375,2271.89990234375,3168390000,-0.003609308355419394,-0.3615837624319374
2017-01-20,2271.31005859375,2271.31005859375,2276.9599609375,2265.010009765625,2269.9599609375,3536850000,0.003366237154707852,0.33605840612999427
2017-01-23,2265.199951171875,2265.199951171875,2271.780029296875,2257.02001953125,2267.780029296875,3155240000,-0.002690124758069401,-0.2693749646069815
2017-01-24,2280.070068359375,2280.070068359375,2284.6298828125,2266.679931640625,2267.8798828125,3816950000,0.006564593637664151,0.6543140528962317
2017-01-25,2298.3701171875,2298.3701171875,2299.550048828125,2288.8798828125,2288.8798828125,3849340000,0.008026090549617448,0.7994052795968681
2017-01-26,2296.679931640625,2296.679931640625,2300.989990234375,2294.080078125,2298.6298828125,3611510000,-0.0007353844075136395,-0.07356549352631034
2017-01-27,2294.68994140625,2294.68994140625,2299.02001953125,2291.6201171875,2299.02001953125,3137420000,-0.000866463892926328,-0.08668394897415926
2017-01-30,2280.89990234375,2280.89990234375,2286.010009765625,2268.0400390625,2286.010009765625,3595040000,-0.006009543517695892,-0.6027673496096654
2017-01-31,2278.8701171875,2278.8701171875,2279.090087890625,2267.2099609375,2274.02001953125,4089730000,-0.0008899054071440649,-0.08903016080325453
2017-02-01,2279.550048828125,2279.550048828125,2289.139892578125,2272.43994140625,2285.590087890625,3919190000,0.00029836348965073256,0.029831898811628964
2017-02-02,2280.85009765625,2280.85009765625,2283.969970703125,2271.64990234375,2276.68994140625,3809760000,0.0005703094032936118,0.057014683869101364
2017-02-03,2297.419921875,2297.419921875,2298.31005859375,2287.8798828125,2288.5400390625,3605970000,0.007264758098647794,0.7238496854553608
2017-02-06,2292.56005859375,2292.56005859375,2296.179931640625,2288.570068359375,2294.280029296875,3112390000,-0.002115356985885164,-0.21175975137091033
2017-02-07,2293.080078125,2293.080078125,2299.39990234375,2290.159912109375,2295.8701171875,3452460000,0.00022682918569594257,0.022680346384577152
2017-02-08,2294.669921875,2294.669921875,2295.909912109375,2285.3798828125,2289.550048828125,3611950000,0.0006933223855400961,0.06930821486096318
2017-02-09,2307.8701171875,2307.8701171875,2311.080078125,2296.610107421875,2296.699951171875,3681600000,0.005752546449780516,0.573606373596025
2017-02-10,2316.10009765625,2316.10009765625,2319.22998046875,2311.10009765625,2312.27001953125,3496600000,0.003566050102845164,0.35597068220090916
2017-02-13,2328.25,2328.25,2331.580078125,2321.419921875,2321.719970703125,3352370000,0.005245845097992419,0.5232133584011204
2017-02-14,2337.580078125,2337.580078125,2337.580078125,2322.169921875,2326.1201171875,3528040000,0.004007335176634763,0.39993271956725795
2017-02-15,2349.25,2349.25,2351.300048828125,2334.81005859375,2335.580078125,3785870000,0.004992308919898214,0.49798886657344504
2017-02-16,2347.219970703125,2347.219970703125,2351.31005859375,2338.8701171875,2349.639892578125,3675900000,-0.0008641180363413437,-0.08644916015501691
2017-02-17,2351.159912109375,2351.159912109375,2351.159912109375,2339.580078125,2343.010009765625,3516830000,0.0016785565287558146,0.1677149327237158
2017-02-21,2365.3798828125,2365.3798828125,2366.7099609375,2354.909912109375,2354.909912109375,3587520000,0.006048066160828425,0.6029850020069154
2017-02-22,2362.820068359375,2362.820068359375,2365.1298828125,2358.340087890625,2361.110107421875,3473170000,-0.001082200145408052,-0.10827861468040931
2017-02-23,2363.81005859375,2363.81005859375,2368.260009765625,2355.090087890625,2367.5,4021770000,0.00041898672168572126,0.04188989712592335
2017-02-24,2367.340087890625,2367.340087890625,2367.340087890625,2352.8701171875,2355.72998046875,3832410000,0.0014933641914423035,0.14922502320316527
2017-02-27,2369.75,2369.75,2371.5400390625,2361.8701171875,2365.22998046875,3584680000,0.0010179830611165563,0.10174652677336642
2017-02-28,2363.639892578125,2363.639892578125,2367.7900390625,2358.9599609375,2366.080078125,4212460000,-0.0025783763780462543,-0.2581706115194909
2017-03-01,2395.9599609375,2395.9599609375,2400.97998046875,2380.1298828125,2380.1298828125,4347630000,0.013673854659866258,1.3581211083725322
2017-03-02,2381.919921875,2381.919921875,2394.75,2380.169921875,2394.75,3824030000,-0.005859880503598425,-0.587711697210527
2017-03-03,2383.1201171875,2383.1201171875,2383.889892578125,2375.389892578125,2380.919921875,3556670000,0.0005038772720600271,0.050375036853478966
2017-03-06,2375.31005859375,2375.31005859375,2378.800048828125,2367.97998046875,2375.22998046875,3251800000,-0.0032772408480052917,-0.32826227635658123
2017-03-07,2368.389892578125,2368.389892578125,2375.1201171875,2365.510009765625,2370.739990234375,3526300000,-0.0029133737680216987,-0.29176259020898776
2017-03-08,2362.97998046875,2362.97998046875,2373.090087890625,2361.010009765625,2369.81005859375,3814080000,-0.002284215165048731,-0.2286827964063899
2017-03-09,2364.8701171875,2364.8701171875,2369.080078125,2354.5400390625,2363.489990234375,3718450000,0.0007998953585612867,0.07995756127663867
2017-03-10,2372.60009765625,2372.60009765625,2376.860107421875,2363.0400390625,2372.52001953125,3434400000,0.003268670195698986,0.3263339705858542
2017-03-13,2373.469970703125,2373.469970703125,2374.419921875,2368.52001953125,2371.56005859375,3166650000,0.0003666328125562224,0.03665656191696328
2017-03-14,2365.449951171875,2365.449951171875,2368.550048828125,2358.179931640625,2368.550048828125,3173760000,-0.0033790271755046453,-0.33847489808910053
2017-03-15,2385.260009765625,2385.260009765625,2390.010009765625,2368.93994140625,2370.340087890625,3909490000,0.008374752796581397,0.8339879124686365
2017-03-16,2381.3798828125,2381.3798828125,2388.10009765625,2377.179931640625,2387.7099609375,3368880000,-0.0016267102694209612,-0.16280347991836144
2017-03-17,2378.25,2378.25,2385.7099609375,2377.639892578125,2383.7099609375,5179820000,-0.0013143147950017697,-0.13151792642314353
2017-03-20,2373.469970703125,2373.469970703125,2379.550048828125,2369.659912109375,2378.239990234375,3061560000,-0.0020098935338483948,-0.20119160803802946
2017-03-21,2344.02001953125,2344.02001953125,2381.929931640625,2341.89990234375,2379.320068359375,4278890000,-0.012407972940626899,-1.2485594590102116
2017-03-22,2348.449951171875,2348.449951171875,2351.81005859375,2336.449951171875,2343.0,3575160000,0.0018898864360001877,0.18881028474626677
2017-03-23,2345.9599609375,2345.9599609375,2358.919921875,2342.1298828125,2345.969970703125,3262400000,-0.001060269661328106,-0.10608321448300831
2017-03-24,2343.97998046875,2343.97998046875,2356.219970703125,2335.739990234375,2350.419921875,2978530000,-0.0008439958489141475,-0.08443522139384829
2017-03-27,2341.590087890625,2341.590087890625,2344.89990234375,2322.25,2329.110107421875,3242300000,-0.001019587452981141,-0.10201075858456302
2017-03-28,2358.570068359375,2358.570068359375,2363.780029296875,2337.6298828125,2339.7900390625,3369120000,0.007251474353500598,0.7225308829623951
2017-03-29,2361.1298828125,2361.1298828125,2363.360107421875,2352.93994140625,2356.5400390625,3107670000,0.001085324742930105,0.10847362038301697
2017-03-30,2368.06005859375,2368.06005859375,2370.419921875,2358.580078125,2361.31005859375,3159680000,0.002935109936855751,0.29308109117050135
2017-03-31,2362.719970703125,2362.719970703125,2370.35009765625,2362.60009765625,2364.820068359375,3356740000,-0.002255047489714501,-0.22575939382668175
2017-04-03,2358.840087890625,2358.840087890625,2365.8701171875,2344.72998046875,2362.340087890625,3418730000,-0.0016421255420062675,-0.16434753080133316
2017-04-04,2360.159912109375,2360.159912109375,2360.530029296875,2350.719970703125,2354.760009765625,3208340000,0.0005595225490382383,0.055936607466137135
2017-04-05,2352.949951171875,2352.949951171875,2378.360107421875,2350.52001953125,2366.590087890625,3780650000,-0.0030548611983906016,-0.3059536811522123
2017-04-06,2357.489990234375,2357.489990234375,2364.159912109375,2348.89990234375,2353.7900390625,3203250000,0.001929509405943275,0.19276502937349932
2017-04-07,2355.5400390625,2355.5400390625,2363.760009765625,2350.739990234375,2356.590087890625,3054700000,-0.0008271302020167459,-0.08274724629448715
2017-04-10,2357.159912109375,2357.159912109375,2366.3701171875,2351.5,2357.159912109375,2792570000,0.0006876864837839225,0.0687450135783276
2017-04-11,2353.780029296875,2353.780029296875,2355.219970703125,2337.25,2353.919921875,3120900000,-0.001433879303282093,-0.14349082919582845
2017-04-12,2344.929931640625,2344.929931640625,2352.719970703125,2341.179931640625,2352.14990234375,3201300000,-0.003759951034546627,-0.37670374189869066
2017-04-13,2328.949951171875,2328.949951171875,2348.260009765625,2328.949951171875,2341.97998046875,3146380000,-0.006814694227374907,-0.6838020289804216
2017-04-17,2349.010009765625,2349.010009765625,2349.139892578125,2332.510009765625,2332.6201171875,2826890000,0.008613348940219367,0.8576465691107291
2017-04-18,2342.18994140625,2342.18994140625,2348.35009765625,2334.5400390625,2342.530029296875,3272210000,-0.0029033798625895946,-0.2907602845833255
2017-04-19,2338.169921875,2338.169921875,2352.6298828125,2335.050048828125,2346.7900390625,3521160000,-0.0017163507793208632,-0.17178253968685744
2017-04-20,2355.840087890625,2355.840087890625,2361.3701171875,2340.909912109375,2342.68994140625,3648990000,0.007557263417987681,0.7528850362973852
2017-04-21,2348.68994140625,2348.68994140625,2356.179931640625,2344.510009765625,2354.739990234375,3524160000,-0.0030350729326357184,-0.3039688107115378
2017-04-24,2374.14990234375,2374.14990234375,2376.97998046875,2369.18994140625,2370.330078125,3711170000,0.01084006896297951,1.0781736588111828
2017-04-25,2388.610107421875,2388.610107421875,2392.47998046875,2381.14990234375,2381.510009765625,4005820000,0.006090687476747014,0.6072214211751177
2017-04-26,2387.449951171875,2387.449951171875,2398.159912109375,2386.780029296875,2388.97998046875,4111350000,-0.00048570348354270987,-0.04858214756873499
2017-04-27,2388.77001953125,2388.77001953125,2392.10009765625,2382.679931640625,2389.699951171875,4099940000,0.0005529198041311911,0.055276700029920633
2017-04-28,2384.199951171875,2384.199951171875,2393.679931640625,2382.360107421875,2393.679931640625,3721350000,-0.0019131470681601481,-0.19149794714900412
2017-05-01,2388.330078125,2388.330078125,2394.489990234375,2384.830078125,2388.5,3201500000,0.0017322905115801923,0.17307918268938255
2017-05-02,2391.169921875,2391.169921875,2392.929931640625,2385.820068359375,2391.050048828125,3861360000,0.0011890499458222514,0.11883435858115295
2017-05-03,2388.1298828125,2388.1298828125,2389.820068359375,2379.75,2386.5,3896760000,-0.0012713605313821041,-0.12721693958273864
2017-05-04,2389.52001953125,2389.52001953125,2391.429931640625,2380.35009765625,2389.7900390625,4367860000,0.0005821026438950216,0.05819332878695466
2017-05-05,2399.2900390625,2399.2900390625,2399.2900390625,2389.3798828125,2392.3701171875,3543240000,0.0040886954080285864,0.40803594074783595
2017-05-08,2399.3798828125,2399.3798828125,2401.360107421875,2393.919921875,2399.93994140625,3429990000,3.744597299082386e-05,0.0037445271907879016
2017-05-09,2396.919921875,2396.919921875,2403.8701171875,2392.43994140625,2401.580078125,3657840000,-0.0010252486299153762,-0.10257745567932175
2017-05-10,2399.6298828125,2399.6298828125,2399.739990234375,2392.7900390625,2396.7900390625,3649370000,0.0011306013658478609,0.11299627174494742
2017-05-11,2394.43994140625,2394.43994140625,2395.719970703125,2381.739990234375,2394.840087890625,3727710000,-0.002162809124616749,-0.21651513741066186
2017-05-12,2390.89990234375,2390.89990234375,2392.43994140625,2387.18994140625,2392.43994140625,3304620000,-0.0014784413679722608,-0.14795353407942594
2017-05-15,2402.320068359375,2402.320068359375,2404.050048828125,2393.93994140625,2393.97998046875,3490080000,0.004776513648450997,0.47651423030152334
2017-05-16,2400.669921875,2400.669921875,2405.77001953125,2396.050048828125,2404.550048828125,3421810000,-0.0006868970151433507,-0.06871330369860457
2017-05-17,2357.030029296875,2357.030029296875,2384.8701171875,2356.2099609375,2382.949951171875,4164760000,-0.018178214414433458,-1.8345468171115042
2017-05-18,2365.719970703125,2365.719970703125,2375.739990234375,2352.719970703125,2354.68994140625,4319440000,0.003686818283279214,0.36800386272159513
2017-05-19,2381.72998046875,2381.72998046875,2389.06005859375,2370.429931640625,2371.3701171875,3831700000,0.006767499942466504,0.67447032082007
2017-05-22,2394.02001953125,2394.02001953125,2395.4599609375,2386.919921875,2387.2099609375,3176580000,0.005160131149745784,0.514686329600843
2017-05-23,2398.419921875,2398.419921875,2400.85009765625,2393.8798828125,2397.0400390625,3216560000,0.001837871992654172,0.18361851723804104
2017-05-24,2404.389892578125,2404.389892578125,2405.580078125,2397.989990234375,2401.409912109375,3389240000,0.002489126548973042,0.24860338045762945
2017-05-25,2415.070068359375,2415.070068359375,2418.7099609375,2408.010009765625,2409.5400390625,3538210000,0.00444194837709877,0.44321120419781745
2017-05-26,2415.820068359375,2415.820068359375,2416.679931640625,2412.199951171875,2414.5,2806930000,0.00031054999597146526,0.031050178530242344
2017-05-30,2412.909912109375,2412.909912109375,2415.260009765625,2409.429931640625,2411.669921875,3205860000,-0.0012046245861250249,-0.12053507295338199
2017-05-31,2411.800048828125,2411.800048828125,2415.989990234375,2403.590087890625,2415.6298828125,4518040000,-0.000459968801852062,-0.04600746199513276
2017-06-01,2430.06005859375,2430.06005859375,2430.06005859375,2413.5400390625,2415.64990234375,3860620000,0.007571112611303388,0.7542595584847225
2017-06-02,2439.070068359375,2439.070068359375,2440.22998046875,2427.7099609375,2431.280029296875,3465500000,0.0037077313104922904,0.370087461804602
2017-06-05,2436.10009765625,2436.10009765625,2439.550048828125,2434.320068359375,2437.830078125,2916720000,-0.001217665183814387,-0.12184071404286387
2017-06-06,2429.330078125,2429.330078125,2436.2099609375,2428.1201171875,2431.919921875,3376750000,-0.0027790399654609166,-0.27829086662040836
2017-06-07,2433.139892578125,2433.139892578125,2435.280029296875,2424.75,2432.030029296875,3576220000,0.0015682572275503848,0.1567028796347538
2017-06-08,2433.7900390625,2433.7900390625,2439.27001953125,2427.93994140625,2434.27001953125,3735980000,0.00026720472849017796,0.026716903566476713
2017-06-09,2431.77001953125,2431.77001953125,2446.199951171875,2415.699951171875,2436.389892578125,4029860000,-0.0008299892344156845,-0.08303338661872763
2017-06-12,2429.389892578125,2429.389892578125,2430.3798828125,2419.969970703125,2425.8798828125,4031840000,-0.000978763178264619,-0.09792424797181137
2017-06-13,2440.35009765625,2440.35009765625,2441.489990234375,2431.280029296875,2434.14990234375,3278240000,0.004511505177332342,0.450135884323014
2017-06-14,2437.919921875,2437.919921875,2443.75,2428.340087890625,2443.75,3558640000,-0.0009958307964025304,-0.09963269653176028
2017-06-15,2432.4599609375,2432.4599609375,2433.949951171875,2418.530029296875,2424.139892578125,3371980000,-0.0022395981461527104,-0.22421097968403741
2017-06-16,2433.14990234375,2433.14990234375,2433.14990234375,2422.8798828125,2431.239990234375,5299380000,0.0002836393681004967,0.028359915005969523
2017-06-19,2453.4599609375,2453.4599609375,2453.820068359375,2441.7900390625,2442.550048828125,3271480000,0.008347228657875183,0.8312583206893995
2017-06-20,2437.030029296875,2437.030029296875,2450.659912109375,2436.60009765625,2450.659912109375,3422700000,-0.0066966373620162,-0.6719160446931665
2017-06-21,2435.610107421875,2435.610107421875,2442.22998046875,2430.739990234375,2439.31005859375,3599190000,-0.0005826443900691647,-0.05828141932715965
2017-06-22,2434.5,2434.5,2441.6201171875,2433.27001953125,2437.39990234375,3477250000,-0.00045578207221763645,-0.04558859724380852
2017-06-23,2438.300048828125,2438.300048828125,2441.39990234375,2431.110107421875,2434.64990234375,5282460000,0.0015609155178168965,0.15596985554090975
2017-06-26,2439.070068359375,2439.070068359375,2450.419921875,2437.030029296875,2443.320068359375,3243660000,0.000315801794623205,0.031575193973236125
2017-06-27,2419.3798828125,2419.3798828125,2440.14990234375,2419.3798828125,2436.340087890625,3564770000,-0.00807282488613359,-0.8105586575672906
2017-06-28,2440.68994140625,2440.68994140625,2442.969970703125,2428.02001953125,2428.699951171875,3479980000,0.008808066374833778,0.8769501646551084
2017-06-29,2419.699951171875,2419.699951171875,2442.72998046875,2405.699951171875,2442.3798828125,3869560000,-0.008600023246820632,-0.8637216844141349
2017-06-30,2423.409912109375,2423.409912109375,2432.7099609375,2421.64990234375,2429.199951171875,3366030000,0.0015332318107057485,0.15320576108735331
2017-07-03,2429.010009765625,2429.010009765625,2439.169921875,2428.68994140625,2431.389892578125,1901480000,0.002310833849555216,0.23081679791475807
2017-07-05,2432.5400390625,2432.5400390625,2434.89990234375,2422.050048828125,2430.780029296875,3368150000,0.001453279024245635,0.14522240362887007
2017-07-06,2409.75,2409.75,2424.280029296875,2407.699951171875,2423.43994140625,3368710000,-0.009368823820586791,-0.9412987306866183
2017-07-07,2425.179931640625,2425.179931640625,2426.919921875,2413.52001953125,2413.52001953125,2929390000,0.006403125486305727,0.6382712569615802
2017-07-10,2427.429931640625,2427.429931640625,2432.0,2422.27001953125,2424.510009765625,3009880000,0.0009277662125786179,0.09273361035125655
2017-07-11,2425.530029296875,2425.530029296875,2429.300048828125,2412.7900390625,2427.35009765625,3108800000,-0.0007826806116978391,-0.07829870660821735
2017-07-12,2443.25,2443.25,2445.760009765625,2435.75,2435.75,3176900000,0.007305607635895495,0.7279050947821435
2017-07-13,2447.830078125,2447.830078125,2449.320068359375,2441.68994140625,2444.989990234375,3068510000,0.0018745843139260643,0.1872829473473065
2017-07-14,2459.27001953125,2459.27001953125,2463.5400390625,2446.68994140625,2449.159912109375,2738460000,0.004673503078699293,0.4662616170009233
2017-07-17,2459.139892578125,2459.139892578125,2462.820068359375,2457.159912109375,2459.5,2800580000,-5.291283677333336e-05,-0.005291423670686425
2017-07-18,2460.610107421875,2460.610107421875,2460.919921875,2450.340087890625,2455.8798828125,2974090000,0.0005978573436131729,0.059767869811098745
2017-07-19,2473.830078125,2473.830078125,2473.830078125,2463.85009765625,2463.85009765625,3063810000,0.005372639356088893,0.535825821605345
2017-07-20,2473.449951171875,2473.449951171875,2477.6201171875,2468.429931640625,2475.56005859375,3223820000,-0.00015365928181010347,-0.015367108860704477
2017-07-21,2472.5400390625,2472.5400390625,2472.5400390625,2465.06005859375,2467.39990234375,3066880000,-0.00036787164783502746,-0.03679393292088825
2017-07-24,2469.909912109375,2469.909912109375,2473.10009765625,2466.320068359375,2472.0400390625,3019920000,-0.0010637348279797232,-0.10643009954088047
2017-07-25,2477.1298828125,2477.1298828125,2481.239990234375,2474.909912109375,2477.8798828125,4116360000,0.002923171678338221,0.2918907519898033
2017-07-26,2477.830078125,2477.830078125,2481.68994140625,2474.93994140625,2479.969970703125,3597830000,0.0002826639480466575,0.028262400611947947
2017-07-27,2475.419921875,2475.419921875,2484.0400390625,2459.929931640625,2482.760009765625,4035740000,-0.0009726882691745153,-0.09731616373937137
2017-07-28,2472.10009765625,2472.10009765625,2473.530029296875,2464.659912109375,2469.1201171875,3302850000,-0.001341115577770502,-0.13420156781160386
2017-07-31,2470.300048828125,2470.300048828125,2477.9599609375,2468.530029296875,2475.93994140625,3475930000,-0.0007281456077897763,-0.07284108345598019
2017-08-01,2476.35009765625,2476.35009765625,2478.510009765625,2471.139892578125,2477.10009765625,3470260000,0.0024491149692504877,0.2446120774938466
2017-08-02,2477.570068359375,2477.570068359375,2480.3798828125,2466.47998046875,2480.3798828125,3487150000,0.0004926487188865458,0.04925274073474498
2017-08-03,2472.159912109375,2472.159912109375,2476.030029296875,2468.85009765625,2476.030029296875,3662410000,-0.002183654185644257,-0.21860418349456703
2017-08-04,2476.830078125,2476.830078125,2480.0,2472.080078125,2476.8798828125,3239980000,0.0018891035295691694,0.18873214175395683
2017-08-07,2480.909912109375,2480.909912109375,2480.949951171875,2475.8798828125,2477.139892578125,2935130000,0.001647199789928111,0.16458446442804672
2017-08-08,2474.919921875,2474.919921875,2490.8701171875,2470.320068359375,2478.35009765625,3347480000,-0.0024144327873969473,-0.2417352230385335
2017-08-09,2474.02001953125,2474.02001953125,2474.409912109375,2462.080078125,2465.35009765625,3310960000,-0.00036360867105078576,-0.03636747927123762
2017-08-10,2438.2099609375,2438.2099609375,2465.3798828125,2437.75,2465.3798828125,3635820000,-0.014474441722801767,-1.458021840074153
2017-08-11,2441.320068359375,2441.320068359375,2448.090087890625,2437.85009765625,2441.0400390625,3161830000,0.0012755699762128092,0.12747571279871367
2017-08-14,2465.840087890625,2465.840087890625,2468.219970703125,2454.9599609375,2454.9599609375,2824320000,0.010043754544535322,0.9993651246049404
2017-08-15,2464.610107421875,2464.610107421875,2468.89990234375,2461.610107421875,2468.659912109375,2922430000,-0.0004988078808476626,-0.049893232688349
2017-08-16,2468.110107421875,2468.110107421875,2474.929931640625,2463.860107421875,2468.6298828125,2956570000,0.0014201029158569245,0.14190955233323715
2017-08-17,2430.010009765625,2430.010009765625,2465.02001953125,2430.010009765625,2462.949951171875,3164950000,-0.015436952160958639,-1.5557342487191417
2017-08-18,2425.550048828125,2425.550048828125,2440.27001953125,2420.68994140625,2427.639892578125,3426970000,-0.0018353673110713675,-0.18370536613519936
2017-08-21,2428.3701171875,2428.3701171875,2430.580078125,2417.35009765625,2425.5,2803650000,0.001162651069903653,0.11619757145661966
2017-08-22,2452.510009765625,2452.510009765625,2454.77001953125,2433.669921875,2433.75,2780990000,0.00994077978775465,0.9891695260625077
2017-08-23,2444.0400390625,2444.0400390625,2448.909912109375,2441.419921875,2444.8798828125,2796950000,-0.0034535927149730306,-0.3459570132639007
2017-08-24,2438.969970703125,2438.969970703125,2450.389892578125,2436.18994140625,2447.909912109375,2849680000,-0.0020744620703185834,-0.20766167471384417
2017-08-25,2443.050048828125,2443.050048828125,2453.9599609375,2442.219970703125,2444.719970703125,2593350000,0.0016728693563305974,0.16714716689374215
2017-08-28,2444.239990234375,2444.239990234375,2449.1201171875,2439.030029296875,2447.35009765625,2682920000,0.00048707205438569545,0.04869534732960745
2017-08-29,2446.300048828125,2446.300048828125,2449.18994140625,2428.199951171875,2431.93994140625,2739460000,0.000842821736810162,0.08424667620097917
2017-08-30,2457.590087890625,2457.590087890625,2460.31005859375,2443.77001953125,2446.06005859375,2637780000,0.004615148933961866,0.46045317880610437
2017-08-31,2471.64990234375,2471.64990234375,2475.010009765625,2462.64990234375,2462.64990234375,3353860000,0.005720976220730423,0.5704673584713544
2017-09-01,2476.550048828125,2476.550048828125,2480.3798828125,2473.85009765625,2474.419921875,2712780000,0.001982540682532896,0.1980578042335197
2017-09-05,2457.85009765625,2457.85009765625,2471.969970703125,2446.550048828125,2470.35009765625,3502190000,-0.007550806889900619,-0.7579458552144929
2017-09-06,2465.5400390625,2465.5400390625,2469.639892578125,2459.199951171875,2463.830078125,3400200000,0.0031287267736885838,0.31238424931441333
2017-09-07,2465.10009765625,2465.10009765625,2468.6201171875,2460.2900390625,2468.06005859375,3365780000,-0.00017843612323464875,-0.017845204485370907
2017-09-08,2461.429931640625,2461.429931640625,2467.110107421875,2459.39990234375,2462.25,3308360000,-0.001488850703918465,-0.1489960143457705
2017-09-11,2488.110107421875,2488.110107421875,2488.949951171875,2474.52001953125,2474.52001953125,3293460000,0.01083929931877714,1.0780975197147025
2017-09-12,2496.47998046875,2496.47998046875,2496.77001953125,2490.3701171875,2491.93994140625,3234280000,0.0033639480109453057,0.3358302594883113
2017-09-13,2498.3701171875,2498.3701171875,2498.3701171875,2492.139892578125,2493.889892578125,3371370000,0.0007571207193879381,0.07568342480825294
2017-09-14,2495.6201171875,2495.6201171875,2498.429931640625,2491.35009765625,2494.56005859375,3422470000,-0.0011007176162897148,-0.11013238508279735
2017-09-15,2500.22998046875,2500.22998046875,2500.22998046875,2493.159912109375,2495.669921875,4862970000,0.0018471814878802117,0.1845477546159349
2017-09-18,2503.8701171875,2503.8701171875,2508.320068359375,2499.919921875,2502.510009765625,3204700000,0.0014559207541648966,0.14548619291293302
2017-09-19,2506.64990234375,2506.64990234375,2507.840087890625,2503.18994140625,2506.2900390625,3253760000,0.0011101954279371107,0.11095796167313857
2017-09-20,2508.239990234375,2508.239990234375,2508.85009765625,2496.669921875,2506.840087890625,3584570000,0.0006343478158390425,0.0634146702309437
2017-09-21,2500.60009765625,2500.60009765625,2507.159912109375,2499.0,2507.159912109375,2965590000,-0.0030459176984141134,-0.3050565946914834
2017-09-22,2502.219970703125,2502.219970703125,2503.469970703125,2496.5400390625,2497.260009765625,2877980000,0.0006477937229520947,0.06475839951670206
2017-09-25,2496.659912109375,2496.659912109375,2502.5400390625,2488.030029296875,2499.389892578125,3314530000,-0.002222050282888466,-0.22245226998538567
2017-09-26,2496.840087890625,2496.840087890625,2503.510009765625,2495.1201171875,2501.0400390625,3070770000,7.216672978804795e-05,0.007216412589487934
2017-09-27,2507.0400390625,2507.0400390625,2511.75,2495.909912109375,2503.300048828125,3485070000,0.004085143947080816,0.40768224019879246
2017-09-28,2510.06005859375,2510.06005859375,2510.81005859375,2502.929931640625,2503.409912109375,3173030000,0.001204615596159142,0.12038906289380277
2017-09-29,2519.360107421875,2519.360107421875,2519.43994140625,2507.989990234375,2509.9599609375,3220260000,0.0037051100814438076,0.3698263068498826
2017-10-02,2529.1201171875,2529.1201171875,2529.22998046875,2520.39990234375,2521.199951171875,3226370000,0.003874003457017716,0.3866518829712313
2017-10-03,2534.580078125,2534.580078125,2535.1298828125,2528.85009765625,2530.340087890625,3073480000,0.0021588381272976687,0.21565111846609192
2017-10-04,2537.739990234375,2537.739990234375,2540.530029296875,2531.800048828125,2533.47998046875,3020770000,0.0012467201713795006,0.12459436611136386
2017-10-05,2552.070068359375,2552.070068359375,2552.510009765625,2540.02001953125,2540.860107421875,3059730000,0.005646787369921524,0.563090403129274
2017-10-06,2549.330078125,2549.330078125,2549.409912109375,2543.7900390625,2547.43994140625,2898270000,-0.0010736344069645076,-0.10742111652397249
2017-10-09,2544.72998046875,2544.72998046875,2551.820068359375,2541.60009765625,2551.389892578125,2486940000,-0.0018044339160793177,-0.18060638680135568
2017-10-10,2550.639892578125,2550.639892578125,2555.22998046875,2544.860107421875,2549.989990234375,2962610000,0.002322412261707374,0.23197196304780643
2017-10-11,2555.239990234375,2555.239990234375,2555.239990234375,2547.949951171875,2550.6201171875,2991320000,0.0018035072962026,0.1801882929663564
2017-10-12,2550.929931640625,2550.929931640625,2555.330078125,2548.31005859375,2552.8798828125,3157280000,-0.0016867529508860502,-0.16881771203513884
2017-10-13,2553.169921875,2553.169921875,2557.64990234375,2552.090087890625,2555.659912109375,3150470000,0.0008781073155288421,0.08777220048463043
2017-10-16,2557.639892578125,2557.639892578125,2559.469970703125,2552.639892578125,2555.570068359375,2918030000,0.0017507533144689447,0.1749222532305753
2017-10-17,2559.360107421875,2559.360107421875,2559.7099609375,2554.68994140625,2557.169921875,2901890000,0.0006725789853143649,0.0672352905433993
2017-10-18,2561.260009765625,2561.260009765625,2564.110107421875,2559.669921875,2562.8701171875,2999320000,0.0007423349056041584,0.07420595113295467
2017-10-19,2562.10009765625,2562.10009765625,2562.360107421875,2547.919921875,2553.389892578125,3019520000,0.00032799789456050554,0.03279441150104855
2017-10-20,2575.2099609375,2575.2099609375,2575.43994140625,2567.56005859375,2567.56005859375,3394450000,0.0051168427389869375,0.5103796185030386
2017-10-23,2564.97998046875,2564.97998046875,2578.2900390625,2564.330078125,2578.080078125,3214470000,-0.003972484039719171,-0.39803953129971953
2017-10-24,2569.1298828125,2569.1298828125,2572.179931640625,2565.580078125,2568.659912109375,3435660000,0.001617908278173541,0.16166008745580412
2017-10-25,2557.14990234375,2557.14990234375,2567.39990234375,2544.0,2566.52001953125,3885470000,-0.004663049754275228,-0.46739556872599847
2017-10-26,2560.39990234375,2560.39990234375,2567.070068359375,2559.800048828125,2560.080078125,3891750000,0.001270946219078306,0.12701392506023992
2017-10-27,2581.070068359375,2581.070068359375,2582.97998046875,2565.93994140625,2570.260009765625,3896100000,0.008073022498049642,0.8040609979727099
2017-10-30,2572.830078125,2572.830078125,2580.030029296875,2568.25,2577.75,3660230000,-0.003192470570786421,-0.31975773767407195
2017-10-31,2575.260009765625,2575.260009765625,2578.2900390625,2572.14990234375,2575.989990234375,3844420000,0.0009444586571358826,0.09440129366793155
2017-11-01,2579.360107421875,2579.360107421875,2588.39990234375,2574.919921875,2583.2099609375,3841200000,0.0015921101716727115,0.15908441079038696
2017-11-02,2579.85009765625,2579.85009765625,2581.110107421875,2566.169921875,2579.4599609375,4050140000,0.00018996581088659426,0.01899477696667152
2017-11-03,2587.840087890625,2587.840087890625,2588.419921875,2576.77001953125,2581.929931640625,3568710000,0.0030970753849743904,0.3092289326314394
2017-11-06,2591.1298828125,2591.1298828125,2593.3798828125,2585.659912109375,2587.469970703125,3541970000,0.0012712512404724485,0.12704438847764302
2017-11-07,2590.639892578125,2590.639892578125,2597.02001953125,2584.35009765625,2592.110107421875,3815190000,-0.00018910292286977715,-0.018912080508191733
2017-11-08,2594.3798828125,2594.3798828125,2595.469970703125,2585.02001953125,2588.7099609375,3898450000,0.001443655000098465,0.14426139320604148
2017-11-09,2584.6201171875,2584.6201171875,2586.5,2566.330078125,2584.0,3844100000,-0.003761887644002093,-0.37689813393701366
2017-11-10,2582.300048828125,2582.300048828125,2583.81005859375,2575.570068359375,2580.179931640625,3489740000,-0.0008976438525517549,-0.08980469760537102
2017-11-13,2584.840087890625,2584.840087890625,2587.659912109375,2574.47998046875,2576.530029296875,3405200000,0.0009836343625724275,0.0983150911293032
2017-11-14,2578.8701171875,2578.8701171875,2579.659912109375,2566.56005859375,2577.75,3643580000,-0.0023096092988857952,-0.23122805602819227
2017-11-15,2564.6201171875,2564.6201171875,2572.840087890625,2557.449951171875,2569.449951171875,3586590000,-0.005525675723266343,-0.5540998742123611
2017-11-16,2585.639892578125,2585.639892578125,2590.090087890625,2572.949951171875,2572.949951171875,3329730000,0.008196058063241196,0.8162652782972404
2017-11-17,2578.85009765625,2578.85009765625,2583.9599609375,2577.6201171875,2582.93994140625,3309800000,-0.0026259630899742037,-0.2629416978897395
2017-11-20,2582.139892578125,2582.139892578125,2584.639892578125,2578.239990234375,2579.489990234375,3023940000,0.0012756828808564435,0.12748698887901105
2017-11-21,2599.030029296875,2599.030029296875,2601.18994140625,2589.169921875,2589.169921875,3351230000,0.006541139295859866,0.6519838879752696
2017-11-22,2597.080078125,2597.080078125,2600.93994140625,2595.22998046875,2600.31005859375,2764110000,-0.0007502611166068096,-0.07505427033295442
2017-11-24,2602.419921875,2602.419921875,2604.2099609375,2600.419921875,2600.419921875,1385890000,0.0020560951489239088,0.20539842782319662
2017-11-27,2601.419921875,2601.419921875,2606.409912109375,2598.8701171875,2602.659912109375,3017720000,-0.0003842577408796899,-0.038433158680325395
2017-11-28,2627.0400390625,2627.0400390625,2627.68994140625,2605.43994140625,2605.93994140625,3493340000,0.00984851271879017,0.9800332196793644
2017-11-29,2626.070068359375,2626.070068359375,2634.889892578125,2620.320068359375,2627.820068359375,4090630000,-0.000369225702197995,-0.03692938827907781
2017-11-30,2647.580078125,2647.580078125,2657.739990234375,2633.929931640625,2633.929931640625,4965700000,0.008190950433802913,0.8157586662811174
2017-12-01,2642.219970703125,2642.219970703125,2650.6201171875,2605.52001953125,2645.10009765625,3950930000,-0.002024530803113933,-0.20265829358053325
2017-12-04,2639.43994140625,2639.43994140625,2665.18994140625,2639.030029296875,2657.18994140625,4025840000,-0.0010521566439205543,-0.10527105492864533
2017-12-05,2629.570068359375,2629.570068359375,2648.719970703125,2627.72998046875,2639.780029296875,3547570000,-0.0037393815604747083,-0.3746390525955308
2017-12-06,2629.27001953125,2629.27001953125,2634.409912109375,2624.75,2626.239990234375,3253080000,-0.00011410565998426492,-0.011411217053034996
2017-12-07,2636.97998046875,2636.97998046875,2640.989990234375,2626.530029296875,2628.3798828125,3297060000,0.0029323579853828274,0.29280670101093853
2017-12-08,2651.5,2651.5,2651.64990234375,2644.10009765625,2646.2099609375,3126750000,0.005506306319651655,0.5491202035518141
2017-12-11,2659.989990234375,2659.989990234375,2660.330078125,2651.469970703125,2652.18994140625,3141480000,0.003201957471006933,0.3196842121695832
2017-12-12,2664.110107421875,2664.110107421875,2669.719970703125,2659.780029296875,2661.72998046875,3568910000,0.001548922064604108,0.1547723722089516
2017-12-13,2662.85009765625,2662.85009765625,2671.8798828125,2662.85009765625,2667.590087890625,3568360000,-0.0004729570906678582,-0.0473068970150185
2017-12-14,2652.010009765625,2652.010009765625,2668.090087890625,2652.010009765625,2665.8701171875,3442760000,-0.004070859227173984,-0.4079167730762682
2017-12-15,2675.81005859375,2675.81005859375,2679.6298828125,2659.139892578125,2660.6298828125,5736910000,0.008974343513216354,0.8934313410142761
2017-12-18,2690.159912109375,2690.159912109375,2694.969970703125,2685.919921875,2685.919921875,3727770000,0.005362807225250732,0.5348478579597589
2017-12-19,2681.469970703125,2681.469970703125,2694.43994140625,2680.739990234375,2692.7099609375,3407680000,-0.0032302694598687065,-0.3235498043118501
2017-12-20,2679.25,2679.25,2691.010009765625,2676.110107421875,2688.179931640625,3246230000,-0.0008278931807477186,-0.08282360735725663
2017-12-21,2684.570068359375,2684.570068359375,2692.639892578125,2682.39990234375,2683.02001953125,3293130000,0.0019856558213586784,0.19836870126583983
2017-12-22,2683.340087890625,2683.340087890625,2685.35009765625,2678.1298828125,2684.219970703125,2401030000,-0.0004581666477052604,-0.04582716381137555
2017-12-26,2680.5,2680.5,2682.739990234375,2677.9599609375,2679.090087890625,1970660000,-0.0010584151831672939,-0.10589757000585695
2017-12-27,2682.6201171875,2682.6201171875,2685.639892578125,2678.909912109375,2682.10009765625,2202900000,0.0007909409391904099,0.07906283102422612
2017-12-28,2687.5400390625,2687.5400390625,2687.659912109375,2682.68994140625,2686.10009765625,2174890000,0.0018339987251561052,0.18323190029195555
2017-12-29,2673.610107421875,2673.610107421875,2692.1201171875,2673.610107421875,2689.14990234375,2447760000,-0.005183153157965359,-0.5196632292748299
2018-01-02,2695.81005859375,2695.81005859375,2695.889892578125,2682.360107421875,2683.72998046875,3397430000,0.008303361477520088,0.8269078218398127
2018-01-03,2713.06005859375,2713.06005859375,2714.3701171875,2697.77001953125,2697.85009765625,3544030000,0.006398818768781567,0.6378433243936035
2018-01-04,2723.989990234375,2723.989990234375,2729.2900390625,2719.070068359375,2719.31005859375,3697340000,0.004028636080503967,0.4020542855326989
2018-01-05,2743.14990234375,2743.14990234375,2743.449951171875,2727.919921875,2731.330078125,3239280000,0.007033767443369587,0.7009145888585349
2018-01-08,2747.7099609375,2747.7099609375,2748.510009765625,2737.60009765625,2742.669921875,3246160000,0.0016623439316436617,0.1660963767296979
2018-01-09,2751.2900390625,2751.2900390625,2759.139892578125,2747.860107421875,2751.14990234375,3467460000,0.0013029315960912946,0.13020835172984224
2018-01-10,2748.22998046875,2748.22998046875,2750.800048828125,2736.06005859375,2745.550048828125,3579900000,-0.0011122268282528491,-0.11128458115206878
2018-01-11,2767.56005859375,2767.56005859375,2767.56005859375,2752.780029296875,2752.969970703125,3645690000,0.007033646478779465,0.7009025768882019
2018-01-12,2786.239990234375,2786.239990234375,2787.85009765625,2769.639892578125,2770.179931640625,3587220000,0.006749602987881076,0.6726926399094035
2018-01-16,2776.419921875,2776.419921875,2807.5400390625,2768.639892578125,2798.9599609375,4362880000,-0.003524487622672101,-0.353071326160267
2018-01-17,2802.56005859375,2802.56005859375,2807.0400390625,2778.3798828125,2784.989990234375,3790340000,0.009415051560751175,0.9371006206502086
2018-01-18,2798.030029296875,2798.030029296875,2805.830078125,2792.56005859375,2802.39990234375,3703300000,-0.0016163897301626484,-0.1617697497473624
2018-01-19,2810.300048828125,2810.300048828125,2810.330078125,2798.080078125,2802.60009765625,3724230000,0.004385235112838837,0.4375647986990156
2018-01-22,2832.969970703125,2832.969970703125,2833.030029296875,2808.1201171875,2809.159912109375,3489480000,0.008066726499347698,0.803436438221324
2018-01-23,2839.1298828125,2839.1298828125,2842.239990234375,2830.590087890625,2835.050048828125,3541140000,0.0021743654797181655,0.21720049682223191
2018-01-24,2837.5400390625,2837.5400390625,2852.969970703125,2824.81005859375,2845.419921875,4079270000,-0.0005599757022828333,-0.05601325472320471
2018-01-25,2839.25,2839.25,2848.56005859375,2830.93994140625,2846.239990234375,3873100000,0.0006026209018938911,0.06024393988328895
2018-01-26,2872.8701171875,2872.8701171875,2872.8701171875,2846.179931640625,2847.47998046875,3474680000,0.011841196508761032,1.1771638106084168
2018-01-29,2853.530029296875,2853.530029296875,2870.6201171875,2851.47998046875,2867.22998046875,3587420000,-0.006731974332887192,-0.6754736284863033
2018-01-30,2822.429931640625,2822.429931640625,2837.75,2818.27001953125,2832.739990234375,4012070000,-0.010898815620283941,-1.0958642805337084
2018-01-31,2823.81005859375,2823.81005859375,2839.260009765625,2813.0400390625,2832.409912109375,4276270000,0.0004889853730833948,0.04888658586947881
2018-02-01,2821.97998046875,2821.97998046875,2835.9599609375,2812.699951171875,2816.449951171875,3977380000,-0.0006480882520516484,-0.06482983520233253
2018-02-02,2762.1298828125,2762.1298828125,2808.919921875,2759.969970703125,2808.919921875,4340220000,-0.02120854792396809,-2.143668051669881
2018-02-05,2648.93994140625,2648.93994140625,2763.389892578125,2638.169921875,2741.06005859375,5310840000,-0.04097922480422822,-4.184254093838143
2018-02-06,2695.139892578125,2695.139892578125,2701.0400390625,2593.070068359375,2614.780029296875,5917350000,0.017440920592313836,1.7290573348937088
2018-02-07,2681.659912109375,2681.659912109375,2727.669921875,2681.330078125,2690.949951171875,4646300000,-0.005001588416939429,-0.5014138223752627
2018-02-08,2581.0,2581.0,2685.27001953125,2580.56005859375,2685.010009765625,5333840000,-0.03753641975808808,-3.82590522458017
2018-02-09,2619.550048828125,2619.550048828125,2638.669921875,2532.68994140625,2601.780029296875,5690110000,0.014936090208494734,1.4825645199524344
2018-02-12,2656.0,2656.0,2672.610107421875,2622.449951171875,2636.75,4069220000,0.013914584754042503,1.3818665678186273
2018-02-13,2662.93994140625,2662.93994140625,2668.840087890625,2637.080078125,2646.27001953125,3503540000,0.0026129297463290957,0.2609521980277558
2018-02-14,2698.6298828125,2698.6298828125,2702.10009765625,2648.8701171875,2651.2099609375,4011940000,0.013402458257245842,1.3313439808897014
2018-02-15,2731.199951171875,2731.199951171875,2731.510009765625,2689.820068359375,2713.4599609375,3696140000,0.012069112762299383,1.199686177677526
2018-02-16,2732.219970703125,2732.219970703125,2754.419921875,2725.110107421875,2727.139892578125,3646920000,0.0003734693722488025,0.03733996499216942
2018-02-20,2716.260009765625,2716.260009765625,2737.60009765625,2706.760009765625,2722.989990234375,3646920000,-0.005841389459353419,-0.5858517106837343
2018-02-21,2701.330078125,2701.330078125,2747.75,2701.2900390625,2720.530029296875,3789040000,-0.0054965031281792864,-0.5511664483310909
2018-02-22,2703.9599609375,2703.9599609375,2731.260009765625,2697.77001953125,2710.419921875,3720620000,0.0009735510790762625,0.09730774855778604
2018-02-23,2747.300048828125,2747.300048828125,2747.760009765625,2713.739990234375,2715.800048828125,3200360000,0.01602837635051313,1.5901278245121022
2018-02-26,2779.60009765625,2779.60009765625,2780.639892578125,2753.780029296875,2757.3701171875,3436590000,0.011757015343810906,1.16884386206274
2018-02-27,2744.280029296875,2744.280029296875,2789.14990234375,2744.219970703125,2780.449951171875,3752070000,-0.012706888443829278,-1.2788311441467541
2018-02-28,2713.830078125,2713.830078125,2761.52001953125,2713.5400390625,2753.780029296875,4244570000,-0.011095788639207016,-1.1157806083656079
2018-03-01,2677.669921875,2677.669921875,2730.889892578125,2659.64990234375,2715.219970703125,4514490000,-0.013324399541987275,-1.3413965854876448
2018-03-02,2691.25,2691.25,2696.25,2647.320068359375,2658.889892578125,3891250000,0.005071602744632031,0.5058785485198549
2018-03-05,2720.93994140625,2720.93994140625,2728.090087890625,2675.75,2681.06005859375,3733640000,0.011032026532745043,1.097161761052657
2018-03-06,2728.1201171875,2728.1201171875,2732.080078125,2711.260009765625,2730.179931640625,3389030000,0.002638858606169414,0.26353829319968103
2018-03-07,2726.800048828125,2726.800048828125,2730.60009765625,2701.739990234375,2710.179931640625,3406690000,-0.00048387472056610203,-0.0483991825716375
2018-03-08,2738.969970703125,2738.969970703125,2740.449951171875,2722.64990234375,2732.75,3206040000,0.004463078207817217,0.4453148208884627
2018-03-09,2786.570068359375,2786.570068359375,2786.570068359375,2751.5400390625,2752.909912109375,3376870000,0.01737883151892694,1.7229546741207586
2018-03-12,2783.02001953125,2783.02001953125,2796.97998046875,2779.260009765625,2790.5400390625,3216960000,-0.001273985129042532,-0.1274797337998416
2018-03-13,2765.31005859375,2765.31005859375,2801.89990234375,2758.679931640625,2792.31005859375,3324290000,-0.006363576551088879,-0.6383910414314703
2018-03-14,2749.47998046875,2749.47998046875,2777.110107421875,2744.3798828125,2774.06005859375,3394630000,-0.005724521948562322,-0.5740969825188785
2018-03-15,2747.330078125,2747.330078125,2763.030029296875,2741.469970703125,2754.27001953125,3543710000,-0.000781930531963182,-0.07822363990965508
2018-03-16,2752.010009765625,2752.010009765625,2761.85009765625,2749.969970703125,2750.570068359375,5429140000,0.001703447167811456,0.17019979472317417
2018-03-19,2712.919921875,2712.919921875,2741.3798828125,2694.590087890625,2741.3798828125,3327460000,-0.014204195388793028,-1.4306040541373417
2018-03-20,2716.93994140625,2716.93994140625,2724.219970703125,2710.050048828125,2715.050048828125,3272590000,0.0014818054520648882,0.14807086617189258
2018-03-21,2711.929931640625,2711.929931640625,2739.139892578125,2709.7900390625,2714.989990234375,3434780000,-0.0018439898833508828,-0.18456921256294062
2018-03-22,2643.68994140625,2643.68994140625,2695.679931640625,2641.590087890625,2691.360107421875,3765460000,-0.025162888405856454,-2.5484886972854417
2018-03-23,2588.260009765625,2588.260009765625,2657.669921875,2585.889892578125,2646.7099609375,3829380000,-0.02096688071186603,-2.1189807311750664
2018-03-26,2658.550048828125,2658.550048828125,2661.360107421875,2601.81005859375,2619.35009765625,3538080000,0.02715725576151251,2.679504070603539
2018-03-27,2612.6201171875,2612.6201171875,2674.780029296875,2596.1201171875,2667.570068359375,3761320000,-0.017276308813847896,-1.7427285645321902
2018-03-28,2605.0,2605.0,2632.64990234375,2593.06005859375,2611.300048828125,3875720000,-0.00291665716625622,-0.2920918899462677
2018-03-29,2640.8701171875,2640.8701171875,2659.070068359375,2609.719970703125,2614.409912109375,3572360000,0.013769718690019195,1.3675777493843446
2018-04-02,2581.8798828125,2581.8798828125,2638.300048828125,2553.800048828125,2633.449951171875,3635780000,-0.022337423560165104,-2.259068234349587
2018-04-03,2614.449951171875,2614.449951171875,2619.139892578125,2575.489990234375,2592.169921875,3395840000,0.012614865848792123,1.2535961315741067
2018-04-04,2644.68994140625,2644.68994140625,2649.860107421875,2573.610107421875,2584.0400390625,3369230000,0.01156648273982852,1.150010234644679
2018-04-05,2662.840087890625,2662.840087890625,2672.080078125,2649.580078125,2657.360107421875,3230430000,0.0068628636575538415,0.6839421401651201
2018-04-06,2604.469970703125,2604.469970703125,2656.8798828125,2586.27001953125,2645.820068359375,3312390000,-0.021920248779842444,-2.2164067057064987
2018-04-09,2613.159912109375,2613.159912109375,2653.550048828125,2610.7900390625,2617.179931640625,3076140000,0.0033365488963206236,0.33309949675928296
2018-04-10,2656.8701171875,2656.8701171875,2665.449951171875,2635.780029296875,2638.409912109375,3579130000,0.0167269537832615,1.6588598996314068
2018-04-11,2642.18994140625,2642.18994140625,2661.429931640625,2639.25,2643.889892578125,3054520000,-0.005525364482924067,-0.5540685772461174
2018-04-12,2663.989990234375,2663.989990234375,2674.719970703125,2653.830078125,2653.830078125,3045330000,0.008250750063987677,0.8216898697657044
2018-04-13,2656.300048828125,2656.300048828125,2680.260009765625,2645.050048828125,2676.89990234375,2988540000,-0.0028866254882486952,-0.2890799826706634
2018-04-16,2677.840087890625,2677.840087890625,2686.489990234375,2665.159912109375,2670.10009765625,3020740000,0.008109038386684864,0.8076336801563068
2018-04-17,2706.389892578125,2706.389892578125,2713.340087890625,2692.050048828125,2692.739990234375,3286190000,0.010661504701720004,1.060507161386675
2018-04-18,2708.639892578125,2708.639892578125,2717.489990234375,2703.6298828125,2710.110107421875,3412030000,0.0008313658006817715,0.08310204075532665
2018-04-19,2693.1298828125,2693.1298828125,2702.840087890625,2681.89990234375,2701.159912109375,3375120000,-0.005726124690152989,-0.574258179583257
2018-04-20,2670.139892578125,2670.139892578125,2693.93994140625,2660.610107421875,2692.56005859375,3428260000,-0.00853653230061302,-0.8573177188352707
2018-04-23,2670.2900390625,2670.2900390625,2682.860107421875,2657.989990234375,2675.39990234375,3030390000,5.623169212687351e-05,0.005623011118453955
2018-04-24,2634.56005859375,2634.56005859375,2683.550048828125,2617.320068359375,2680.800048828125,3716020000,-0.01338056164164636,-1.3470888006475166
2018-04-25,2639.39990234375,2639.39990234375,2645.300048828125,2612.669921875,2634.919921875,3563680000,0.001837059563023713,0.18353742328236347
2018-04-26,2666.93994140625,2666.93994140625,2676.47998046875,2647.159912109375,2651.64990234375,3690920000,0.010434204774367295,1.0380144187376954
2018-04-27,2669.909912109375,2669.909912109375,2677.35009765625,2659.010009765625,2675.469970703125,3234510000,0.0011136248915897262,0.11130052713638149
2018-04-30,2648.050048828125,2648.050048828125,2682.8701171875,2648.0400390625,2682.510009765625,3749510000,-0.008187490964434607,-0.8221192548921248
2018-05-01,2654.800048828125,2654.800048828125,2655.27001953125,2625.409912109375,2642.9599609375,3562820000,0.0025490454770622506,0.25458021710273926
2018-05-02,2635.669921875,2635.669921875,2660.8701171875,2631.699951171875,2654.239990234375,4047020000,-0.007205863568357729,-0.7231951201402356
2018-05-03,2629.72998046875,2629.72998046875,2637.139892578125,2594.6201171875,2628.080078125,3867530000,-0.0022536742393085563,-0.22562175850640762
2018-05-04,2663.419921875,2663.419921875,2670.929931640625,2615.320068359375,2621.449951171875,3335260000,0.012811178963797909,1.2729810028334958
2018-05-07,2672.6298828125,2672.6298828125,2683.35009765625,2664.699951171875,2680.340087890625,3266810000,0.0034579455015175675,0.3451980554989958
2018-05-08,2671.919921875,2671.919921875,2676.340087890625,2655.199951171875,2670.260009765625,3745100000,-0.0002656413228280252,-0.02656766117338216
2018-05-09,2697.7900390625,2697.7900390625,2701.27001953125,2674.139892578125,2678.1201171875,3913650000,0.009682220255068819,0.9635647934868785
2018-05-10,2723.070068359375,2723.070068359375,2726.110107421875,2704.5400390625,2705.02001953125,3380640000,0.009370643723504823,0.9327011603848374
2018-05-11,2727.719970703125,2727.719970703125,2732.860107421875,2717.449951171875,2722.699951171875,2874850000,0.0017075955546570487,0.1706139270961256
2018-05-14,2730.1298828125,2730.1298828125,2742.10009765625,2725.469970703125,2738.469970703125,2994360000,0.0008834895573073265,0.08830995101265589
2018-05-15,2711.449951171875,2711.449951171875,2718.590087890625,2701.909912109375,2718.590087890625,3291190000,-0.006842140279927467,-0.6865655043990812
2018-05-16,2722.4599609375,2722.4599609375,2727.760009765625,2712.169921875,2712.6201171875,3248480000,0.004060561678767671,0.4052339847514407
2018-05-17,2720.1298828125,2720.1298828125,2731.9599609375,2711.360107421875,2719.7099609375,3478150000,-0.0008558723207806596,-0.08562387886101003
2018-05-18,2712.969970703125,2712.969970703125,2719.5,2709.179931640625,2717.35009765625,3383270000,-0.00263219493841671,-0.26356652545503156
2018-05-21,2733.010009765625,2733.010009765625,2739.18994140625,2725.699951171875,2735.389892578125,3053480000,0.007386752997235124,0.7359604547933372
2018-05-22,2724.43994140625,2724.43994140625,2742.239990234375,2721.8798828125,2738.340087890625,3384140000,-0.0031357617896576873,-0.31406885928751893
2018-05-23,2733.2900390625,2733.2900390625,2733.330078125,2709.5400390625,2713.97998046875,3333160000,0.0032484098921563564,0.32431452068987515
2018-05-24,2727.760009765625,2727.760009765625,2731.969970703125,2707.3798828125,2730.93994140625,3285750000,-0.002023213496498033,-0.20252629577225517
2018-05-25,2721.330078125,2721.330078125,2727.360107421875,2714.989990234375,2723.60009765625,3015260000,-0.0023572204364039617,-0.2360003054185922
2018-05-29,2689.860107421875,2689.860107421875,2710.669921875,2676.81005859375,2705.110107421875,3743310000,-0.011564187290653005,-1.1631572511792225
2018-05-30,2724.010009765625,2724.010009765625,2729.340087890625,2702.429931640625,2702.429931640625,3566490000,0.012695791223314323,1.2615875351923802
2018-05-31,2705.27001953125,2705.27001953125,2722.5,2700.679931640625,2720.97998046875,4241100000,-0.006879559974886984,-0.6903333243434208
2018-06-01,2734.6201171875,2734.6201171875,2736.929931640625,2718.699951171875,2718.699951171875,3694310000,0.010849230370481022,1.079079970923988
2018-06-04,2746.8701171875,2746.8701171875,2749.159912109375,2740.5400390625,2741.669921875,3410090000,0.004479598435997323,0.4469594898352221
2018-06-05,2748.800048828125,2748.800048828125,2752.610107421875,2739.510009765625,2748.4599609375,3523550000,0.0007025929724704394,0.0702346269575674
2018-06-06,2772.35009765625,2772.35009765625,2772.389892578125,2748.4599609375,2753.25,3662780000,0.008567392465728796,0.8530900637311971
2018-06-07,2770.3701171875,2770.3701171875,2779.89990234375,2760.159912109375,2774.840087890625,3742080000,-0.0007141884679080501,-0.07144436219845289
2018-06-08,2779.030029296875,2779.030029296875,2779.389892578125,2763.590087890625,2765.840087890625,3138850000,0.0031259043893263616,0.31210289077513476
2018-06-11,2782.0,2782.0,2790.2099609375,2780.169921875,2780.179931640625,3262130000,0.001068707668436586,0.10681370069403208
2018-06-12,2786.85009765625,2786.85009765625,2789.800048828125,2778.780029296875,2785.60009765625,3435700000,0.0017433852107295866,0.17418672787038483
2018-06-13,2775.6298828125,2775.6298828125,2791.469970703125,2774.64990234375,2787.93994140625,3820770000,-0.004026127868587581,-0.40342545414114567
2018-06-14,2782.489990234375,2782.489990234375,2789.06005859375,2776.52001953125,2783.2099609375,3540930000,0.002471549778432225,0.24685005225036868
2018-06-15,2779.659912109375,2779.659912109375,2782.81005859375,2761.72998046875,2777.780029296875,5451990000,-0.001017102715529128,-0.101762031549408
2018-06-18,2773.75,2773.75,2774.989990234375,2757.1201171875,2765.7900390625,3316120000,-0.0021261277624751163,-0.2128391180886516
2018-06-19,2762.590087890625,2762.590087890625,2765.050048828125,2743.18994140625,2752.010009765625,3671160000,-0.004023402292699374,-0.4031517951391294
2018-06-20,2767.320068359375,2767.320068359375,2774.860107421875,2763.909912109375,2769.72998046875,3332140000,0.0017121542893689945,0.17106902241125452
2018-06-21,2749.760009765625,2749.760009765625,2769.280029296875,2744.389892578125,2769.280029296875,3336580000,-0.006345510515579966,-0.6365728843220269
2018-06-22,2754.8798828125,2754.8798828125,2764.169921875,2752.679931640625,2760.7900390625,5468110000,0.0018619345065358228,0.18602032551338835
2018-06-25,2717.070068359375,2717.070068359375,2742.93994140625,2698.669921875,2742.93994140625,3663280000,-0.013724668973416176,-1.3819722967770653
2018-06-26,2723.06005859375,2723.06005859375,2732.909912109375,2715.60009765625,2722.1201171875,3568900000,0.0022045770199778936,0.22021505056967236
2018-06-27,2699.6298828125,2699.6298828125,2746.090087890625,2699.3798828125,2728.449951171875,3803990000,-0.008604355128821406,-0.8641586313141116
2018-06-28,2716.31005859375,2716.31005859375,2724.340087890625,2691.989990234375,2698.68994140625,3461100000,0.00617868985946779,0.6159680019031287
2018-06-29,2718.3701171875,2718.3701171875,2743.260009765625,2718.030029296875,2727.1298828125,3586800000,0.0007584033300001014,0.07581158875170001
2018-07-02,2726.7099609375,2726.7099609375,2727.260009765625,2698.949951171875,2704.949951171875,3095040000,0.003067957412152822,0.3063260834293461
2018-07-03,2713.219970703125,2713.219970703125,2736.580078125,2711.159912109375,2733.27001953125,1911460000,-0.00494735062681062,-0.4959629280533677
2018-07-05,2736.610107421875,2736.610107421875,2737.830078125,2716.02001953125,2724.18994140625,2980160000,0.008620803683929923,0.8583856745537827
2018-07-06,2759.820068359375,2759.820068359375,2764.409912109375,2733.52001953125,2737.679931640625,2590250000,0.008481281595267509,0.844551760058016
2018-07-09,2784.169921875,2784.169921875,2784.64990234375,2770.72998046875,2775.6201171875,3070060000,0.008822985887663393,0.8784290785341505
2018-07-10,2793.840087890625,2793.840087890625,2795.580078125,2786.239990234375,2788.56005859375,3080140000,0.003473267180873929,0.3467249318821859
2018-07-11,2774.02001953125,2774.02001953125,2785.909912109375,2770.77001953125,2779.820068359375,2986180000,-0.007094202866256172,-0.7119486371916502
2018-07-12,2798.2900390625,2798.2900390625,2799.219970703125,2781.530029296875,2783.139892578125,2834230000,0.008749042674663476,0.87109915801719
2018-07-13,2801.31005859375,2801.31005859375,2804.530029296875,2791.68994140625,2796.929931640625,2619790000,0.0010792374947172778,0.10786555366086474
2018-07-16,2798.429931640625,2798.429931640625,2801.18994140625,2793.389892578125,2797.360107421875,2819860000,-0.001028135726814483,-0.10286646208985384
2018-07-17,2809.550048828125,2809.550048828125,2814.18994140625,2789.239990234375,2789.340087890625,3064920000,0.00397369863071062,0.39658243434434315
2018-07-18,2815.6201171875,2815.6201171875,2816.760009765625,2805.889892578125,2811.35009765625,3111560000,0.0021605126279586884,0.21581820767374627
2018-07-19,2804.489990234375,2804.489990234375,2812.050048828125,2799.77001953125,2809.3701171875,3278360000,-0.003952993120479142,-0.3960826849049506
2018-07-20,2801.830078125,2801.830078125,2809.699951171875,2800.010009765625,2804.550048828125,3243250000,-0.0009484477101494582,-0.09488977712743676
2018-07-23,2806.97998046875,2806.97998046875,2808.610107421875,2795.139892578125,2799.169921875,2928490000,0.0018380494891383492,0.18363623432315188
2018-07-24,2820.39990234375,2820.39990234375,2829.989990234375,2811.1201171875,2820.679931640625,3430410000,0.004780911145920941,0.47695188860535614
2018-07-25,2846.070068359375,2846.070068359375,2848.030029296875,2817.72998046875,2817.72998046875,3584400000,0.009101605057599604,0.9060435070372713
2018-07-26,2837.43994140625,2837.43994140625,2845.570068359375,2835.260009765625,2835.489990234375,3667290000,-0.0030322960242857855,-0.303690274886736
2018-07-27,2818.820068359375,2818.820068359375,2843.169921875,2808.340087890625,2842.35009765625,3434370000,-0.00656220869212365,-0.6583834644845457
2018-07-30,2802.60009765625,2802.60009765625,2821.739990234375,2798.110107421875,2819.0,3261190000,-0.005754170294581917,-0.5770789315587143
2018-07-31,2816.2900390625,2816.2900390625,2824.4599609375,2808.06005859375,2809.72998046875,3906890000,0.004884728797982518,0.48728372193030933
2018-08-01,2813.360107421875,2813.360107421875,2825.830078125,2805.85009765625,2821.169921875,3501350000,-0.0010403515262938923,-0.10408930675711335
2018-08-02,2827.219970703125,2827.219970703125,2829.909912109375,2796.340087890625,2800.47998046875,3501380000,0.004926444803381669,0.49143495822086997
2018-08-03,2840.35009765625,2840.35009765625,2840.3798828125,2827.3701171875,2829.6201171875,3043690000,0.004644183009877123,0.4633432065347987
2018-08-06,2850.39990234375,2850.39990234375,2853.2900390625,2835.97998046875,2840.2900390625,2879020000,0.003538227451535869,0.3531982650801626
2018-08-07,2858.449951171875,2858.449951171875,2863.429931640625,2855.919921875,2855.919921875,3185440000,0.0028241822564987196,0.28202017464857676
2018-08-08,2857.699951171875,2857.699951171875,2862.43994140625,2853.090087890625,2856.7900390625,2978070000,-0.0002623799656497061,-0.026241439329510795
2018-08-09,2853.580078125,2853.580078125,2862.47998046875,2851.97998046875,2857.18994140625,3066180000,-0.0014416744645237012,-0.14427146770399496
2018-08-10,2833.280029296875,2833.280029296875,2842.199951171875,2825.81005859375,2838.89990234375,3265590000,-0.007113887913551609,-0.7139312263244473
2018-08-13,2821.929931640625,2821.929931640625,2843.39990234375,2819.8798828125,2835.4599609375,3173630000,-0.004005992185342366,-0.4014037665980266
2018-08-14,2839.9599609375,2839.9599609375,2843.110107421875,2826.580078125,2827.8798828125,2986500000,0.006389254777276809,0.6368930016417421
2018-08-15,2818.3701171875,2818.3701171875,2827.949951171875,2802.489990234375,2827.949951171875,3656680000,-0.007602164835758152,-0.7631208581378816
2018-08-16,2840.68994140625,2840.68994140625,2850.489990234375,2831.43994140625,2831.43994140625,3232000000,0.007919408484583057,0.788821455263811
2018-08-17,2850.1298828125,2850.1298828125,2855.6298828125,2833.72998046875,2838.320068359375,3037640000,0.0033231157222237684,0.3317606375263089
2018-08-20,2857.050048828125,2857.050048828125,2859.760009765625,2850.6201171875,2853.929931640625,2757150000,0.0024280177746833775,0.2425074902128281
2018-08-21,2862.9599609375,2862.9599609375,2873.22998046875,2861.320068359375,2861.510009765625,3174010000,0.0020685364303643095,0.20663999546270578
2018-08-22,2861.820068359375,2861.820068359375,2867.5400390625,2856.050048828125,2860.989990234375,2701250000,-0.0003981517707819515,-0.03982310542435054
2018-08-23,2856.97998046875,2856.97998046875,2868.780029296875,2854.030029296875,2860.2900390625,2724450000,-0.0016912621251551352,-0.1692693923535106
2018-08-24,2874.68994140625,2874.68994140625,2876.159912109375,2862.35009765625,2862.35009765625,2603010000,0.006198839704363079,0.6179705928285333
2018-08-27,2896.739990234375,2896.739990234375,2898.25,2884.68994140625,2884.68994140625,2865070000,0.007670409427647185,0.7641141407110444
2018-08-28,2897.52001953125,2897.52001953125,2903.77001953125,2893.5,2901.449951171875,2687770000,0.00026927832649970007,0.026924207759835516
2018-08-29,2914.0400390625,2914.0400390625,2916.5,2898.39990234375,2900.6201171875,2805520000,0.005701434129840033,0.5685242468911669
2018-08-30,2901.1298828125,2901.1298828125,2912.4599609375,2895.219970703125,2908.93994140625,2810450000,-0.004430329054144866,-0.4440172044458075
2018-08-31,2901.52001953125,2901.52001953125,2906.320068359375,2891.72998046875,2898.3701171875,2887220000,0.00013447750859452157,0.013446846730492032
2018-09-04,2896.719970703125,2896.719970703125,2900.179931640625,2885.1298828125,2896.9599609375,3087420000,-0.0016543221469484948,-0.16556920488793075
2018-09-05,2888.60009765625,2888.60009765625,2894.2099609375,2876.919921875,2891.590087890625,3248780000,-0.002803126684318036,-0.2807062801265972
2018-09-06,2878.050048828125,2878.050048828125,2892.050048828125,2867.2900390625,2888.639892578125,3144240000,-0.0036523050860121087,-0.36589910366181577
2018-09-07,2871.679931640625,2871.679931640625,2883.81005859375,2864.1201171875,2868.260009765625,2976580000,-0.002213344827027508,-0.22157978950144838
2018-09-10,2877.1298828125,2877.1298828125,2886.929931640625,2875.93994140625,2881.389892578125,2751100000,0.0018978268127400888,0.18960282146933796
2018-09-11,2887.889892578125,2887.889892578125,2892.52001953125,2866.780029296875,2871.570068359375,2904500000,0.003739841510076891,0.3732865689715426
2018-09-12,2888.919921875,2888.919921875,2894.64990234375,2879.199951171875,2888.2900390625,3341280000,0.00035667194221011833,0.03566083498935524
2018-09-13,2904.179931640625,2904.179931640625,2906.760009765625,2896.389892578125,2896.85009765625,3274090000,0.005282254329749936,0.5268352159391334
2018-09-14,2904.97998046875,2904.97998046875,2908.300048828125,2895.77001953125,2906.3798828125,3179410000,0.00027548183892078804,0.027544390076635554
2018-09-17,2888.800048828125,2888.800048828125,2904.64990234375,2886.159912109375,2903.830078125,2967980000,-0.005569722252617426,-0.5585290991549207
2018-09-18,2904.31005859375,2904.31005859375,2911.169921875,2890.429931640625,2890.739990234375,3091190000,0.005369014643958003,0.5354652867625239
2018-09-19,2907.949951171875,2907.949951171875,2912.360107421875,2903.820068359375,2906.60009765625,3302460000,0.0012532727238796504,0.12524880331719868
2018-09-20,2930.75,2930.75,2934.800048828125,2919.72998046875,2919.72998046875,3406520000,0.007840591898404803,0.7810014185329059
2018-09-21,2929.669921875,2929.669921875,2940.909912109375,2927.110107421875,2936.760009765625,5652470000,-0.00036853301202766087,-0.03686009370070487
2018-09-24,2919.3701171875,2919.3701171875,2923.7900390625,2912.6298828125,2921.830078125,3392030000,-0.0035156877607932513,-0.3521882314013849
2018-09-25,2915.56005859375,2915.56005859375,2923.949951171875,2913.699951171875,2921.75,3330880000,-0.0013050961134796202,-0.1305948493117946
2018-09-26,2905.969970703125,2905.969970703125,2931.14990234375,2903.280029296875,2916.97998046875,3417540000,-0.003289278113945082,-0.3294699681159941
2018-09-27,2914.0,2914.0,2927.219970703125,2909.27001953125,2911.64990234375,3101360000,0.0027632870875580196,0.27594762285113966
2018-09-28,2913.97998046875,2913.97998046875,2920.530029296875,2907.5,2910.030029296875,3461680000,-6.870120538793323e-06,-0.0006870144138179519
2018-10-01,2924.590087890625,2924.590087890625,2937.06005859375,2917.909912109375,2926.2900390625,3375890000,0.003641105118425747,0.36344923421985015
2018-10-02,2923.429931640625,2923.429931640625,2931.419921875,2919.3701171875,2923.800048828125,3432620000,-0.0003966902079042267,-0.03967689102790794
2018-10-03,2925.510009765625,2925.510009765625,2939.860107421875,2921.360107421875,2931.68994140625,3625510000,0.0007115197468861023,0.07112667367183716
2018-10-04,2901.610107421875,2901.610107421875,2919.780029296875,2883.919921875,2919.35009765625,3510370000,-0.008169482334351885,-0.8203035421009814
2018-10-05,2885.570068359375,2885.570068359375,2909.639892578125,2869.2900390625,2902.5400390625,3340820000,-0.005527978766503461,-0.5543314584622145
2018-10-08,2884.429931640625,2884.429931640625,2889.449951171875,2862.080078125,2877.530029296875,3381820000,-0.00039511662920677093,-0.039519470834969796
2018-10-09,2880.340087890625,2880.340087890625,2894.830078125,2874.27001953125,2882.510009765625,3531690000,-0.0014179036575431292,-0.14189098341542977
2018-10-10,2785.679931640625,2785.679931640625,2874.02001953125,2784.860107421875,2873.89990234375,4554260000,-0.0328642290012785,-3.3416389042602077
2018-10-11,2728.3701171875,2728.3701171875,2795.139892578125,2710.510009765625,2776.8701171875,4914090000,-0.02057300761734404,-2.078757997254153
2018-10-12,2767.1298828125,2767.1298828125,2775.77001953125,2729.43994140625,2770.5400390625,4024010000,0.014206197825152422,1.4106235408376289
2018-10-15,2750.7900390625,2750.7900390625,2775.989990234375,2749.030029296875,2763.830078125,3327160000,-0.005904978964482943,-0.5922482291300049
2018-10-16,2809.919921875,2809.919921875,2813.4599609375,2766.909912109375,2767.050048828125,3460260000,0.02149560016316343,2.126782803490127
2018-10-17,2809.2099609375,2809.2099609375,2816.93994140625,2781.81005859375,2811.669921875,3347090000,-0.00025266233815879335,-0.02526942626648821
2018-10-18,2768.780029296875,2768.780029296875,2806.0400390625,2755.179931640625,2802.0,3639300000,-0.014391922356395415,-1.4496490575341185
2018-10-19,2767.780029296875,2767.780029296875,2797.77001953125,2760.27001953125,2775.659912109375,3593940000,-0.00036116989772350117,-0.036123513527937905
2018-10-22,2755.8798828125,2755.8798828125,2778.93994140625,2749.219970703125,2773.93994140625,3331270000,-0.004299527548581317,-0.43087970964778677
2018-10-23,2740.68994140625,2740.68994140625,2753.590087890625,2691.429931640625,2721.030029296875,4373710000,-0.005511829997012829,-0.5527076180694164
2018-10-24,2656.10009765625,2656.10009765625,2742.590087890625,2651.889892578125,2737.8701171875,4738670000,-0.030864433977743855,-3.1350773861140837
2018-10-25,2705.570068359375,2705.570068359375,2722.699951171875,2667.840087890625,2674.8798828125,4663930000,0.018625040052811848,1.8453717978714166
2018-10-26,2658.68994140625,2658.68994140625,2692.3798828125,2628.159912109375,2667.860107421875,4804330000,-0.017327264039978307,-1.7479138010003175
2018-10-29,2641.25,2641.25,2706.85009765625,2603.5400390625,2682.64990234375,4701260000,-0.0065595995737004476,-0.658120829519397
2018-10-30,2682.6298828125,2682.6298828125,2685.429931640625,2635.340087890625,2640.679931640625,5125600000,0.015666780052058682,1.5545322971877482
2018-10-31,2711.739990234375,2711.739990234375,2736.68994140625,2705.60009765625,2705.60009765625,5133380000,0.010851331974038647,1.0792878754571094
2018-11-01,2740.3701171875,2740.3701171875,2741.669921875,2708.85009765625,2717.580078125,4730250000,0.010557843693063784,1.0502498868529206
2018-11-02,2723.06005859375,2723.06005859375,2756.550048828125,2700.43994140625,2745.449951171875,4261230000,-0.0063166863793988615,-0.6336721055879746
2018-11-05,2738.31005859375,2738.31005859375,2744.27001953125,2717.93994140625,2726.3701171875,3650910000,0.005600317169601965,0.5584693697194117
2018-11-06,2755.449951171875,2755.449951171875,2756.820068359375,2737.080078125,2738.39990234375,3543800000,0.006259295774170726,0.6239787744408636
2018-11-07,2813.889892578125,2813.889892578125,2815.14990234375,2774.1298828125,2774.1298828125,3929080000,0.021208856064105275,2.0987078560774024
2018-11-08,2806.830078125,2806.830078125,2814.75,2794.989990234375,2806.3798828125,3673550000,-0.0025089163835961825,-0.2512068988491457
2018-11-09,2781.010009765625,2781.010009765625,2794.10009765625,2764.239990234375,2794.10009765625,4029030000,-0.00919901370610332,-0.9241585915372431
2018-11-12,2726.219970703125,2726.219970703125,2775.989990234375,2722.0,2773.929931640625,3701570000,-0.01970148934024063,-1.9898150985467495
2018-11-13,2722.179931640625,2722.179931640625,2754.60009765625,2714.97998046875,2730.050048828125,4112820000,-0.0014819196931705747,-0.14830188221738935
2018-11-14,2701.580078125,2701.580078125,2746.800048828125,2685.75,2737.89990234375,4449060000,-0.007567410690302756,-0.7596188818450545
2018-11-15,2730.199951171875,2730.199951171875,2735.3798828125,2670.75,2693.52001953125,4204960000,0.010593753366266334,1.053803274264194
2018-11-16,2736.27001953125,2736.27001953125,2746.75,2712.159912109375,2718.5400390625,3996970000,0.0022233054237545957,0.22208375374839828
2018-11-19,2690.72998046875,2690.72998046875,2733.159912109375,2681.090087890625,2730.739990234375,3806940000,-0.01664310858849427,-1.6783161235721438
2018-11-20,2641.889892578125,2641.889892578125,2669.43994140625,2631.52001953125,2654.60009765625,4370820000,-0.01815124083246611,-1.831799555658597
2018-11-21,2649.929931640625,2649.929931640625,2670.72998046875,2649.820068359375,2657.739990234375,3237400000,0.0030432907461763747,0.30386693107672014
2018-11-23,2632.56005859375,2632.56005859375,2647.550048828125,2631.090087890625,2633.360107421875,1651680000,-0.006554842390161242,-0.6576419711855616
2018-11-26,2673.449951171875,2673.449951171875,2674.35009765625,2649.969970703125,2649.969970703125,3523520000,0.0155323683669224,1.5412975845366428
2018-11-27,2682.169921875,2682.169921875,2682.530029296875,2655.889892578125,2663.75,3494380000,0.003261692144003847,0.3256384364612641
2018-11-28,2743.7900390625,2743.7900390625,2744.0,2684.3798828125,2691.449951171875,3984540000,0.022973979644221654,2.271405130311378
2018-11-29,2737.800048828125,2737.800048828125,2753.75,2722.93994140625,2736.969970703125,3599200000,-0.0021831080910337253,-0.21854945453934532
2018-11-30,2760.169921875,2760.169921875,2760.8798828125,2732.760009765625,2737.760009765625,4668310000,0.008170747552017188,0.8137547716617559
2018-12-03,2790.3701171875,2790.3701171875,2800.179931640625,2773.3798828125,2790.5,4221580000,0.010941426132194287,1.0882001794362435
2018-12-04,2700.06005859375,2700.06005859375,2785.929931640625,2697.179931640625,2782.429931640625,4515710000,-0.03236490314939877,-3.290022883855611
2018-12-06,2695.949951171875,2695.949951171875,2696.14990234375,2621.530029296875,2663.510009765625,5180430000,-0.0015222281477752508,-0.15233879141442858
2018-12-07,2633.080078125,2633.080078125,2708.5400390625,2623.139892578125,2691.260009765625,4242240000,-0.023320118765389863,-2.359633545632224
2018-12-10,2637.719970703125,2637.719970703125,2647.510009765625,2583.22998046875,2630.860107421875,4162880000,0.0017621539947350051,0.17606032229163218
2018-12-11,2636.780029296875,2636.780029296875,2674.35009765625,2621.300048828125,2664.43994140625,3963440000,-0.00035634616892232795,-0.03564096753056664
2018-12-12,2651.070068359375,2651.070068359375,2685.43994140625,2650.260009765625,2658.22998046875,4029300000,0.005419503676349802,0.5404871010351243
2018-12-13,2650.5400390625,2650.5400390625,2670.18994140625,2637.27001953125,2658.699951171875,3978340000,-0.00019993032368359476,-0.019995031241503897
2018-12-14,2599.949951171875,2599.949951171875,2635.070068359375,2593.840087890625,2629.679931640625,4064370000,-0.019086709555430348,-1.927121226869981
2018-12-17,2545.93994140625,2545.93994140625,2601.1298828125,2530.5400390625,2590.75,4661420000,-0.020773480559224233,-2.0992284828576646
2018-12-18,2546.159912109375,2546.159912109375,2573.989990234375,2528.7099609375,2559.89990234375,4519190000,8.640058610476231e-05,0.008639685378910399
2018-12-19,2506.9599609375,2506.9599609375,2585.2900390625,2488.9599609375,2547.050048828125,5152830000,-0.01539571453679811,-1.55154591759368
2018-12-20,2467.419921875,2467.419921875,2509.6298828125,2441.179931640625,2496.77001953125,5619780000,-0.01577210632742365,-1.5897809484103957
2018-12-21,2416.6201171875,2416.6201171875,2504.409912109375,2408.550048828125,2465.3798828125,7657890000,-0.020588228309714296,-2.080312049854063
2018-12-24,2351.10009765625,2351.10009765625,2410.340087890625,2351.10009765625,2400.56005859375,2613670000,-0.027112254452099527,-2.748657287831441
2018-12-26,2467.699951171875,2467.699951171875,2467.760009765625,2346.580078125,2363.1201171875,4249740000,0.04959374278953943,4.840317767080504
2018-12-27,2488.830078125,2488.830078125,2489.10009765625,2397.93994140625,2442.5,4139010000,0.008562680784222065,0.8526228968816992
2018-12-28,2485.739990234375,2485.739990234375,2520.27001953125,2472.889892578125,2498.77001953125,3728440000,-0.0012415825080966947,-0.12423539102312722
2018-12-31,2506.85009765625,2506.85009765625,2509.239990234375,2482.820068359375,2498.93994140625,3461920000,0.00849248413140935,0.8456625862206875
2019-01-02,2510.030029296875,2510.030029296875,2519.489990234375,2467.469970703125,2476.9599609375,3733160000,0.0012684969251244294,0.12676930626261643
2019-01-03,2447.889892578125,2447.889892578125,2493.139892578125,2443.9599609375,2491.919921875,3858830000,-0.02475673039503723,-2.506833181891511
2019-01-04,2531.93994140625,2531.93994140625,2538.070068359375,2474.330078125,2474.330078125,4234140000,0.03433571464262353,3.375939906034647
2019-01-07,2549.68994140625,2549.68994140625,2566.159912109375,2524.56005859375,2535.610107421875,4133120000,0.007010434848680358,0.6985975995229761
2019-01-08,2574.409912109375,2574.409912109375,2579.820068359375,2547.56005859375,2568.110107421875,4120060000,0.009695285023358924,0.9648587336497393
2019-01-09,2584.9599609375,2584.9599609375,2595.320068359375,2568.889892578125,2580.0,4088740000,0.004098045450532162,0.40896713328221607
2019-01-10,2596.639892578125,2596.639892578125,2597.820068359375,2562.02001953125,2573.510009765625,3721300000,0.004518418782931244,0.4508241374462229
2019-01-11,2596.260009765625,2596.260009765625,2596.27001953125,2577.39990234375,2588.110107421875,3447460000,-0.00014629784190933748,-0.01463085444824661
2019-01-14,2582.610107421875,2582.610107421875,2589.320068359375,2570.409912109375,2580.31005859375,3689370000,-0.005257525167898014,-0.5271394587249489
2019-01-15,2610.300048828125,2610.300048828125,2613.080078125,2585.10009765625,2585.10009765625,3601180000,0.010721688622945758,1.0664618879761
2019-01-16,2616.10009765625,2616.10009765625,2625.760009765625,2612.679931640625,2614.75,3882180000,0.0022219854881162515,0.22195205290883643
2019-01-17,2635.9599609375,2635.9599609375,2645.06005859375,2606.360107421875,2609.280029296875,3802410000,0.0075914003822110665,0.7562730706235749
2019-01-18,2670.7099609375,2670.7099609375,2675.469970703125,2647.580078125,2651.27001953125,4009010000,0.01318305304897005,1.3096912839855779
2019-01-22,2632.89990234375,2632.89990234375,2657.8798828125,2617.27001953125,2657.8798828125,3923950000,-0.014157306164566674,-1.425847682797247
2019-01-23,2638.699951171875,2638.699951171875,2653.18994140625,2612.860107421875,2643.47998046875,3358770000,0.0022029127742235755,0.2200489919450871
2019-01-24,2642.330078125,2642.330078125,2647.199951171875,2627.010009765625,2638.840087890625,3449230000,0.0013757255543636049,0.1374780110977555
2019-01-25,2664.760009765625,2664.760009765625,2672.3798828125,2657.330078125,2657.43994140625,3821000000,0.008488694060713842,0.8452867700518018
2019-01-28,2643.85009765625,2643.85009765625,2644.969970703125,2624.06005859375,2644.969970703125,3630820000,-0.007846827493937836,-0.7877775848708899
2019-01-29,2640.0,2640.0,2650.929931640625,2631.050048828125,2644.889892578125,3518070000,-0.0014562465775435074,-0.14573079351148382
2019-01-30,2681.050048828125,2681.050048828125,2690.43994140625,2648.340087890625,2653.6201171875,3883270000,0.01554926091974429,1.5429609891560045
2019-01-31,2704.10009765625,2704.10009765625,2708.949951171875,2678.64990234375,2685.489990234375,4953800000,0.008597395948725328,0.8560648809767757
2019-02-01,2706.530029296875,2706.530029296875,2716.659912109375,2696.8798828125,2702.320068359375,3782490000,0.0008986100931438479,0.08982065848071141
2019-02-04,2724.8701171875,2724.8701171875,2724.989990234375,2698.75,2706.489990234375,3369450000,0.006776236617404008,0.6753381117479677
2019-02-05,2737.699951171875,2737.699951171875,2738.97998046875,2724.030029296875,2728.340087890625,3597620000,0.00470842037697472,0.46973704373501995
2019-02-06,2731.610107421875,2731.610107421875,2738.080078125,2724.14990234375,2735.050048828125,3486590000,-0.0022244379802809355,-0.2226915717508786
2019-02-07,2706.050048828125,2706.050048828125,2719.320068359375,2687.260009765625,2717.530029296875,4114040000,-0.009357140143940179,-0.9401193202230232
2019-02-08,2707.8798828125,2707.8798828125,2708.070068359375,2681.830078125,2692.360107421875,3649510000,0.0006762010869560964,0.06759725660127
2019-02-11,2709.800048828125,2709.800048828125,2718.050048828125,2703.7900390625,2712.39990234375,3395330000,0.0007091030986317026,0.07088518038183947
2019-02-12,2744.72998046875,2744.72998046875,2748.18994140625,2722.610107421875,2722.610107421875,3843020000,0.0128902247439735,1.2807852902838603
2019-02-13,2753.030029296875,2753.030029296875,2761.85009765625,2748.6298828125,2750.300048828125,3684910000,0.003023994668760688,0.3019431593710975
2019-02-14,2745.72998046875,2745.72998046875,2757.89990234375,2731.22998046875,2743.5,3845390000,-0.002651641555101225,-0.26551633836986216
2019-02-15,2775.60009765625,2775.60009765625,2775.659912109375,2760.239990234375,2760.239990234375,3648680000,0.01087875260858695,1.0820004664957539
2019-02-19,2779.760009765625,2779.760009765625,2787.330078125,2767.2900390625,2769.280029296875,3535270000,0.0014987433214488366,0.14976213265920058
2019-02-20,2784.699951171875,2784.699951171875,2789.8798828125,2774.06005859375,2779.050048828125,3904830000,0.0017771107537685182,0.177553356074094
2019-02-21,2774.8798828125,2774.8798828125,2781.580078125,2764.550048828125,2780.239990234375,3598260000,-0.003526436790880272,-0.3532669325841389
2019-02-22,2792.669921875,2792.669921875,2794.199951171875,2779.110107421875,2780.669921875,3429350000,0.006411102394986878,0.6390638694710404
2019-02-25,2796.110107421875,2796.110107421875,2813.489990234375,2794.989990234375,2804.35009765625,3860260000,0.0012318625699112573,0.12311044497517107
2019-02-26,2793.89990234375,2793.89990234375,2803.1201171875,2789.469970703125,2792.360107421875,3676200000,-0.0007904570968998437,-0.07907696728402984
2019-02-27,2792.3798828125,2792.3798828125,2795.760009765625,2775.1298828125,2787.5,3771790000,-0.0005440493877303387,-0.05441974362980739
2019-02-28,2784.489990234375,2784.489990234375,2793.72998046875,2782.510009765625,2788.110107421875,4445780000,-0.0028255083152146643,-0.2829507598950442
2019-03-01,2803.68994140625,2803.68994140625,2808.02001953125,2787.3798828125,2798.219970703125,3994950000,0.00689532059343434,0.6871656588713029
2019-03-04,2792.81005859375,2792.81005859375,2816.8798828125,2767.659912109375,2814.3701171875,3949730000,-0.003880558492514008,-0.3888107395255168
2019-03-05,2789.64990234375,2789.64990234375,2796.43994140625,2782.969970703125,2794.409912109375,3631380000,-0.001131532823106185,-0.1132173489706859
2019-03-06,2771.449951171875,2771.449951171875,2790.27001953125,2768.68994140625,2790.27001953125,3800180000,-0.006524098653592381,-0.6545473604125029
2019-03-07,2748.929931640625,2748.929931640625,2767.25,2739.090087890625,2766.530029296875,3932150000,-0.00812571755868352,-0.8158911138331157
2019-03-08,2743.070068359375,2743.070068359375,2744.1298828125,2722.27001953125,2730.7900390625,3424300000,-0.0021316888487414865,-0.21339641314536495
2019-03-11,2783.300048828125,2783.300048828125,2784.0,2747.610107421875,2747.610107421875,3764850000,0.014666041867757107,1.4559535563489445
2019-03-12,2791.52001953125,2791.52001953125,2798.320068359375,2786.72998046875,2787.340087890625,3432340000,0.0029533182046204143,0.2948965727805163
2019-03-13,2810.919921875,2810.919921875,2821.239990234375,2799.780029296875,2799.780029296875,3782250000,0.006949583813841809,0.6925546757019283
2019-03-14,2808.47998046875,2808.47998046875,2815.0,2803.4599609375,2810.3798828125,3505670000,-0.0008680223820187738,-0.08683993315961827
2019-03-15,2822.47998046875,2822.47998046875,2830.72998046875,2810.7900390625,2810.7900390625,5969780000,0.00498490290027398,0.49725194084307206
2019-03-18,2832.93994140625,2832.93994140625,2835.409912109375,2821.989990234375,2822.610107421875,3620770000,0.0037059469012648005,0.3699096798908033
2019-03-19,2832.570068359375,2832.570068359375,2852.419921875,2823.27001953125,2840.760009765625,3650740000,-0.0001305615560248663,-0.013057007992675946
2019-03-20,2824.22998046875,2824.22998046875,2843.5400390625,2812.429931640625,2831.340087890625,3779160000,-0.0029443536044478913,-0.2948696740769673
2019-03-21,2854.8798828125,2854.8798828125,2860.31005859375,2817.3798828125,2819.719970703125,3612620000,0.010852481049954399,1.0794015494689355
2019-03-22,2800.7099609375,2800.7099609375,2846.159912109375,2800.469970703125,2844.52001953125,4253730000,-0.018974501239482744,-1.9156827134273258
2019-03-25,2798.360107421875,2798.360107421875,2809.7900390625,2785.02001953125,2796.010009765625,3406110000,-0.000839020658475631,-0.0839372833310059
2019-03-26,2818.4599609375,2818.4599609375,2829.8701171875,2803.989990234375,2812.659912109375,3288570000,0.007182725862306283,0.7157052947934055
2019-03-27,2805.3701171875,2805.3701171875,2825.56005859375,2787.719970703125,2819.719970703125,3422400000,-0.0046443248906916645,-0.46551432765988704
2019-03-28,2815.43994140625,2815.43994140625,2819.7099609375,2798.77001953125,2809.39990234375,3185460000,0.003589481529391092,0.35830547152617265
2019-03-29,2834.39990234375,2834.39990234375,2836.030029296875,2819.22998046875,2828.27001953125,3752520000,0.0067342800173637585,0.6711706043324668
2019-04-01,2867.18994140625,2867.18994140625,2869.39990234375,2848.6298828125,2848.6298828125,3560090000,0.011568600124275408,1.1502195518044496
2019-04-02,2867.239990234375,2867.239990234375,2872.89990234375,2858.75,2868.239990234375,3267210000,1.745570720723677e-05,0.0017455554858152623
2019-04-03,2873.39990234375,2873.39990234375,2885.25,2865.169921875,2876.090087890625,3570000000,0.002148376881724312,0.2146072420089187
2019-04-04,2879.389892578125,2879.389892578125,2881.280029296875,2867.139892578125,2873.989990234375,3038740000,0.0020846350796801527,0.20824652429942736
2019-04-05,2892.739990234375,2892.739990234375,2893.239990234375,2882.989990234375,2884.159912109375,3155970000,0.004636432770241061,0.46257176230991226
2019-04-08,2895.77001953125,2895.77001953125,2895.949951171875,2880.780029296875,2888.4599609375,3056460000,0.0010474599539205265,0.10469117505236662
2019-04-09,2878.199951171875,2878.199951171875,2886.8798828125,2873.330078125,2886.580078125,3032480000,-0.006067494393846573,-0.6085976435669539
2019-04-10,2888.2099609375,2888.2099609375,2889.7099609375,2879.1298828125,2881.3701171875,3092230000,0.0034778715639784963,0.3471837754499924
2019-04-11,2888.320068359375,2888.320068359375,2893.419921875,2881.989990234375,2891.919921875,2970650000,3.8123067008344336e-05,0.0038122340342693697
2019-04-12,2907.409912109375,2907.409912109375,2910.5400390625,2898.3701171875,2900.860107421875,3726050000,0.006609324208602496,0.6587578389545727
2019-04-15,2905.580078125,2905.580078125,2909.60009765625,2896.47998046875,2908.320068359375,3114530000,-0.0006293691084816588,-0.06295672443571088
2019-04-16,2907.06005859375,2907.06005859375,2916.06005859375,2900.7099609375,2912.260009765625,3403120000,0.0005093580038946222,0.050922832513996215
2019-04-17,2900.449951171875,2900.449951171875,2918.0,2895.449951171875,2916.0400390625,3648100000,-0.0022738117853239315,-0.22764008207388597
2019-04-18,2905.030029296875,2905.030029296875,2908.39990234375,2891.89990234375,2904.81005859375,3507100000,0.0015790922795098083,0.15778468242496746
2019-04-22,2907.969970703125,2907.969970703125,2909.510009765625,2896.35009765625,2898.780029296875,3010130000,0.001012017561471401,0.10115058169329091
2019-04-23,2933.679931640625,2933.679931640625,2936.31005859375,2908.530029296875,2909.989990234375,3674480000,0.008841205788409079,0.8802351174995391
2019-04-24,2927.25,2927.25,2936.830078125,2926.050048828125,2934.0,3468480000,-0.002191763174733685,-0.21941686030362367
2019-04-25,2926.169921875,2926.169921875,2933.10009765625,2912.840087890625,2928.989990234375,3440010000,-0.0003689736527457965,-0.036904174027285755
2019-04-26,2939.8798828125,2939.8798828125,2939.8798828125,2917.56005859375,2925.81005859375,3264390000,0.0046852921407636305,0.4674350323304823
2019-04-29,2943.030029296875,2943.030029296875,2949.52001953125,2939.35009765625,2940.580078125,3150390000,0.001071522174355355,0.10709485042338864
2019-04-30,2945.830078125,2945.830078125,2948.219970703125,2924.110107421875,2937.139892578125,3939760000,0.0009514170090862972,0.09509646987914452
2019-05-01,2923.72998046875,2923.72998046875,2954.1298828125,2923.360107421875,2952.330078125,3669330000,-0.007502163081421376,-0.753044585029134
2019-05-02,2917.52001953125,2917.52001953125,2931.679931640625,2900.5,2922.159912109375,3802290000,-0.0021239857917741967,-0.21262446486827888
2019-05-03,2945.639892578125,2945.639892578125,2947.85009765625,2929.2099609375,2929.2099609375,3357180000,0.009638279380647763,0.959212747891747
2019-05-06,2932.469970703125,2932.469970703125,2937.320068359375,2898.2099609375,2908.889892578125,3203260000,-0.004470988428756373,-0.4481013189072523
2019-05-07,2884.050048828125,2884.050048828125,2913.030029296875,2862.60009765625,2913.030029296875,3793060000,-0.016511651392423388,-1.6649488088905522
2019-05-08,2879.419921875,2879.419921875,2897.9599609375,2873.280029296875,2879.610107421875,3543110000,-0.0016054253132695706,-0.16067153894199682
2019-05-09,2870.719970703125,2870.719970703125,2875.969970703125,2836.39990234375,2859.840087890625,3659050000,-0.0030214249424966866,-0.30259986619282897
2019-05-10,2881.39990234375,2881.39990234375,2891.31005859375,2825.389892578125,2863.10009765625,3566780000,0.0037202972597878414,0.3713394069918638
2019-05-13,2811.8701171875,2811.8701171875,2840.18994140625,2801.429931640625,2840.18994140625,3900270000,-0.02413055719884427,-2.4426469138497504
2019-05-14,2834.409912109375,2834.409912109375,2852.5400390625,2820.1201171875,2820.1201171875,3354860000,0.008015944543135589,0.7983987523216094
2019-05-15,2850.9599609375,2850.9599609375,2858.679931640625,2815.080078125,2820.3798828125,3140900000,0.00583897507464215,0.5821994327723055
2019-05-16,2876.320068359375,2876.320068359375,2892.14990234375,2855.800048828125,2855.800048828125,3338470000,0.008895287120600504,0.8855957116499086
2019-05-17,2859.530029296875,2859.530029296875,2885.47998046875,2854.22998046875,2858.60009765625,3316040000,-0.005837333350761975,-0.5854437174043804
2019-05-20,2840.22998046875,2840.22998046875,2853.860107421875,2831.2900390625,2841.93994140625,3293750000,-0.0067493779153879885,-0.6772257975405369
2019-05-21,2864.360107421875,2864.360107421875,2868.8798828125,2854.02001953125,2854.02001953125,3223050000,0.008495835590448308,0.8459949093190606
2019-05-22,2856.27001953125,2856.27001953125,2865.469970703125,2851.110107421875,2856.06005859375,3194000000,-0.0028243962306494508,-0.2828392363899436
2019-05-23,2822.239990234375,2822.239990234375,2836.699951171875,2805.489990234375,2836.699951171875,3899320000,-0.01191414994527018,-1.198569224128196
2019-05-24,2826.06005859375,2826.06005859375,2841.360107421875,2820.18994140625,2832.409912109375,2889230000,0.0013535590072402126,0.13526437720373174
2019-05-28,2802.389892578125,2802.389892578125,2840.510009765625,2801.580078125,2830.030029296875,4146980000,-0.008375676922946718,-0.8410950000260243
2019-05-29,2783.02001953125,2783.02001953125,2792.030029296875,2766.06005859375,2790.25,3701110000,-0.0069119122568113145,-0.693591016723137
2019-05-30,2788.860107421875,2788.860107421875,2799.0,2776.739990234375,2786.93994140625,3276030000,0.0020984713906617714,0.20962726749970373
2019-05-31,2752.06005859375,2752.06005859375,2768.97998046875,2750.52001953125,2766.14990234375,3982670000,-0.01319537280847849,-1.3283205250452959
2019-06-03,2744.449951171875,2744.449951171875,2763.070068359375,2728.81005859375,2751.530029296875,3952360000,-0.0027652403144732274,-0.2769070654307939
2019-06-04,2803.27001953125,2803.27001953125,2804.489990234375,2762.639892578125,2762.639892578125,3814130000,0.021432370568193138,2.1205927081077776
2019-06-05,2826.14990234375,2826.14990234375,2827.280029296875,2800.919921875,2818.090087890625,3570760000,0.008161854781411959,0.8128726978813691
2019-06-06,2843.489990234375,2843.489990234375,2852.10009765625,2822.449951171875,2828.510009765625,3445140000,0.006135586748687638,0.6116840676004416
2019-06-07,2873.340087890625,2873.340087890625,2884.969970703125,2852.8701171875,2852.8701171875,3244380000,0.01049769746289475,1.0442979247260027
2019-06-10,2886.72998046875,2886.72998046875,2904.77001953125,2885.510009765625,2885.830078125,3209890000,0.0046600444669098184,0.46492200747654994
2019-06-11,2885.719970703125,2885.719970703125,2910.610107421875,2878.530029296875,2903.27001953125,3551000000,-0.00034988023558091275,-0.034994145795128585
2019-06-12,2879.840087890625,2879.840087890625,2888.570068359375,2874.679931640625,2882.72998046875,3039870000,-0.0020375791387226005,-0.2039657827237423
2019-06-13,2891.639892578125,2891.639892578125,2895.239990234375,2881.989990234375,2886.239990234375,3100640000,0.004097381912668174,0.4089010502850191
2019-06-14,2886.97998046875,2886.97998046875,2894.449951171875,2879.6201171875,2886.820068359375,2992810000,-0.001611511904139773,-0.16128117861529603
2019-06-17,2889.669921875,2889.669921875,2897.27001953125,2887.300048828125,2889.75,2828400000,0.0009317492412306283,0.09313154323528439
2019-06-18,2917.75,2917.75,2930.7900390625,2905.43994140625,2906.7099609375,3441540000,0.009717399870633026,0.9670489592970687
2019-06-19,2926.4599609375,2926.4599609375,2931.739990234375,2911.429931640625,2920.550048828125,3300220000,0.002985163546397107,0.29807167930238426
2019-06-20,2954.179931640625,2954.179931640625,2958.06005859375,2931.5,2949.60009765625,3943060000,0.009472185190685156,0.942760533587314
2019-06-21,2950.4599609375,2950.4599609375,2964.14990234375,2946.8701171875,2952.7099609375,5003540000,-0.0012592227925193322,-0.1260016279727998
2019-06-24,2945.35009765625,2945.35009765625,2954.919921875,2944.050048828125,2951.419921875,3136960000,-0.0017318870104667816,-0.1733388460587026
2019-06-25,2917.3798828125,2917.3798828125,2946.52001953125,2916.010009765625,2945.780029296875,3579430000,-0.009496397343734198,-0.9541775640387554
2019-06-26,2913.780029296875,2913.780029296875,2932.590087890625,2912.989990234375,2926.070068359375,3511350000,-0.0012339337557076835,-0.12346956788039985
2019-06-27,2924.919921875,2924.919921875,2929.300048828125,2918.570068359375,2919.659912109375,3162500000,0.003823175554131808,0.38158857925908474
2019-06-28,2941.760009765625,2941.760009765625,2943.97998046875,2929.050048828125,2932.93994140625,5422650000,0.0057574526279098315,0.5740941840599626
2019-07-01,2964.330078125,2964.330078125,2977.929931640625,2952.219970703125,2971.409912109375,3524860000,0.007672301032188189,0.7643018610953927
2019-07-02,2973.010009765625,2973.010009765625,2973.2099609375,2955.919921875,2964.659912109375,3224490000,0.002928125887423194,0.2923847276988696
2019-07-03,2995.820068359375,2995.820068359375,2995.840087890625,2977.9599609375,2978.080078125,1963570000,0.007672378673070135,0.7643095660684157
2019-07-05,2990.409912109375,2990.409912109375,2994.030029296875,2967.969970703125,2984.25,2434680000,-0.00180590159841032,-0.18075342045486648
2019-07-08,2975.949951171875,2975.949951171875,2980.760009765625,2970.090087890625,2979.77001953125,2922360000,-0.004835444424841517,-0.4847173010123794
2019-07-09,2979.6298828125,2979.6298828125,2981.89990234375,2963.43994140625,2965.52001953125,3033330000,0.0012365569653400854,0.12357930584538906
2019-07-10,2993.070068359375,2993.070068359375,3002.97998046875,2984.6201171875,2989.300048828125,3157800000,0.0045106896075925995,0.45005469360826134
2019-07-11,2999.909912109375,2999.909912109375,3002.330078125,2988.800048828125,2999.6201171875,3155710000,0.002285226738359958,0.2282619578948549
2019-07-12,3013.77001953125,3013.77001953125,3013.919921875,3001.8701171875,3003.360107421875,2984140000,0.004620174547884881,0.4609534302066538
2019-07-15,3014.300048828125,3014.300048828125,3017.800048828125,3008.77001953125,3017.800048828125,2876100000,0.00017586919155743175,0.01758537283841328
2019-07-16,3004.0400390625,3004.0400390625,3015.02001953125,3001.14990234375,3012.1298828125,3297030000,-0.003403778522185874,-0.3409584555010327
2019-07-17,2984.419921875,2984.419921875,3005.260009765625,2984.25,3005.10009765625,3185650000,-0.006531243569450895,-0.6552665466093183
2019-07-18,2995.110107421875,2995.110107421875,2998.280029296875,2973.090087890625,2978.8701171875,3369820000,0.003581997784064761,0.35755977088190827
2019-07-19,2976.610107421875,2976.610107421875,3006.02001953125,2975.860107421875,3004.260009765625,3285890000,-0.00617673452276668,-0.6195889464844692
2019-07-22,2985.030029296875,2985.030029296875,2990.7099609375,2976.64990234375,2981.929931640625,3016200000,0.002828694915066654,0.2824701686250326
2019-07-23,3005.469970703125,3005.469970703125,3005.89990234375,2988.56005859375,2994.739990234375,3333810000,0.006847482673755456,0.682414513927642
2019-07-24,3019.56005859375,3019.56005859375,3019.590087890625,2996.820068359375,2998.77001953125,3433220000,0.004688147952890187,0.4677192813475714
2019-07-25,3003.669921875,3003.669921875,3016.31005859375,2997.239990234375,3016.260009765625,3657050000,-0.005262401280453521,-0.5276296483599537
2019-07-26,3025.860107421875,3025.860107421875,3027.97998046875,3012.590087890625,3013.25,3260170000,0.007387691099234761,0.7360535770783042
2019-07-29,3020.969970703125,3020.969970703125,3025.610107421875,3014.300048828125,3024.469970703125,3224490000,-0.0016161146071345112,-0.16174219290574365
2019-07-30,3013.179931640625,3013.179931640625,3017.18994140625,3000.93994140625,3007.659912109375,3632770000,-0.0025786549148275606,-0.2581985372044371
2019-07-31,2980.3798828125,2980.3798828125,3017.39990234375,2958.080078125,3016.219970703125,4626330000,-0.010885526112695776,-1.0945206952139959
2019-08-01,2953.56005859375,2953.56005859375,3013.590087890625,2945.22998046875,2980.320068359375,4793810000,-0.00899879386967306,-0.9039527568806016
2019-08-02,2932.050048828125,2932.050048828125,2945.5,2914.110107421875,2943.89990234375,3882810000,-0.007282739927037873,-0.7309388539565105
2019-08-05,2844.739990234375,2844.739990234375,2898.070068359375,2822.1201171875,2898.070068359375,4542850000,-0.0297778200029859,-3.0230182169694775
2019-08-06,2881.77001953125,2881.77001953125,2884.39990234375,2847.419921875,2861.179931640625,4156640000,0.013017017169932643,1.2933023911166612
2019-08-07,2883.97998046875,2883.97998046875,2892.169921875,2825.7099609375,2858.64990234375,4512720000,0.0007668762331907164,0.07665823338588766
2019-08-08,2938.090087890625,2938.090087890625,2938.719970703125,2894.469970703125,2896.2099609375,4118530000,0.018762303409984193,1.8588462466865086
2019-08-09,2918.64990234375,2918.64990234375,2935.75,2900.14990234375,2930.510009765625,3356850000,-0.00661660635492356,-0.6638593133657111
2019-08-12,2882.699951171875,2882.699951171875,2907.580078125,2873.139892578125,2907.070068359375,3328570000,-0.012317322177972212,-1.2393809115915355
2019-08-13,2926.320068359375,2926.320068359375,2943.31005859375,2877.050048828125,2880.719970703125,3857190000,0.015131688322181258,1.5018346267301863
2019-08-14,2840.60009765625,2840.60009765625,2894.14990234375,2839.639892578125,2894.14990234375,4325150000,-0.029292752911742603,-2.973035245453567
2019-08-15,2847.60009765625,2847.60009765625,2856.669921875,2825.510009765625,2846.199951171875,4041720000,0.0024642680276520945,0.24612366981802422
2019-08-16,2888.679931640625,2888.679931640625,2893.6298828125,2864.739990234375,2864.739990234375,3524080000,0.014426124657807904,1.4323058172245002
2019-08-19,2923.64990234375,2923.64990234375,2931.0,2913.47998046875,2913.47998046875,3221050000,0.012105865492430645,1.2033175564397505
2019-08-20,2900.510009765625,2900.510009765625,2923.6298828125,2899.60009765625,2919.010009765625,3067710000,-0.007914727601131322,-0.7946215312115467
2019-08-21,2924.429931640625,2924.429931640625,2928.72998046875,2917.909912109375,2922.0400390625,3016540000,0.00824679859557964,0.8212979557352937
2019-08-22,2922.949951171875,2922.949951171875,2939.080078125,2904.510009765625,2930.93994140625,2893660000,-0.0005060748601761755,-0.050620295927854005
2019-08-23,2847.110107421875,2847.110107421875,2927.010009765625,2834.969970703125,2911.070068359375,3942520000,-0.025946336754618105,-2.6288881122837853
2019-08-26,2878.3798828125,2878.3798828125,2879.27001953125,2856.0,2866.699951171875,2859790000,0.010982987735216332,1.092311273079789
2019-08-27,2869.159912109375,2869.159912109375,2898.7900390625,2860.590087890625,2893.139892578125,3537490000,-0.003203180635808267,-0.32083218005562386
2019-08-28,2887.93994140625,2887.93994140625,2890.030029296875,2853.050048828125,2861.280029296875,3102480000,0.006545480165679685,0.6524151530562512
2019-08-29,2924.580078125,2924.580078125,2930.5,2905.669921875,2910.3701171875,3177150000,0.012687291793508804,1.2607482441094398
2019-08-30,2926.4599609375,2926.4599609375,2940.429931640625,2913.320068359375,2937.090087890625,3009910000,0.0006427872591217021,0.0642580759876775
2019-09-03,2906.27001953125,2906.27001953125,2914.389892578125,2891.85009765625,2909.010009765625,3427830000,-0.00689910050906084,-0.6923009332685417
2019-09-04,2937.780029296875,2937.780029296875,2938.840087890625,2921.860107421875,2924.669921875,3167900000,0.010842079212828093,1.0783725278421428
2019-09-05,2976.0,2976.0,2985.860107421875,2960.60009765625,2960.60009765625,3902600000,0.013009813642266721,1.292591292175976
2019-09-06,2978.7099609375,2978.7099609375,2985.030029296875,2972.510009765625,2980.330078125,3209340000,0.0009106051537297599,0.0910190804376786
2019-09-09,2978.429931640625,2978.429931640625,2989.429931640625,2969.389892578125,2988.429931640625,4031120000,-9.401025965849463e-05,-0.009401467889992668
2019-09-10,2979.389892578125,2979.389892578125,2979.389892578125,2957.010009765625,2971.010009765625,4393040000,0.0003223043548219451,0.032225242593101534
2019-09-11,3000.929931640625,3000.929931640625,3000.929931640625,2975.31005859375,2981.409912109375,3934370000,0.007229681189480308,0.7203672326387199
2019-09-12,3009.570068359375,3009.570068359375,3020.739990234375,3000.919921875,3009.080078125,3796990000,0.002879153101061016,0.28750162782333166
2019-09-13,3007.389892578125,3007.389892578125,3017.330078125,3002.89990234375,3012.2099609375,3557010000,-0.0007244143620946941,-0.07246768769660504
2019-09-16,2997.9599609375,2997.9599609375,3002.18994140625,2990.669921875,2996.409912109375,4285860000,-0.0031355866640028207,-0.314051291635599
2019-09-17,3005.699951171875,3005.699951171875,3006.2099609375,2993.72998046875,2995.669921875,3673250000,0.0025817523700197853,0.25784253724619854
2019-09-18,3006.72998046875,3006.72998046875,3007.830078125,2978.570068359375,3001.5,3458800000,0.00034269198975556137,0.034263328426719086
2019-09-19,3006.7900390625,3006.7900390625,3021.989990234375,3003.159912109375,3010.360107421875,3265660000,1.997472142156731e-05,0.0019974521929475905
2019-09-20,2992.070068359375,2992.070068359375,3016.3701171875,2984.679931640625,3008.419921875,6103440000,-0.0048955765157830955,-0.4907599104880387
2019-09-23,2991.780029296875,2991.780029296875,2999.14990234375,2982.22998046875,2983.5,3187250000,-9.693591923765066e-05,-0.009694061782751374
2019-09-24,2966.60009765625,2966.60009765625,3007.97998046875,2957.72998046875,3002.429931640625,3872800000,-0.008416371322106486,-0.845198896355148
2019-09-25,2984.8701171875,2984.8701171875,2989.820068359375,2952.860107421875,2968.35009765625,3331200000,0.006158571742003405,0.6139685241963904
2019-09-26,2977.6201171875,2977.6201171875,2987.280029296875,2963.7099609375,2985.72998046875,3084910000,-0.002428916406865711,-0.24318710096131907
2019-09-27,2961.7900390625,2961.7900390625,2987.31005859375,2945.530029296875,2985.469970703125,3246480000,-0.005316352490240539,-0.5330534579128577
2019-09-30,2976.739990234375,2976.739990234375,2983.85009765625,2967.070068359375,2967.070068359375,3249130000,0.005047606675254723,0.5034910215248393
2019-10-01,2940.25,2940.25,2992.530029296875,2938.699951171875,2983.68994140625,3560750000,-0.012258373372913245,-1.2334126945412847
2019-10-02,2887.610107421875,2887.610107421875,2924.780029296875,2874.929931640625,2924.780029296875,3914180000,-0.017903202985502964,-1.8065404187643832
2019-10-03,2910.6298828125,2910.6298828125,2911.1298828125,2855.93994140625,2885.3798828125,3515130000,0.00797191259701524,0.7940304773866788
2019-10-04,2952.010009765625,2952.010009765625,2953.739990234375,2918.56005859375,2918.56005859375,3005600000,0.014216897585460186,1.4116785239259273
2019-10-07,2938.7900390625,2938.7900390625,2959.75,2935.679931640625,2944.22998046875,2959050000,-0.004478294673592398,-0.448835227368152
2019-10-08,2893.06005859375,2893.06005859375,2925.469970703125,2892.659912109375,2920.39990234375,3370700000,-0.015560819201407838,-1.5683159552109929
2019-10-09,2919.39990234375,2919.39990234375,2929.320068359375,2907.409912109375,2911.10009765625,2735350000,0.0091044925499415,0.9063296514845923
2019-10-10,2938.1298828125,2938.1298828125,2948.4599609375,2917.1201171875,2918.550048828125,3234400000,0.006415695380997066,0.6395202411782605
2019-10-11,2970.27001953125,2970.27001953125,2993.280029296875,2963.070068359375,2963.070068359375,3581320000,0.010938977513132997,1.0879579673789057
2019-10-14,2966.14990234375,2966.14990234375,2972.840087890625,2962.93994140625,2965.81005859375,2559270000,-0.0013871187334510982,-0.13880816732189802
2019-10-15,2995.679931640625,2995.679931640625,3003.280029296875,2973.610107421875,2973.610107421875,3345090000,0.009955676641137279,0.9906445376489171
2019-10-16,2989.68994140625,2989.68994140625,2997.5400390625,2985.199951171875,2989.679931640625,3230320000,-0.0019995427986508885,-0.20015445531937331
2019-10-17,2997.949951171875,2997.949951171875,3008.2900390625,2991.7900390625,3000.77001953125,3103470000,0.0027628315736780706,0.2759021969775287
2019-10-18,2986.199951171875,2986.199951171875,3000.0,2976.31005859375,2996.840087890625,3268970000,-0.003919344949506964,-0.3927045709799847
2019-10-21,3006.719970703125,3006.719970703125,3007.330078125,2995.35009765625,2996.47998046875,3271960000,0.006871616056117524,0.6848114105333746
2019-10-22,2995.989990234375,2995.989990234375,3014.570068359375,2995.0400390625,3010.72998046875,3527540000,-0.003568666378412577,-0.3575049258376838
2019-10-23,3004.52001953125,3004.52001953125,3004.780029296875,2991.2099609375,2994.010009765625,3413600000,0.0028471487971184484,0.2843103345830729
2019-10-24,3010.2900390625,3010.2900390625,3016.070068359375,3000.419921875,3014.780029296875,3696510000,0.0019204463587332299,0.1918604659171353
2019-10-25,3022.550048828125,3022.550048828125,3027.389892578125,3001.93994140625,3003.320068359375,3379060000,0.004072700506109195,0.4064429510656049
2019-10-28,3039.419921875,3039.419921875,3044.080078125,3032.1201171875,3032.1201171875,3524970000,0.005581337868471481,0.55658199161177
2019-10-29,3036.889892578125,3036.889892578125,3047.8701171875,3034.81005859375,3035.389892578125,3594430000,-0.0008324053147991117,-0.08327519564807664
2019-10-30,3046.77001953125,3046.77001953125,3050.10009765625,3025.9599609375,3039.739990234375,3779660000,0.00325337015914573,0.324808940085731
2019-10-31,3037.56005859375,3037.56005859375,3046.89990234375,3023.18994140625,3046.89990234375,4149310000,-0.0030228605633046968,-0.302743863453909
2019-11-01,3066.909912109375,3066.909912109375,3066.949951171875,3050.719970703125,3050.719970703125,3956290000,0.009662312168146059,0.9615930559647514
2019-11-04,3078.27001953125,3078.27001953125,3085.199951171875,3074.8701171875,3078.9599609375,4178040000,0.003704089049704651,0.36972458053124274
2019-11-05,3074.6201171875,3074.6201171875,3083.949951171875,3072.14990234375,3080.800048828125,4490590000,-0.001185699214361291,-0.11864027118206638
2019-11-06,3076.780029296875,3076.780029296875,3078.340087890625,3065.889892578125,3075.10009765625,4465510000,0.0007024972279667807,0.07022505922896238
2019-11-07,3085.179931640625,3085.179931640625,3097.77001953125,3080.22998046875,3087.02001953125,4151990000,0.0027300951851503275,0.27263752442806655
2019-11-08,3093.080078125,3093.080078125,3093.090087890625,3073.580078125,3081.25,3508160000,0.0025606760900243053,0.2557403145115828
2019-11-11,3087.010009765625,3087.010009765625,3088.330078125,3075.820068359375,3080.330078125,3041120000,-0.0019624672514313435,-0.19643954133371924
2019-11-12,3091.840087890625,3091.840087890625,3102.610107421875,3084.72998046875,3089.280029296875,3495560000,0.0015646460846321375,0.15634233012630327
2019-11-13,3094.0400390625,3094.0400390625,3098.06005859375,3078.800048828125,3084.179931640625,3513720000,0.0007115345908383919,0.07112815701162954
2019-11-14,3096.6298828125,3096.6298828125,3098.199951171875,3083.260009765625,3090.75,3282090000,0.0008370427393644686,0.08366926144567595
2019-11-15,3120.4599609375,3120.4599609375,3120.4599609375,3104.60009765625,3107.919921875,3359800000,0.007695488006902673,0.7666028777973181
2019-11-18,3122.030029296875,3122.030029296875,3124.169921875,3112.06005859375,3117.909912109375,3440140000,0.0005031528617669423,0.05030263228096366
2019-11-19,3120.179931640625,3120.179931640625,3127.639892578125,3113.469970703125,3127.449951171875,3613670000,-0.0005925944462060739,-0.05927700996925261
2019-11-20,3108.4599609375,3108.4599609375,3118.969970703125,3091.409912109375,3114.659912109375,4041010000,-0.003756184245747196,-0.37632564209410674
2019-11-21,3103.5400390625,3103.5400390625,3110.110107421875,3094.550048828125,3108.489990234375,3744010000,-0.0015827522106851566,-0.15840060861895075
2019-11-22,3110.2900390625,3110.2900390625,3112.8701171875,3099.260009765625,3111.409912109375,3235270000,0.0021749356911917594,0.2172573942375937
2019-11-25,3133.639892578125,3133.639892578125,3133.830078125,3117.43994140625,3117.43994140625,3514310000,0.007507291353015866,0.7479251887467208
2019-11-26,3140.52001953125,3140.52001953125,3142.68994140625,3131.0,3134.85009765625,4600450000,0.0021955703874654287,0.21931636449402275
2019-11-27,3153.6298828125,3153.6298828125,3154.260009765625,3143.409912109375,3145.489990234375,3035470000,0.004174424362754614,0.41657356252997446
2019-11-29,3140.97998046875,3140.97998046875,3150.300048828125,3139.340087890625,3147.179931640625,1743420000,-0.004011219709926239,-0.40192862299890536
2019-12-02,3113.8701171875,3113.8701171875,3144.31005859375,3110.780029296875,3143.85009765625,3285750000,-0.008631020716408422,-0.8668483693963605
2019-12-03,3093.199951171875,3093.199951171875,3094.969970703125,3070.330078125,3087.409912109375,3671580000,-0.00663809511563529,-0.6660225258045148
2019-12-04,3112.760009765625,3112.760009765625,3119.3798828125,3102.530029296875,3103.5,3702980000,0.00632356747139462,0.6303657608769992
2019-12-05,3117.429931640625,3117.429931640625,3119.449951171875,3103.760009765625,3119.2099609375,3360480000,0.0015002511791302187,0.14991269266302706
2019-12-06,3145.909912109375,3145.909912109375,3150.60009765625,3134.6201171875,3134.6201171875,3483310000,0.009135724328457329,0.9094246030426013
2019-12-09,3135.9599609375,3135.9599609375,3148.8701171875,3135.4599609375,3141.860107421875,3400470000,-0.00316282139344648,-0.3167833684474369
2019-12-10,3132.52001953125,3132.52001953125,3142.1201171875,3126.090087890625,3135.360107421875,3346310000,-0.0010969340964486207,-0.10975361689841293
2019-12-11,3141.6298828125,3141.6298828125,3143.97998046875,3133.2099609375,3135.75,3257650000,0.002908158040315856,0.290393752935077
2019-12-12,3168.570068359375,3168.570068359375,3176.280029296875,3138.469970703125,3141.22998046875,4003200000,0.008575225775086182,0.8538667375555057
2019-12-13,3168.800048828125,3168.800048828125,3182.679931640625,3156.510009765625,3166.64990234375,3757650000,7.258178414493166e-05,0.007257915021468629
2019-12-16,3191.449951171875,3191.449951171875,3197.7099609375,3183.6298828125,3183.6298828125,4070200000,0.007147785279833618,0.7122360942542787
2019-12-17,3192.52001953125,3192.52001953125,3198.219970703125,3191.030029296875,3195.39990234375,3842940000,0.00033529222633799094,0.03352360284609262
2019-12-18,3191.139892578125,3191.139892578125,3198.47998046875,3191.139892578125,3195.2099609375,4029950000,-0.00043230017186479675,-0.04323936405227425
2019-12-19,3205.3701171875,3205.3701171875,3205.47998046875,3192.320068359375,3192.320068359375,3784360000,0.004459292004863613,0.4449378821864254
2019-12-20,3221.219970703125,3221.219970703125,3225.64990234375,3216.030029296875,3223.330078125,6457480000,0.004944781081796634,0.49325958043340984
2019-12-23,3224.010009765625,3224.010009765625,3227.780029296875,3222.300048828125,3226.050048828125,3064530000,0.0008661436002121992,0.08657687142985108
2019-12-24,3223.3798828125,3223.3798828125,3226.429931640625,3220.510009765625,3225.449951171875,1296530000,-0.00019544819997963092,-0.019546730246814043
2019-12-26,3239.909912109375,3239.909912109375,3240.080078125,3227.199951171875,3227.199951171875,2164540000,0.005128166675301138,0.5115062410053991
2019-12-27,3240.02001953125,3240.02001953125,3247.929931640625,3234.3701171875,3247.22998046875,2429150000,3.398471712534601e-05,0.0033984139657930305
2019-12-30,3221.2900390625,3221.2900390625,3240.919921875,3216.570068359375,3240.090087890625,3021720000,-0.005780822450430323,-0.5797596079349905
2019-12-31,3230.780029296875,3230.780029296875,3231.719970703125,3212.030029296875,3215.179931640625,2894760000,0.0029460216619106028,0.29416906441907187
2020-01-02,3257.85009765625,3257.85009765625,3258.139892578125,3235.530029296875,3244.669921875,3459930000,0.008378802677341701,0.8343895362316707
2020-01-03,3234.85009765625,3234.85009765625,3246.14990234375,3222.340087890625,3226.360107421875,3484700000,-0.007059870562045378,-0.7084909364954552
2020-01-06,3246.280029296875,3246.280029296875,3246.840087890625,3214.639892578125,3217.550048828125,3702460000,0.0035333728907271933,0.3527145194272564
2020-01-07,3237.179931640625,3237.179931640625,3244.909912109375,3232.429931640625,3241.860107421875,3435910000,-0.0028032386528962228,-0.28071750845948407
2020-01-08,3253.050048828125,3253.050048828125,3267.070068359375,3236.669921875,3238.590087890625,3726840000,0.004902451368978156,0.4890473485641129
2020-01-09,3274.699951171875,3274.699951171875,3275.580078125,3263.669921875,3266.030029296875,3641230000,0.006655262605488987,0.6633214116906491
2020-01-10,3265.35009765625,3265.35009765625,3282.989990234375,3260.860107421875,3281.81005859375,3214580000,-0.002855178689662563,-0.28592624875049016
2020-01-13,3288.1298828125,3288.1298828125,3288.1298828125,3268.429931640625,3271.1298828125,3459390000,0.006976215252569862,0.6951994045933256
2020-01-14,3283.14990234375,3283.14990234375,3294.25,3277.18994140625,3285.35009765625,3687620000,-0.001514532772802224,-0.15156808368957203
2020-01-15,3289.2900390625,3289.2900390625,3298.659912109375,3280.68994140625,3282.27001953125,3721490000,0.0018701968845122874,0.18684502436879627
2020-01-16,3316.81005859375,3316.81005859375,3317.110107421875,3302.820068359375,3302.969970703125,3540580000,0.00836655302646827,0.8331747422232019
2020-01-17,3329.6201171875,3329.6201171875,3329.8798828125,3318.860107421875,3323.659912109375,3726220000,0.003862162248501333,0.3854723247485144
2020-01-21,3320.7900390625,3320.7900390625,3329.7900390625,3316.610107421875,3321.030029296875,4104840000,-0.0026519776473655776,-0.2655500369585384
2020-01-22,3321.75,3321.75,3337.77001953125,3320.0400390625,3330.02001953125,3623780000,0.0002890760711180551,0.028903429668107473
2020-01-23,3325.5400390625,3325.5400390625,3326.8798828125,3301.8701171875,3315.77001953125,3766710000,0.0011409766124783616,0.11403261933582409
2020-01-24,3295.469970703125,3295.469970703125,3333.179931640625,3281.530029296875,3333.10009765625,3708780000,-0.009042160974207403,-0.9083289426193788
2020-01-27,3243.6298828125,3243.6298828125,3258.85009765625,3234.5,3247.159912109375,3831050000,-0.015730711659182384,-1.5855752356844035
2020-01-28,3276.239990234375,3276.239990234375,3285.780029296875,3253.219970703125,3255.35009765625,3531570000,0.010053584595046017,1.0003383500352516
2020-01-29,3273.39990234375,3273.39990234375,3293.469970703125,3271.889892578125,3289.4599609375,3600250000,-0.0008668741908683941,-0.08672501435846315
2020-01-30,3283.659912109375,3283.659912109375,3285.909912109375,3242.800048828125,3256.449951171875,3790350000,0.003134358792605374,0.312945693021106
2020-01-31,3225.52001953125,3225.52001953125,3282.330078125,3214.679931640625,3282.330078125,4529700000,-0.01770582037552626,-1.7864443571362951
2020-02-03,3248.919921875,3248.919921875,3268.43994140625,3235.659912109375,3235.659912109375,3760460000,0.007254613892351713,0.7228425761232584
2020-02-04,3297.590087890625,3297.590087890625,3306.919921875,3280.610107421875,3280.610107421875,3996900000,0.014980414164082134,1.486931591750606
2020-02-05,3334.68994140625,3334.68994140625,3337.580078125,3313.75,3324.909912109375,4121480000,0.01125059589785371,1.1187778658972936
2020-02-06,3345.780029296875,3345.780029296875,3347.9599609375,3334.389892578125,3344.919921875,3887250000,0.003325672876785646,0.3320155057001924
2020-02-07,3327.7099609375,3327.7099609375,3341.419921875,3322.1201171875,3335.5400390625,3733920000,-0.005400853672730133,-0.5415491009458352
2020-02-10,3352.090087890625,3352.090087890625,3352.260009765625,3317.77001953125,3318.280029296875,3462730000,0.007326397804890528,0.7299690120573207
2020-02-11,3357.75,3357.75,3375.6298828125,3352.719970703125,3365.8701171875,3762940000,0.0016884725532351208,0.16870486860021178
2020-02-12,3379.449951171875,3379.449951171875,3381.469970703125,3369.719970703125,3370.5,3930910000,0.006462646466197652,0.6441853105203067
2020-02-13,3373.93994140625,3373.93994140625,3385.090087890625,3360.52001953125,3365.89990234375,3500890000,-0.0016304457368023773,-0.16317763599886592
2020-02-14,3380.159912109375,3380.159912109375,3380.68994140625,3366.14990234375,3378.080078125,3419700000,0.0018435333204338544,0.18418360984854143
2020-02-18,3370.2900390625,3370.2900390625,3375.010009765625,3355.610107421875,3369.0400390625,3750400000,-0.002919942636890105,-0.29242139861477134
2020-02-19,3386.14990234375,3386.14990234375,3393.52001953125,3378.830078125,3380.389892578125,3614200000,0.004705785881164548,0.4694748284284925
2020-02-20,3373.22998046875,3373.22998046875,3389.14990234375,3341.02001953125,3380.449951171875,4019180000,-0.00381551976362815,-0.38228174279975285
2020-02-21,3337.75,3337.75,3360.760009765625,3328.449951171875,3360.5,3908780000,-0.01051810302712286,-1.0573809232819777
2020-02-24,3225.889892578125,3225.889892578125,3259.81005859375,3214.64990234375,3257.610107421875,4851160000,-0.03351362667122315,-3.408807942044074
2020-02-25,3128.2099609375,3128.2099609375,3246.989990234375,3118.77001953125,3238.93994140625,5596760000,-0.030279995565056117,-3.0747904375353223
2020-02-26,3116.389892578125,3116.389892578125,3182.510009765625,3108.989990234375,3139.89990234375,5484650000,-0.0037785406053220116,-0.37856973235300295
2020-02-27,2978.760009765625,2978.760009765625,3097.070068359375,2977.389892578125,3062.5400390625,7064710000,-0.04416324258407911,-4.516813635226115
2020-02-28,2954.219970703125,2954.219970703125,2959.719970703125,2855.840087890625,2916.89990234375,8569570000,-0.008238340444361891,-0.8272463109653078
2020-03-02,3090.22998046875,3090.22998046875,3090.9599609375,2945.18994140625,2974.280029296875,6381330000,0.046039229006110016,4.50108687694132
2020-03-03,3003.3701171875,3003.3701171875,3136.719970703125,2976.6298828125,3096.4599609375,6376510000,-0.028107896121075893,-2.851048492291458
2020-03-04,3130.1201171875,3130.1201171875,3130.969970703125,3034.3798828125,3045.75,5073020000,0.04220259077449118,4.133634936063314
2020-03-05,3023.93994140625,3023.93994140625,3083.0400390625,2999.830078125,3075.699951171875,5579290000,-0.033922077046888544,-3.4510782439981122
2020-03-06,2972.3701171875,2972.3701171875,2985.929931640625,2901.5400390625,2954.199951171875,6555240000,-0.01705385200037013,-1.720094365238617
2020-03-09,2746.56005859375,2746.56005859375,2863.889892578125,2734.429931640625,2863.889892578125,8441290000,-0.07596969747745097,-7.901041294037148
2020-03-10,2882.22998046875,2882.22998046875,2882.590087890625,2734.0,2813.47998046875,7642040000,0.04939630628156144,4.821505242585911
2020-03-11,2741.3798828125,2741.3798828125,2825.60009765625,2707.219970703125,2825.60009765625,7431200000,-0.048868445131273974,-5.01028928086054
2020-03-12,2480.639892578125,2480.639892578125,2660.949951171875,2478.860107421875,2630.860107421875,8850810000,-0.09511268097833658,-9.994485240247352
2020-03-13,2711.02001953125,2711.02001953125,2711.330078125,2492.3701171875,2569.989990234375,8299070000,0.09287124972971839,8.880840694923595
2020-03-16,2386.1298828125,2386.1298828125,2562.97998046875,2380.93994140625,2508.590087890625,7805450000,-0.11984055240393443,-12.765219747281742
2020-03-17,2529.18994140625,2529.18994140625,2553.929931640625,2367.0400390625,2425.659912109375,8370250000,0.05995484974402432,5.822631263569171
2020-03-18,2398.10009765625,2398.10009765625,2453.570068359375,2280.52001953125,2436.5,8799300000,-0.051830762729157875,-5.322227233208024
2020-03-19,2409.389892578125,2409.389892578125,2466.969970703125,2319.780029296875,2393.47998046875,7956100000,0.0047078080405855705,0.4696760970401053
2020-03-20,2304.919921875,2304.919921875,2453.010009765625,2295.56005859375,2431.93994140625,9053950000,-0.04335951230846191,-4.432762405336681
2020-03-23,2237.39990234375,2237.39990234375,2300.72998046875,2191.860107421875,2290.7099609375,7411380000,-0.02929386782180443,-2.973150100957679
2020-03-24,2447.330078125,2447.330078125,2449.7099609375,2344.43994140625,2344.43994140625,7563150000,0.09382773976227554,8.968323251796326
2020-03-25,2475.56005859375,2475.56005859375,2571.419921875,2407.530029296875,2457.77001953125,8300010000,0.011535011448221999,1.1468990420822227
2020-03-26,2630.070068359375,2630.070068359375,2637.010009765625,2500.719970703125,2501.2900390625,7766990000,0.062414163303876835,6.054383107424656
2020-03-27,2541.469970703125,2541.469970703125,2615.909912109375,2520.02001953125,2555.8701171875,6201670000,-0.033687352562252526,-3.4267845541626296
2020-03-30,2626.64990234375,2626.64990234375,2631.800048828125,2545.280029296875,2558.97998046875,5751120000,0.03351600948370015,3.296659056997479
2020-03-31,2584.590087890625,2584.590087890625,2641.389892578125,2571.14990234375,2614.68994140625,6576210000,-0.016012721914555605,-1.6142310788415843
2020-04-01,2470.5,2470.5,2522.75,2447.489990234375,2498.080078125,5964000000,-0.04414243033166543,-4.514636273278691
2020-04-02,2526.89990234375,2526.89990234375,2533.219970703125,2455.7900390625,2458.5400390625,6464190000,0.02282934723487151,2.2572657056960366
2020-04-03,2488.64990234375,2488.64990234375,2538.179931640625,2459.9599609375,2514.919921875,6096970000,-0.015137125124949469,-1.5252860825944299
2020-04-06,2663.679931640625,2663.679931640625,2676.85009765625,2574.570068359375,2578.280029296875,6403840000,0.07033131865275055,6.796824414483035
2020-04-07,2659.409912109375,2659.409912109375,2756.889892578125,2657.669921875,2738.64990234375,7050410000,-0.0016030527844311804,-0.1604339048362459
2020-04-08,2749.97998046875,2749.97998046875,2760.75,2663.300048828125,2685.0,5875710000,0.03405645287963033,3.3489371191284687
2020-04-09,2789.820068359375,2789.820068359375,2818.570068359375,2762.360107421875,2776.989990234375,7899550000,0.014487410153376512,1.438347030369934
2020-04-13,2761.6298828125,2761.6298828125,2782.4599609375,2721.169921875,2782.4599609375,5319530000,-0.010104660822607414,-1.015605944467711
2020-04-14,2846.06005859375,2846.06005859375,2851.85009765625,2805.10009765625,2805.10009765625,5615730000,0.030572589146256046,3.0114559572307567
2020-04-15,2783.360107421875,2783.360107421875,2801.8798828125,2761.5400390625,2795.639892578125,5208000000,-0.022030438529415775,-2.227673267236925
2020-04-16,2799.550048828125,2799.550048828125,2806.510009765625,2764.320068359375,2799.340087890625,5228810000,0.005816689462164515,0.5799837839541289
2020-04-17,2874.56005859375,2874.56005859375,2879.219970703125,2830.8798828125,2842.429931640625,5804810000,0.026793594848223412,2.6440932021320576
2020-04-20,2823.159912109375,2823.159912109375,2868.97998046875,2820.429931640625,2845.6201171875,5228630000,-0.01788104803401469,-1.8042845615347773
2020-04-21,2736.56005859375,2736.56005859375,2785.5400390625,2727.10009765625,2784.81005859375,5121010000,-0.030674795694063395,-3.115511523633067
2020-04-22,2799.31005859375,2799.31005859375,2815.10009765625,2775.949951171875,2787.889892578125,5084920000,0.022930247703843776,2.267130058213675
2020-04-23,2797.800048828125,2797.800048828125,2844.89990234375,2794.260009765625,2810.419921875,5773530000,-0.0005394221197431159,-0.053956766019559635
2020-04-24,2836.739990234375,2836.739990234375,2842.7099609375,2791.760009765625,2812.639892578125,5382810000,0.013918057304545428,1.3822090566839216
2020-04-27,2878.47998046875,2878.47998046875,2887.719970703125,2852.889892578125,2854.64990234375,5203930000,0.014714069804799612,1.4606868181735997
2020-04-28,2863.389892578125,2863.389892578125,2921.14990234375,2860.7099609375,2909.9599609375,5691160000,-0.005242380698498916,-0.5256170190483643
2020-04-29,2939.510009765625,2939.510009765625,2954.860107421875,2912.159912109375,2918.4599609375,6645640000,0.026583916282167053,2.623670404507307
2020-04-30,2912.429931640625,2912.429931640625,2930.909912109375,2892.469970703125,2930.909912109375,6544980000,-0.009212446303987654,-0.9255143319054838
2020-05-01,2830.7099609375,2830.7099609375,2869.090087890625,2821.610107421875,2869.090087890625,4759810000,-0.028059034078492195,-2.8460211014775956
2020-05-04,2842.739990234375,2842.739990234375,2844.239990234375,2797.85009765625,2815.010009765625,4735930000,0.004249827591976452,0.42408225788494014
2020-05-05,2868.43994140625,2868.43994140625,2898.22998046875,2863.550048828125,2868.8798828125,5140290000,0.009040556385797371,0.8999935197779801
2020-05-06,2848.419921875,2848.419921875,2891.110107421875,2847.64990234375,2883.139892578125,4892570000,-0.006979410390386298,-0.7003880399042588
2020-05-07,2881.18994140625,2881.18994140625,2901.919921875,2876.47998046875,2878.260009765625,5178790000,0.011504630788313985,1.1438955754890805
2020-05-08,2929.800048828125,2929.800048828125,2932.159912109375,2902.8798828125,2908.830078125,4876030000,0.016871538638701944,1.6730795065226245
2020-05-11,2930.18994140625,2930.18994140625,2944.25,2903.43994140625,2915.4599609375,4819730000,0.00013307822091168653,0.013306936679076441
2020-05-12,2870.1201171875,2870.1201171875,2945.820068359375,2869.590087890625,2939.5,5119630000,-0.020500317528877154,-2.0713365772047605
2020-05-13,2820.0,2820.0,2874.139892578125,2793.14990234375,2865.860107421875,6151650000,-0.01746272460422804,-1.7616996624280044
2020-05-14,2852.5,2852.5,2852.800048828125,2766.639892578125,2794.5400390625,5651130000,0.01152482269503552,1.1458917804071491
2020-05-15,2863.699951171875,2863.699951171875,2865.010009765625,2816.780029296875,2829.949951171875,5507700000,0.0039263632504382695,0.3918675203723029
2020-05-18,2953.909912109375,2953.909912109375,2968.090087890625,2913.860107421875,2913.860107421875,6373670000,0.03150119163168075,3.1015208770073426
2020-05-19,2922.93994140625,2922.93994140625,2964.2099609375,2922.35009765625,2948.590087890625,4984330000,-0.010484399194493177,-1.0539747711599283
2020-05-20,2971.610107421875,2971.610107421875,2980.2900390625,2953.6298828125,2953.6298828125,5005380000,0.01665110025908012,1.6513990613415699
2020-05-21,2948.510009765625,2948.510009765625,2978.5,2938.570068359375,2969.949951171875,4976620000,-0.007773596407737116,-0.7803968309953686
2020-05-22,2955.449951171875,2955.449951171875,2956.760009765625,2933.590087890625,2948.050048828125,3970860000,0.002353711326488428,0.23509456868123663
2020-05-26,2991.77001953125,2991.77001953125,3021.719970703125,2988.169921875,3004.080078125,5848500000,0.012289184036080147,1.2214285021460518
2020-05-27,3036.1298828125,3036.1298828125,3036.25,2969.75,3015.64990234375,6398000000,0.014827297215913804,1.4718447490314346
2020-05-28,3029.72998046875,3029.72998046875,3068.669921875,3023.39990234375,3046.610107421875,5447020000,-0.0021079145460738413,-0.21101393249195488
2020-05-29,3044.31005859375,3044.31005859375,3049.169921875,2998.610107421875,3025.169921875,7297550000,0.004812335824971425,0.4800793552307952
2020-06-01,3055.72998046875,3055.72998046875,3062.179931640625,3031.5400390625,3038.780029296875,4684170000,0.003751234813537785,0.3744216478364391
2020-06-02,3080.820068359375,3080.820068359375,3081.070068359375,3051.639892578125,3064.780029296875,5197150000,0.008210832780053412,0.8177307282398658
2020-06-03,3122.8701171875,3122.8701171875,3130.93994140625,3098.89990234375,3098.89990234375,6005560000,0.013648979133831007,1.355667081256392
2020-06-04,3112.35009765625,3112.35009765625,3128.909912109375,3090.409912109375,3111.56005859375,6451290000,-0.0033687022311144066,-0.3374389083608904
2020-06-05,3193.929931640625,3193.929931640625,3211.719970703125,3163.840087890625,3163.840087890625,8639300000,0.026211650818398713,2.5874012821635812
2020-06-08,3232.389892578125,3232.389892578125,3233.1298828125,3196.0,3199.919921875,8498300000,0.012041579421169235,1.1969656405806002
2020-06-09,3207.179931640625,3207.179931640625,3222.7099609375,3193.110107421875,3213.320068359375,6410930000,-0.007799170822611612,-0.7829743419721977
2020-06-10,3190.139892578125,3190.139892578125,3223.27001953125,3181.489990234375,3213.419921875,6598870000,-0.0053130910724373814,-0.5327255735182077
2020-06-11,3002.10009765625,3002.10009765625,3123.530029296875,2999.489990234375,3123.530029296875,7037320000,-0.05894405927443824,-6.075269299628893
2020-06-12,3041.31005859375,3041.31005859375,3088.419921875,2984.469970703125,3071.0400390625,5845330000,0.013060843963234703,1.297628660521173
2020-06-15,3066.590087890625,3066.590087890625,3079.760009765625,2965.659912109375,2993.760009765625,5757480000,0.008312217041285264,0.827786081817526
2020-06-16,3124.739990234375,3124.739990234375,3153.449951171875,3076.06005859375,3131.0,5845810000,0.01896239819380252,1.8784852866710526
2020-06-17,3113.489990234375,3113.489990234375,3141.159912109375,3108.030029296875,3136.1298828125,4560450000,-0.0036002995561740248,-0.3606796232629414
2020-06-18,3115.340087890625,3115.340087890625,3120.0,3093.510009765625,3101.639892578125,4448690000,0.0005942198825281686,0.059404340380175724
2020-06-19,3097.739990234375,3097.739990234375,3155.530029296875,3083.110107421875,3140.2900390625,8346650000,-0.005649494809462974,-0.5665513565673728
2020-06-22,3117.860107421875,3117.860107421875,3120.919921875,3079.389892578125,3094.419921875,4686690000,0.006495095537691675,0.6474093296658384
2020-06-23,3131.2900390625,3131.2900390625,3154.89990234375,3127.1201171875,3138.699951171875,4711850000,0.004307419569164139,0.4298169191483789
2020-06-24,3050.330078125,3050.330078125,3115.010009765625,3032.1298828125,3114.39990234375,5597680000,-0.025855145939064572,-2.61952655956623
2020-06-25,3083.760009765625,3083.760009765625,3086.25,3024.010009765625,3046.60009765625,4847690000,0.010959447267809841,1.089982772821816
2020-06-26,3009.050048828125,3009.050048828125,3073.72998046875,3004.6298828125,3073.199951171875,8107850000,-0.024226905044785974,-2.4525204274831163
2020-06-29,3053.239990234375,3053.239990234375,3053.889892578125,2999.739990234375,3018.590087890625,4473970000,0.014685678433118632,1.457888811353358
2020-06-30,3100.2900390625,3100.2900390625,3111.510009765625,3047.830078125,3050.199951171875,4705850000,0.015409875731554612,1.5292349435755561
2020-07-01,3115.860107421875,3115.860107421875,3128.43994140625,3101.169921875,3105.919921875,4449230000,0.005022132820864389,0.5009563975870565
2020-07-02,3130.010009765625,3130.010009765625,3165.81005859375,3124.52001953125,3143.639892578125,4197720000,0.004541250844364075,0.45309704768169146
2020-07-06,3179.719970703125,3179.719970703125,3182.590087890625,3155.2900390625,3155.2900390625,4759160000,0.01588172586745884,1.575693083216329
2020-07-07,3145.320068359375,3145.320068359375,3184.14990234375,3142.929931640625,3166.43994140625,4571330000,-0.010818532028197159,-1.0877477869643568
2020-07-08,3169.93994140625,3169.93994140625,3171.800048828125,3136.530029296875,3153.070068359375,4937310000,0.007827461915415501,0.7796986263430269
2020-07-09,3152.050048828125,3152.050048828125,3179.780029296875,3115.699951171875,3176.169921875,4843650000,-0.005643606159361103,-0.5659591476194623
2020-07-10,3185.0400390625,3185.0400390625,3186.820068359375,3136.219970703125,3152.469970703125,4524190000,0.01046620127324438,1.0411809774443004
2020-07-13,3155.219970703125,3155.219970703125,3235.320068359375,3149.429931640625,3205.080078125,4902440000,-0.009362541127788226,-0.9406645216058874
2020-07-14,3197.52001953125,3197.52001953125,3200.949951171875,3127.659912109375,3141.110107421875,4507140000,0.013406370782667931,1.331730058290395
2020-07-15,3226.56005859375,3226.56005859375,3238.280029296875,3200.760009765625,3225.97998046875,4686830000,0.009082050740923053,0.9041056936355047
2020-07-16,3215.570068359375,3215.570068359375,3220.389892578125,3198.590087890625,3208.360107421875,3972860000,-0.0034061012455366413,-0.34119152141152376
2020-07-17,3224.72998046875,3224.72998046875,3233.52001953125,3205.64990234375,3224.2099609375,4012850000,0.002848612194617406,0.28445625875835606
2020-07-20,3251.840087890625,3251.840087890625,3258.610107421875,3215.159912109375,3224.2900390625,3979340000,0.0084069387471426,0.8371797255140334
2020-07-21,3257.300048828125,3257.300048828125,3277.2900390625,3247.77001953125,3268.52001953125,4556610000,0.0016790373419135474,0.16776293345600682
2020-07-22,3276.02001953125,3276.02001953125,3279.320068359375,3253.10009765625,3254.860107421875,4267160000,0.005747082068739751,0.5730630594473862
2020-07-23,3235.659912109375,3235.659912109375,3279.989990234375,3222.659912109375,3271.639892578125,4296760000,-0.012319859824193036,-1.2396378412246847
2020-07-24,3215.6298828125,3215.6298828125,3227.260009765625,3200.050048828125,3218.580078125,3689410000,-0.006190400054688405,-0.6209640024276134
2020-07-27,3239.409912109375,3239.409912109375,3241.429931640625,3214.25,3219.840087890625,3970310000,0.007395138795039502,0.7367928821482372
2020-07-28,3218.43994140625,3218.43994140625,3243.719970703125,3216.169921875,3234.27001953125,4053180000,-0.006473392152297919,-0.6494435418646306
2020-07-29,3258.43994140625,3258.43994140625,3264.739990234375,3227.219970703125,3227.219970703125,4478200000,0.01242838167815008,1.2351783351742582
2020-07-30,3246.219970703125,3246.219970703125,3250.919921875,3204.1298828125,3231.760009765625,4264920000,-0.003750251937389204,-0.37573017634548517
2020-07-31,3271.1201171875,3271.1201171875,3272.169921875,3220.260009765625,3270.449951171875,5007530000,0.007670504990141325,0.7641236242176269
2020-08-03,3294.610107421875,3294.610107421875,3302.72998046875,3284.530029296875,3288.260009765625,4438940000,0.00718102343932614,0.7155362664358673
2020-08-04,3306.510009765625,3306.510009765625,3306.840087890625,3286.3701171875,3289.919921875,4414380000,0.0036119303819721615,0.36054230261335574
2020-08-05,3327.77001953125,3327.77001953125,3330.77001953125,3317.3701171875,3317.3701171875,4535060000,0.006429743053199433,0.6409160435517922
2020-08-06,3349.159912109375,3349.159912109375,3351.030029296875,3318.139892578125,3323.169921875,4278930000,0.00642769555966427,0.6407126020664802
2020-08-07,3351.280029296875,3351.280029296875,3352.5400390625,3328.719970703125,3340.050048828125,4110030000,0.0006330295486443038,0.06328292699566697
2020-08-10,3360.469970703125,3360.469970703125,3363.2900390625,3335.43994140625,3356.0400390625,4327920000,0.002742218294476073,0.2738465273391921
2020-08-11,3333.68994140625,3333.68994140625,3381.010009765625,3326.43994140625,3370.340087890625,4880540000,-0.007969132154236114,-0.8001055401377297
2020-08-12,3380.35009765625,3380.35009765625,3387.889892578125,3355.4599609375,3355.4599609375,3772250000,0.013996549490237653,1.3899502293613535
2020-08-13,3373.429931640625,3373.429931640625,3387.239990234375,3363.35009765625,3372.949951171875,3438730000,-0.002047174350497949,-0.2049272676156681
2020-08-14,3372.85009765625,3372.85009765625,3378.510009765625,3361.639892578125,3368.659912109375,3200060000,-0.00017188262276812694,-0.017189739627902923
2020-08-17,3381.989990234375,3381.989990234375,3387.590087890625,3379.219970703125,3380.860107421875,3460330000,0.0027098425110787527,0.27061775074234556
2020-08-18,3389.780029296875,3389.780029296875,3395.06005859375,3370.14990234375,3387.0400390625,3669550000,0.002303389154016955,0.23007404198168474
2020-08-19,3374.85009765625,3374.85009765625,3399.5400390625,3369.659912109375,3392.510009765625,3679480000,-0.0044043954214108005,-0.44141233451820183
2020-08-20,3385.510009765625,3385.510009765625,3390.800048828125,3354.68994140625,3360.47998046875,3431040000,0.0031586327691348615,0.31536547683461336
2020-08-21,3397.159912109375,3397.159912109375,3399.9599609375,3379.31005859375,3386.010009765625,3505010000,0.0034411070444764214,0.34351999829724666
2020-08-24,3431.280029296875,3431.280029296875,3432.090087890625,3413.1298828125,3418.090087890625,3743410000,0.010043718303008653,0.9993615364903508
2020-08-25,3443.6201171875,3443.6201171875,3444.2099609375,3425.840087890625,3435.949951171875,3627650000,0.0035963511532906,0.3589899745540117
2020-08-26,3478.72998046875,3478.72998046875,3481.070068359375,3444.14990234375,3449.969970703125,3780530000,0.010195626139483993,1.0144001344841498
2020-08-27,3484.550048828125,3484.550048828125,3501.3798828125,3468.35009765625,3485.139892578125,3955890000,0.0016730440109038458,0.16716460318091383
2020-08-28,3508.010009765625,3508.010009765625,3509.22998046875,3484.320068359375,3494.68994140625,3868510000,0.00673256535528588,0.6710002849570254
2020-08-31,3500.31005859375,3500.31005859375,3514.77001953125,3493.25,3509.72998046875,4348280000,-0.0021949627140287475,-0.2197375175508541
2020-09-01,3526.64990234375,3526.64990234375,3528.030029296875,3494.60009765625,3507.43994140625,4101490000,0.007525003016613407,0.7496831420705943
2020-09-02,3580.840087890625,3580.840087890625,3588.110107421875,3535.22998046875,3543.760009765625,4295640000,0.015365910154807594,1.5249050143869731
2020-09-03,3455.06005859375,3455.06005859375,3564.85009765625,3427.409912109375,3564.739990234375,4911830000,-0.03512584371534122,-3.5757594142185303
2020-09-04,3426.9599609375,3426.9599609375,3479.14990234375,3349.6298828125,3453.60009765625,4438720000,-0.008133027264274895,-0.8166280754275103
2020-09-08,3331.840087890625,3331.840087890625,3379.969970703125,3329.27001953125,3371.8798828125,4694330000,-0.027756342102360998,-2.8148829086466787
2020-09-09,3398.9599609375,3398.9599609375,3424.77001953125,3366.840087890625,3369.820068359375,3932520000,0.02014498633677464,1.9944760662180385
2020-09-10,3339.18994140625,3339.18994140625,3425.550048828125,3329.25,3412.56005859375,4208630000,-0.01758479659017942,-1.7741245925395586
2020-09-11,3340.969970703125,3340.969970703125,3368.949951171875,3310.469970703125,3352.699951171875,3710090000,0.0005330721905940639,0.05329301580873495
2020-09-14,3383.5400390625,3383.5400390625,3402.929931640625,3363.56005859375,3363.56005859375,3839580000,0.012741829089357504,1.266133502502299
2020-09-15,3401.199951171875,3401.199951171875,3419.47998046875,3389.25,3407.72998046875,4057190000,0.005219359577689042,0.5205785930499657
2020-09-16,3385.489990234375,3385.489990234375,3428.919921875,3384.449951171875,3411.22998046875,4718900000,-0.004618946596211537,-0.46296468921518347
2020-09-17,3357.010009765625,3357.010009765625,3375.169921875,3328.820068359375,3346.860107421875,4379840000,-0.008412365876402483,-0.8447949528552456
2020-09-18,3319.469970703125,3319.469970703125,3362.27001953125,3292.39990234375,3357.3798828125,7076400000,-0.011182581807410497,-1.1245576947828506
2020-09-21,3281.06005859375,3281.06005859375,3285.570068359375,3229.10009765625,3285.570068359375,4836070000,-0.011571097930805796,-1.1638564027297718
2020-09-22,3315.570068359375,3315.570068359375,3320.31005859375,3270.949951171875,3295.75,3974510000,0.010517945160813724,1.0463016398376153
2020-09-23,3236.919921875,3236.919921875,3323.35009765625,3232.570068359375,3320.110107421875,4378650000,-0.023721455093028143,-2.400733891437413
2020-09-24,3246.590087890625,3246.590087890625,3278.699951171875,3209.449951171875,3226.139892578125,4601920000,0.0029874591429570607,0.29830055546290507
2020-09-25,3298.4599609375,3298.4599609375,3306.8798828125,3228.43994140625,3236.659912109375,3803330000,0.0159767237756141,1.5850439224188495
2020-09-28,3351.60009765625,3351.60009765625,3360.739990234375,3332.909912109375,3333.89990234375,3950910000,0.016110590199083896,1.59821918538544
2020-09-29,3335.469970703125,3335.469970703125,3357.919921875,3327.5400390625,3350.919921875,3661590000,-0.0048126645432444715,-0.48242827044439973
2020-09-30,3363.0,3363.0,3393.56005859375,3340.469970703125,3341.2099609375,4738640000,0.008253718228220741,0.8219842568379611
2020-10-01,3380.800048828125,3380.800048828125,3397.179931640625,3361.389892578125,3385.8701171875,4076340000,0.005292907769290922,0.5278949564295078
2020-10-02,3348.419921875,3348.419921875,3369.10009765625,3323.68994140625,3338.93994140625,3975180000,-0.009577652178616392,-0.9623812866370861
2020-10-05,3408.60009765625,3408.60009765625,3409.570068359375,3367.27001953125,3367.27001953125,3692720000,0.01797270867614209,1.7813109002900933
2020-10-06,3360.969970703125,3360.969970703125,3431.56005859375,3354.5400390625,3408.739990234375,4453390000,-0.013973515692226712,-1.4072064387523204
2020-10-07,3419.43994140625,3419.43994140625,3426.260009765625,3384.56005859375,3384.56005859375,3814750000,0.01739675486921799,1.7247163770241565
2020-10-08,3446.830078125,3446.830078125,3447.280029296875,3428.14990234375,3434.280029296875,3867640000,0.008010123642494982,0.7978212894869287
2020-10-09,3477.139892578125,3477.139892578125,3482.340087890625,3458.070068359375,3459.669921875,3944090000,0.00879353312061526,0.8755095180752878
2020-10-12,3534.219970703125,3534.219970703125,3549.85009765625,3499.610107421875,3500.02001953125,3435760000,0.01641581296364758,1.6282530158324222
2020-10-13,3511.929931640625,3511.929931640625,3534.010009765625,3500.860107421875,3534.010009765625,3611100000,-0.006306918994084421,-0.6326891629163268
2020-10-14,3488.669921875,3488.669921875,3527.93994140625,3480.550048828125,3515.469970703125,3858510000,-0.006623141753502759,-0.6645172084059406
2020-10-15,3483.340087890625,3483.340087890625,3489.080078125,3440.889892578125,3453.719970703125,3724550000,-0.0015277553060997207,-0.1528923514213078
2020-10-16,3483.81005859375,3483.81005859375,3515.760009765625,3480.449951171875,3493.5,4688030000,0.00013491955745537076,0.013491045663045577
2020-10-19,3426.919921875,3426.919921875,3502.419921875,3419.929931640625,3493.659912109375,4091080000,-0.016329861778318078,-1.6464663514942677
2020-10-20,3443.1201171875,3443.1201171875,3476.929931640625,3435.64990234375,3439.3798828125,3917850000,0.004727334073110212,0.47161953200011275
2020-10-21,3435.56005859375,3435.56005859375,3464.860107421875,3433.06005859375,3439.909912109375,4103960000,-0.0021956999281005363,-0.21981140115702774
2020-10-22,3453.489990234375,3453.489990234375,3460.530029296875,3415.340087890625,3438.5,4172060000,0.005218925396392127,0.5205354003491341
2020-10-23,3465.389892578125,3465.389892578125,3466.4599609375,3440.449951171875,3464.89990234375,3651600000,0.003445761353703114,0.3439838320389479
2020-10-26,3400.969970703125,3400.969970703125,3441.419921875,3364.860107421875,3441.419921875,4002210000,-0.018589516294535646,-1.8764472985322012
2020-10-27,3390.679931640625,3390.679931640625,3409.510009765625,3388.7099609375,3403.14990234375,3962400000,-0.0030256189119989285,-0.3030205350445511
2020-10-28,3271.030029296875,3271.030029296875,3342.47998046875,3268.889892578125,3342.47998046875,5139970000,-0.035287878760604796,-3.592554210857772
2020-10-29,3310.110107421875,3310.110107421875,3341.050048828125,3259.820068359375,3277.169921875,4911860000,0.011947330894238384,1.1876524939997442
2020-10-30,3269.9599609375,3269.9599609375,3304.929931640625,3233.93994140625,3293.590087890625,4843930000,-0.012129550130175693,-1.2203713445259963
2020-11-02,3310.239990234375,3310.239990234375,3330.139892578125,3279.739990234375,3296.199951171875,4314690000,0.01231820260127181,1.2242950890591666
2020-11-03,3369.159912109375,3369.159912109375,3389.489990234375,3336.25,3336.25,4241380000,0.01779929009643455,1.7642737684077832
2020-11-04,3443.43994140625,3443.43994140625,3486.25,3405.169921875,3406.4599609375,4790400000,0.02204704770168342,2.1807525655091706
2020-11-05,3510.449951171875,3510.449951171875,3529.050048828125,3485.739990234375,3485.739990234375,4858150000,0.01946019413896294,1.927326577670128
2020-11-06,3509.43994140625,3509.43994140625,3521.580078125,3484.340087890625,3508.340087890625,4842460000,-0.00028771518741854685,-0.028775658537381985
2020-11-09,3550.5,3550.5,3645.989990234375,3547.47998046875,3583.0400390625,8570510000,0.01169988923568721,1.1631974746344154
2020-11-10,3545.530029296875,3545.530029296875,3557.219970703125,3511.909912109375,3543.260009765625,6037470000,-0.0013997945931910616,-0.1400775220867666
2020-11-11,3572.659912109375,3572.659912109375,3581.159912109375,3557.0,3563.219970703125,4635560000,0.007651855318760337,0.7622728362991461
2020-11-12,3537.010009765625,3537.010009765625,3569.02001953125,3518.580078125,3562.669921875,4909660000,-0.009978532303877019,-1.002865154706935
2020-11-13,3585.14990234375,3585.14990234375,3593.659912109375,3552.570068359375,3552.570068359375,4719580000,0.013610335409063534,1.3518546706294008
2020-11-16,3626.909912109375,3626.909912109375,3628.510009765625,3600.159912109375,3600.159912109375,5295510000,0.011648051240012336,1.1580734922832603
2020-11-17,3609.530029296875,3609.530029296875,3623.110107421875,3588.679931640625,3610.31005859375,4812180000,-0.004791925698091615,-0.4803443784647531
2020-11-18,3567.7900390625,3567.7900390625,3619.090087890625,3567.330078125,3612.090087890625,5284810000,-0.011563829610944043,-1.1631210647481314
2020-11-19,3581.8701171875,3581.8701171875,3585.219970703125,3543.840087890625,3559.409912109375,4363370000,0.003946442467421596,0.3938675690732779
2020-11-20,3557.5400390625,3557.5400390625,3581.22998046875,3556.85009765625,3579.31005859375,4236370000,-0.006792562915180156,-0.6815737372918576
2020-11-23,3577.590087890625,3577.590087890625,3589.81005859375,3552.77001953125,3566.820068359375,5057550000,0.005635930617216234,0.5620108181849692
2020-11-24,3635.409912109375,3635.409912109375,3642.31005859375,3594.52001953125,3594.52001953125,6280290000,0.016161668273416252,1.6032458814031776
2020-11-25,3629.64990234375,3629.64990234375,3635.5,3617.760009765625,3635.5,4910440000,-0.001584418237524976,-0.15856747555094064
2020-11-27,3638.35009765625,3638.35009765625,3644.31005859375,3629.330078125,3638.550048828125,2778390000,0.002396979198154181,0.2394111025901136
2020-11-30,3621.6298828125,3621.6298828125,3634.179931640625,3594.389892578125,3634.179931640625,6308410000,-0.004595548640170977,-0.46061406369720065
2020-12-01,3662.449951171875,3662.449951171875,3678.449951171875,3645.8701171875,3645.8701171875,5418480000,0.011271187194776155,1.1208140661592922
2020-12-02,3669.010009765625,3669.010009765625,3670.9599609375,3644.840087890625,3653.780029296875,5041250000,0.0017911667548251575,0.17895645286042844
2020-12-03,3666.719970703125,3666.719970703125,3682.72998046875,3657.169921875,3668.280029296875,5065340000,-0.000624157213091503,-0.06243520802942291
2020-12-04,3699.1201171875,3699.1201171875,3699.199951171875,3670.93994140625,3670.93994140625,5099620000,0.008836275129611826,0.8797463715186881
2020-12-07,3691.9599609375,3691.9599609375,3697.409912109375,3678.8798828125,3694.72998046875,4804500000,-0.0019356376714373402,-0.1937513438963252
2020-12-08,3702.25,3702.25,3708.449951171875,3678.830078125,3683.050048828125,4584390000,0.002787148065356293,0.2783271170170473
2020-12-09,3672.820068359375,3672.820068359375,3712.389892578125,3660.5400390625,3705.97998046875,5232800000,-0.007949201604598555,-0.7980964948471709
2020-12-10,3668.10009765625,3668.10009765625,3678.489990234375,3645.179931640625,3659.1298828125,4658480000,-0.0012851080682624305,-0.12859345277717227
2020-12-11,3663.4599609375,3663.4599609375,3665.909912109375,3633.39990234375,3656.080078125,4375470000,-0.0012649972997506032,-0.1265798084232835
2020-12-14,3647.489990234375,3647.489990234375,3697.610107421875,3645.840087890625,3675.27001953125,4623850000,-0.004359258971957769,-0.43687882451469584
2020-12-15,3694.6201171875,3694.6201171875,3695.2900390625,3659.6201171875,3666.409912109375,4387080000,0.012921249154708825,1.2838482022218645
2020-12-16,3701.169921875,3701.169921875,3711.27001953125,3688.570068359375,3696.25,4067040000,0.0017727951669590514,0.17712256203230642
2020-12-17,3722.47998046875,3722.47998046875,3725.1201171875,3710.8701171875,3713.64990234375,4192810000,0.005757654753379748,0.5741142808983284
2020-12-18,3709.409912109375,3709.409912109375,3726.699951171875,3685.840087890625,3722.389892578125,7097100000,-0.0035111185091528663,-0.3517296952148704
2020-12-21,3694.919921875,3694.919921875,3702.89990234375,3636.47998046875,3684.280029296875,4748580000,-0.0039062790518439305,-0.3913928486909485
2020-12-22,3687.260009765625,3687.260009765625,3698.260009765625,3676.159912109375,3698.080078125,4053310000,-0.002073092860288006,-0.20752446917703607
2020-12-23,3690.010009765625,3690.010009765625,3711.239990234375,3689.280029296875,3693.419921875,3779160000,0.000745811250824957,0.07455332718186887
2020-12-24,3703.06005859375,3703.06005859375,3703.820068359375,3689.320068359375,3694.030029296875,1883780000,0.0035365890047962534,0.35303499794869525
2020-12-28,3735.360107421875,3735.360107421875,3740.510009765625,3723.030029296875,3723.030029296875,3535460000,0.008722529021144565,0.8684707538411499
2020-12-29,3727.0400390625,3727.0400390625,3756.1201171875,3723.31005859375,3750.010009765625,3393290000,-0.00222738052560012,-0.22298648272786972
2020-12-30,3732.0400390625,3732.0400390625,3744.6298828125,3730.2099609375,3736.18994140625,3154850000,0.0013415471654707467,0.13406480950792155
2020-12-31,3756.070068359375,3756.070068359375,3760.199951171875,3726.8798828125,3733.27001953125,3179040000,0.006438845522919845,0.6418204711703793
2021-01-04,3700.64990234375,3700.64990234375,3769.989990234375,3662.7099609375,3764.610107421875,5015000000,-0.014754827521051062,-1.4864762712025787
2021-01-05,3726.860107421875,3726.860107421875,3737.830078125,3695.070068359375,3698.02001953125,4591020000,0.007082595157549276,0.7057631383362026
2021-01-06,3748.139892578125,3748.139892578125,3783.0400390625,3705.340087890625,3712.199951171875,6064110000,0.005709842747752214,0.5693603382474094
2021-01-07,3803.7900390625,3803.7900390625,3811.550048828125,3764.7099609375,3764.7099609375,5099160000,0.014847403800101189,1.4738260107752972
2021-01-08,3824.679931640625,3824.679931640625,3826.68994140625,3783.60009765625,3815.050048828125,4773040000,0.005491862685268911,0.5476837393515369
2021-01-11,3799.610107421875,3799.610107421875,3817.860107421875,3789.02001953125,3803.139892578125,4465430000,-0.006554750898592476,-0.6576327616621317
2021-01-12,3801.18994140625,3801.18994140625,3810.780029296875,3776.510009765625,3801.6201171875,4994950000,0.0004157884466327033,0.041570203056956405
2021-01-13,3809.840087890625,3809.840087890625,3820.9599609375,3791.5,3802.22998046875,4602510000,0.0022756417379066196,0.22730563867261075
2021-01-14,3795.5400390625,3795.5400390625,3823.60009765625,3792.860107421875,3814.97998046875,5198480000,-0.0037534511943366766,-0.3760513068743101
2021-01-15,3768.25,3768.25,3788.72998046875,3749.6201171875,3788.72998046875,5369820000,-0.007190027975370938,-0.7216000798278505
2021-01-19,3798.909912109375,3798.909912109375,3804.530029296875,3780.3701171875,3781.8798828125,5014440000,0.008136379515524483,0.8103457635761656
2021-01-20,3851.85009765625,3851.85009765625,3859.75,3816.219970703125,3816.219970703125,4566190000,0.013935625421946263,1.3839417376510863
2021-01-21,3853.070068359375,3853.070068359375,3861.449951171875,3845.050048828125,3857.4599609375,4501760000,0.0003167233075522802,0.03166731613135491
2021-01-22,3841.469970703125,3841.469970703125,3852.31005859375,3830.409912109375,3844.239990234375,5110890000,-0.0030106116552376383,-0.30151526629377107
2021-01-25,3855.360107421875,3855.360107421875,3859.22998046875,3797.159912109375,3851.679931640625,7000840000,0.0036158389430824833,0.36093175130174654
2021-01-26,3849.6201171875,3849.6201171875,3870.89990234375,3847.780029296875,3862.9599609375,6137500000,-0.0014888337468982327,-0.1489943161153501
2021-01-27,3750.77001953125,3750.77001953125,3836.830078125,3732.47998046875,3836.830078125,9976520000,-0.025677883699462,-2.601331512610035
2021-01-28,3787.3798828125,3787.3798828125,3830.5,3755.75,3755.75,6992770000,0.009760625975629766,0.9713298778760395
2021-01-29,3714.239990234375,3714.239990234375,3778.050048828125,3694.1201171875,3778.050048828125,6643370000,-0.019311475173124593,-1.9500377654792
2021-02-01,3773.860107421875,3773.860107421875,3784.320068359375,3725.6201171875,3731.169921875,5436230000,0.016051767614439383,1.5924300234678626
2021-02-02,3826.31005859375,3826.31005859375,3843.090087890625,3791.840087890625,3791.840087890625,5514090000,0.013898223484416938,1.3802528814310624
2021-02-03,3830.169921875,3830.169921875,3847.510009765625,3816.679931640625,3840.27001953125,4864870000,0.0010087690809532646,0.10082606153447803
2021-02-04,3871.739990234375,3871.739990234375,3872.419921875,3836.659912109375,3836.659912109375,4879240000,0.010853322230420792,1.0794847643921974
2021-02-05,3886.830078125,3886.830078125,3894.56005859375,3874.929931640625,3878.300048828125,4879470000,0.003897495164625342,0.3889919607763825
2021-02-08,3915.590087890625,3915.590087890625,3915.77001953125,3892.590087890625,3892.590087890625,4648360000,0.007399348360373592,0.7372107476289037
2021-02-09,3911.22998046875,3911.22998046875,3918.35009765625,3902.639892578125,3910.489990234375,4568320000,-0.0011135249921484514,-0.11141454217211749
2021-02-10,3909.8798828125,3909.8798828125,3931.5,3884.93994140625,3920.780029296875,4837070000,-0.00034518493235935477,-0.03452445223915674
2021-02-11,3916.3798828125,3916.3798828125,3925.989990234375,3890.389892578125,3916.39990234375,4590960000,0.0016624551635393559,0.16610748145877074
2021-02-12,3934.830078125,3934.830078125,3937.22998046875,3905.780029296875,3911.64990234375,4135060000,0.0047110331133788375,0.46999709261626077
2021-02-16,3932.590087890625,3932.590087890625,3950.429931640625,3923.85009765625,3939.610107421875,5058990000,-0.0005692724183511411,-0.056943451541546654
2021-02-17,3931.330078125,3931.330078125,3933.610107421875,3900.429931640625,3918.5,4730650000,-0.0003204020092266724,-0.032045334891695004
2021-02-18,3913.969970703125,3913.969970703125,3921.97998046875,3885.030029296875,3915.860107421875,4793650000,-0.004415835627354592,-0.4425614227243303
2021-02-19,3906.7099609375,3906.7099609375,3930.409912109375,3903.070068359375,3921.159912109375,4845320000,-0.0018548966445751658,-0.18566190956649256
2021-02-22,3876.5,3876.5,3902.919921875,3874.7099609375,3885.550048828125,5917100000,-0.0077328394581538396,-0.7762892893710862
2021-02-23,3881.3701171875,3881.3701171875,3895.97998046875,3805.590087890625,3857.070068359375,6296610000,0.0012563181187927874,0.12555296115265333
2021-02-24,3925.429931640625,3925.429931640625,3928.64990234375,3859.60009765625,3873.7099609375,6012790000,0.01135161376597904,1.1287667670985946
2021-02-25,3829.340087890625,3829.340087890625,3925.02001953125,3814.0400390625,3915.800048828125,6547470000,-0.02447880752512621,-2.478339442417185
2021-02-26,3811.14990234375,3811.14990234375,3861.080078125,3789.5400390625,3839.659912109375,6526070000,-0.004750214169902844,-0.47615322937987775
2021-03-01,3901.820068359375,3901.820068359375,3914.5,3842.510009765625,3842.510009765625,5114820000,0.023790763506800205,2.3512173225693522
2021-03-02,3870.2900390625,3870.2900390625,3906.409912109375,3868.570068359375,3903.639892578125,5536010000,-0.008080851690870694,-0.8113678739508761
2021-03-03,3819.719970703125,3819.719970703125,3874.469970703125,3818.860107421875,3863.989990234375,6173660000,-0.01306622187199813,-1.315233589480116
2021-03-04,3768.469970703125,3768.469970703125,3843.669921875,3723.340087890625,3818.530029296875,7195400000,-0.013417213930100202,-1.3508038064390469
2021-03-05,3841.93994140625,3841.93994140625,3851.68994140625,3730.18994140625,3793.580078125,6851070000,0.01949596819778221,1.9308356338709187
2021-03-08,3821.35009765625,3821.35009765625,3881.06005859375,3819.25,3844.389892578125,5871710000,-0.005359231030161227,-0.537364322402543
2021-03-09,3875.43994140625,3875.43994140625,3903.760009765625,3851.929931640625,3851.929931640625,5513560000,0.01415464230382213,1.4055400743930568
2021-03-10,3898.81005859375,3898.81005859375,3917.35009765625,3885.72998046875,3891.989990234375,5847380000,0.006030313342701321,0.6012203770988197
2021-03-11,3939.340087890625,3939.340087890625,3960.27001953125,3915.5400390625,3915.5400390625,5312880000,0.010395487004435822,1.0341825500657609
2021-03-12,3943.340087890625,3943.340087890625,3944.989990234375,3915.2099609375,3924.52001953125,4476280000,0.0010153984958789497,0.10148833275308508
2021-03-15,3968.93994140625,3968.93994140625,3970.080078125,3923.5400390625,3942.9599609375,4900100000,0.006491921301497117,0.6470939539413049
2021-03-16,3962.7099609375,3962.7099609375,3981.0400390625,3953.43994140625,3973.590087890625,4613080000,-0.0015696837343783798,-0.15709169785959107
2021-03-17,3974.1201171875,3974.1201171875,3983.8701171875,3935.739990234375,3949.570068359375,4561660000,0.00287938213053085,0.28752446501592593
2021-03-18,3915.4599609375,3915.4599609375,3969.6201171875,3910.860107421875,3953.5,5118590000,-0.014760539319459198,-1.4870560065947798
2021-03-19,3913.10009765625,3913.10009765625,3930.1201171875,3886.75,3913.139892578125,7757420000,-0.0006027039747036333,-0.06028856737550234
2021-03-22,3940.590087890625,3940.590087890625,3955.31005859375,3914.159912109375,3916.47998046875,4316260000,0.007025118077311765,0.7000556898342752
2021-03-23,3910.52001953125,3910.52001953125,3949.1298828125,3901.570068359375,3937.60009765625,4669010000,-0.007630854183940605,-0.7660118119334028
2021-03-24,3889.139892578125,3889.139892578125,3942.080078125,3889.070068359375,3919.929931640625,4783020000,-0.00546733601831495,-0.5482336600348829
2021-03-25,3909.52001953125,3909.52001953125,3919.5400390625,3853.5,3879.340087890625,4948340000,0.005240265846959469,0.522658343272929
2021-03-26,3974.5400390625,3974.5400390625,3978.18994140625,3917.1201171875,3917.1201171875,5483160000,0.016631202604519668,1.6494418658716574
2021-03-29,3971.090087890625,3971.090087890625,3981.830078125,3943.25,3969.31005859375,4628180000,-0.0008680126852336212,-0.0868389626386738
2021-03-30,3958.550048828125,3958.550048828125,3968.010009765625,3944.35009765625,3963.340087890625,4121510000,-0.0031578329337678124,-0.3162829409650029
2021-03-31,3972.889892578125,3972.889892578125,3994.409912109375,3966.97998046875,3967.25,4578050000,0.0036224990395776757,0.3615953592419885
2021-04-01,4019.8701171875,4019.8701171875,4020.6298828125,3992.780029296875,3992.780029296875,4162130000,0.011825201774944727,1.1755830427674128
2021-04-05,4077.909912109375,4077.909912109375,4083.419921875,4034.43994140625,4034.43994140625,4005030000,0.014438226417743616,1.43349877622439
2021-04-06,4073.93994140625,4073.93994140625,4086.22998046875,4068.139892578125,4075.570068359375,4081270000,-0.0009735307519511682,-0.09740049407969285
2021-04-07,4079.949951171875,4079.949951171875,4083.1298828125,4068.31005859375,4074.2900390625,4120810000,0.001475232784985625,0.14741456981068138
2021-04-08,4097.169921875,4097.169921875,4098.18994140625,4082.5400390625,4089.949951171875,3907100000,0.0042206328286402695,0.42117509405917747
2021-04-09,4128.7998046875,4128.7998046875,4129.47998046875,4095.510009765625,4096.10986328125,3640390000,0.007719934348738189,0.7690288135687275
2021-04-12,4127.990234375,4127.990234375,4131.759765625,4114.81982421875,4124.7099609375,3588900000,-0.00019607884876882142,-0.01960980747395339
2021-04-13,4141.58984375,4141.58984375,4148.0,4124.43017578125,4130.10009765625,3734720000,0.0032944868090414303,0.3289071877062569
2021-04-14,4124.66015625,4124.66015625,4151.68994140625,4120.8701171875,4141.580078125,3985350000,-0.004087726727828533,-0.4096104320730151
2021-04-15,4170.419921875,4170.419921875,4173.490234375,4139.759765625,4139.759765625,4033420000,0.01109419052516647,1.1033101401119478
2021-04-16,4185.47021484375,4185.47021484375,4191.31005859375,4170.75,4174.14013671875,4163820000,0.0036088195555097347,0.3602323390517967
2021-04-19,4163.259765625,4163.259765625,4180.81005859375,4150.47021484375,4179.7998046875,3810290000,-0.005306560094486046,-0.5320689893757947
2021-04-20,4134.93994140625,4134.93994140625,4159.18017578125,4118.3798828125,4159.18017578125,4342650000,-0.006802319771775922,-0.6825561005077803
2021-04-21,4173.419921875,4173.419921875,4175.02001953125,4126.35009765625,4128.419921875,3887250000,0.009306055472153574,0.9263020919853235
2021-04-22,4134.97998046875,4134.97998046875,4179.56982421875,4123.68994140625,4170.4599609375,4245140000,-0.009210657476561801,-0.9253337860554323
2021-04-23,4180.169921875,4180.169921875,4194.169921875,4138.77978515625,4138.77978515625,3569880000,0.010928696540176919,1.086940989553096
2021-04-26,4187.6201171875,4187.6201171875,4194.18994140625,4182.35986328125,4185.02978515625,3748320000,0.001782270924804541,0.1780684564582624
2021-04-27,4186.72021484375,4186.72021484375,4193.35009765625,4176.22021484375,4188.25,3710700000,-0.00021489588801437698,-0.02149189814442344
2021-04-28,4183.18017578125,4183.18017578125,4201.52978515625,4181.77978515625,4185.14013671875,3787360000,-0.0008455399168898481,-0.08458975873960478
2021-04-29,4211.47021484375,4211.47021484375,4218.77978515625,4176.81005859375,4206.14013671875,4298680000,0.006762806734045723,0.6740041536702409
2021-04-30,4181.169921875,4181.169921875,4198.10009765625,4174.85009765625,4198.10009765625,4300880000,-0.007194706699326425,-0.7220713417119827
2021-05-03,4192.66015625,4192.66015625,4209.39013671875,4188.02978515625,4191.97998046875,4070220000,0.002748090747253684,0.2744321649512167
2021-05-04,4164.66015625,4164.66015625,4179.0400390625,4128.58984375,4179.0400390625,4452460000,-0.006678337608227225,-0.670073748984723
2021-05-05,4167.58984375,4167.58984375,4187.72021484375,4160.93994140625,4177.06005859375,4230920000,0.0007034637617677753,0.07032164471135163
2021-05-06,4201.6201171875,4201.6201171875,4202.7001953125,4147.330078125,4169.14013671875,4511000000,0.008165456466051824,0.8132299498632055
2021-05-07,4232.60009765625,4232.60009765625,4238.0400390625,4201.64013671875,4210.33984375,4016080000,0.007373341616968343,0.7346291419186352
2021-05-10,4188.43017578125,4188.43017578125,4236.39013671875,4188.1298828125,4228.2900390625,4560700000,-0.010435647322188157,-1.0490480503138024
2021-05-11,4152.10009765625,4152.10009765625,4162.0400390625,4111.52978515625,4150.33984375,4870710000,-0.00867391280271812,-0.8711750141781542
2021-05-12,4063.0400390625,4063.0400390625,4134.72998046875,4056.8798828125,4130.5498046875,4733070000,-0.021449400664502738,-2.1682782358302415
2021-05-13,4112.5,4112.5,4131.580078125,4074.989990234375,4074.989990234375,4779540000,0.012173141406923493,1.2099644578094055
2021-05-14,4173.85009765625,4173.85009765625,4183.1298828125,4129.580078125,4129.580078125,4008880000,0.014917956876899785,1.480777856362363
2021-05-17,4163.2900390625,4163.2900390625,4171.919921875,4142.68994140625,4169.919921875,4125050000,-0.0025300521932207776,-0.2533258183961915
2021-05-18,4127.830078125,4127.830078125,4169.14990234375,4125.990234375,4165.93994140625,4398150000,-0.008517292959364653,-0.85537723840327
2021-05-19,4115.68017578125,4115.68017578125,4116.93017578125,4061.409912109375,4098.4501953125,4247450000,-0.002943411456817757,-0.29477518113784107
2021-05-20,4159.1201171875,4159.1201171875,4172.7998046875,4121.97021484375,4121.97021484375,3978880000,0.010554741756143349,1.049942933450842
2021-05-21,4155.85986328125,4155.85986328125,4188.72021484375,4151.72021484375,4168.60986328125,3995250000,-0.0007838806801412357,-0.07841880752528091
2021-05-24,4197.0498046875,4197.0498046875,4209.52001953125,4170.16015625,4170.16015625,3684800000,0.009911292190138532,0.9862497481216075
2021-05-25,4188.1298828125,4188.1298828125,4213.419921875,4182.52001953125,4205.93994140625,4182250000,-0.0021252837802967495,-0.21275454008285988
2021-05-26,4195.990234375,4195.990234375,4202.60986328125,4184.10986328125,4191.58984375,4420890000,0.0018768165702687245,0.18750575506104544
2021-05-27,4200.8798828125,4200.8798828125,4213.3798828125,4197.77978515625,4201.93994140625,6406310000,0.0011653145418315525,0.1164636089862995
2021-05-28,4204.10986328125,4204.10986328125,4218.35986328125,4203.56982421875,4210.77001953125,4649250000,0.0007688818911402162,0.0768586452887337
2021-06-01,4202.0400390625,4202.0400390625,4234.1201171875,4197.58984375,4216.52001953125,5074670000,-0.0004923335226864056,-0.04924547586291649
2021-06-02,4208.1201171875,4208.1201171875,4217.3701171875,4198.27001953125,4206.81982421875,5833670000,0.0014469348384307246,0.14458890369002922
2021-06-03,4192.85009765625,4192.85009765625,4204.39013671875,4167.93017578125,4191.43017578125,5587970000,-0.0036287033416374515,-0.36353030560493194
2021-06-04,4229.89013671875,4229.89013671875,4233.4501953125,4206.0498046875,4206.0498046875,4139790000,0.008834095710505974,0.8795303383016323
2021-06-07,4226.52001953125,4226.52001953125,4232.33984375,4215.66015625,4229.33984375,4476920000,-0.0007967387044511831,-0.07970562694215079
2021-06-08,4227.259765625,4227.259765625,4236.740234375,4208.41015625,4233.81005859375,4659620000,0.00017502486450582388,0.01750095494412116
2021-06-09,4219.5498046875,4219.5498046875,4237.08984375,4218.740234375,4232.990234375,4713260000,-0.0018238673194856947,-0.18255325906156836
2021-06-10,4239.18017578125,4239.18017578125,4249.740234375,4220.33984375,4228.56005859375,4408210000,0.004652243012262192,0.4641454776462911
2021-06-11,4247.43994140625,4247.43994140625,4248.3798828125,4232.25,4242.89990234375,3815010000,0.0019484346695590737,0.19465389328083602
2021-06-14,4255.14990234375,4255.14990234375,4255.58984375,4234.06982421875,4248.31005859375,4151200000,0.0018152018730952513,0.18135563851361702
2021-06-15,4246.58984375,4246.58984375,4257.16015625,4238.35009765625,4255.27978515625,4048940000,-0.0020116937805257917,-0.201371995427588
2021-06-16,4223.7001953125,4223.7001953125,4251.89013671875,4202.4501953125,4248.8701171875,4538350000,-0.005390124612855707,-0.5404703747026491
2021-06-17,4221.85986328125,4221.85986328125,4232.2900390625,4196.0498046875,4220.3701171875,5312680000,-0.00043571559205179966,-0.04358105436726477
2021-06-18,4166.4501953125,4166.4501953125,4204.77978515625,4164.39990234375,4204.77978515625,6817010000,-0.013124468779900589,-1.3211355687284159
2021-06-21,4224.7900390625,4224.7900390625,4226.240234375,4173.39990234375,4173.39990234375,4128950000,0.014002289962720793,1.3905163512319856
2021-06-22,4246.43994140625,4246.43994140625,4255.83984375,4217.27001953125,4224.60986328125,3828390000,0.005124491902218642,0.5111406378990612
2021-06-23,4241.83984375,4241.83984375,4256.60009765625,4241.43017578125,4249.27001953125,3730350000,-0.0010832833431588806,-0.10838705186495853
2021-06-24,4266.490234375,4266.490234375,4271.27978515625,4256.97021484375,4256.97021484375,3816660000,0.005811249724885448,0.5794429545916893
2021-06-25,4280.7001953125,4280.7001953125,4286.1201171875,4271.16015625,4274.4501953125,7341450000,0.0033305973193167304,0.3325063164687565
2021-06-28,4290.60986328125,4290.60986328125,4292.14013671875,4274.669921875,4284.89990234375,4147890000,0.0023149642620619026,0.23122888604717495
2021-06-29,4291.7998046875,4291.7998046875,4300.52001953125,4287.0400390625,4293.2099609375,3707150000,0.00027733619326086867,0.02772977426878152
2021-06-30,4297.5,4297.5,4302.43017578125,4287.9599609375,4290.64990234375,4266040000,0.0013281596467464851,0.13272784229071918
2021-07-01,4319.93994140625,4319.93994140625,4320.66015625,4300.72998046875,4300.72998046875,3788230000,0.0052216268542757405,0.5208041432254744
2021-07-02,4352.33984375,4352.33984375,4355.43017578125,4326.60009765625,4326.60009765625,3225840000,0.007500081663913916,0.7472095894691672
2021-07-06,4343.5400390625,4343.5400390625,4356.4599609375,4314.3701171875,4356.4599609375,4309570000,-0.0020218560598241897,-0.20239027700217788
2021-07-07,4358.1298828125,4358.1298828125,4361.8798828125,4329.7900390625,4351.009765625,4037380000,0.003358975310182588,0.3353346553662935
2021-07-08,4320.81982421875,4320.81982421875,4330.8798828125,4289.3701171875,4321.06982421875,4347500000,-0.008561024934316985,-0.8597881009556395
2021-07-09,4369.5498046875,4369.5498046875,4371.60009765625,4329.3798828125,4329.3798828125,3531120000,0.011277947808795874,1.1214825902413765
2021-07-12,4384.6298828125,4384.6298828125,4386.68017578125,4364.02978515625,4372.41015625,3384460000,0.0034511743312370946,0.344523269559405
2021-07-13,4369.2099609375,4369.2099609375,4392.3701171875,4366.919921875,4381.06982421875,3695430000,-0.0035168126585656267,-0.3523011181165584
2021-07-14,4374.2998046875,4374.2998046875,4393.68017578125,4362.35986328125,4380.10986328125,4006370000,0.0011649345752446916,0.11642565654693257
2021-07-15,4360.02978515625,4360.02978515625,4369.02001953125,4340.7001953125,4369.02001953125,3905230000,-0.0032622408541723713,-0.3267573562745912
2021-07-16,4327.16015625,4327.16015625,4375.08984375,4322.52978515625,4367.43017578125,3985700000,-0.007538854211077806,-0.7567415006813216
2021-07-19,4258.490234375,4258.490234375,4296.39990234375,4233.1298828125,4296.39990234375,5157660000,-0.015869512427409305,-1.5996781399983977
2021-07-20,4323.06005859375,4323.06005859375,4336.83984375,4262.0498046875,4265.10986328125,4438270000,0.015162609437855634,1.50488060047999
2021-07-21,4358.68994140625,4358.68994140625,4359.7001953125,4331.1298828125,4331.1298828125,3810280000,0.008241819990835397,0.8208041662144043
2021-07-22,4367.47998046875,4367.47998046875,4369.8701171875,4350.06005859375,4361.27001953125,3358300000,0.0020166699583279435,0.20146392092429752
2021-07-23,4411.7900390625,4411.7900390625,4415.18017578125,4381.2001953125,4381.2001953125,4540070000,0.010145452020822843,1.0094332386254414
2021-07-26,4422.2998046875,4422.2998046875,4422.72998046875,4405.4501953125,4409.580078125,4275630000,0.0023821998626283314,0.23793669227295927
2021-07-27,4401.4599609375,4401.4599609375,4416.3798828125,4372.509765625,4416.3798828125,4241950000,-0.0047124448070912095,-0.47235833821780027
2021-07-28,4400.64013671875,4400.64013671875,4415.47021484375,4387.009765625,4402.9501953125,4215290000,-0.0001862618826539153,-0.0186279231552706
2021-07-29,4419.14990234375,4419.14990234375,4429.97021484375,4403.58984375,4403.58984375,4044600000,0.004206152980007483,0.4197331845272641
2021-07-30,4395.259765625,4395.259765625,4412.25,4389.64990234375,4395.1201171875,3956740000,-0.0054060480514769305,-0.5420713608261166
2021-08-02,4387.16015625,4387.16015625,4422.18017578125,4384.81005859375,4406.85986328125,3724090000,-0.001842805614891363,-0.1844505670060361
2021-08-03,4423.14990234375,4423.14990234375,4423.7900390625,4373.0,4392.740234375,3965190000,0.0082034265474622,0.8169961338918061
2021-08-04,4402.66015625,4402.66015625,4416.169921875,4400.22998046875,4415.9501953125,4260760000,-0.004632387901412294,-0.4643150661295458
2021-08-05,4429.10009765625,4429.10009765625,4429.759765625,4408.85986328125,4408.85986328125,3769410000,0.006005446813494242,0.5987485990419112
2021-08-06,4436.52001953125,4436.52001953125,4440.81982421875,4429.06982421875,4429.06982421875,3451870000,0.001675266241764728,0.16738645485288822
2021-08-09,4432.35009765625,4432.35009765625,4439.39013671875,4424.740234375,4437.77001953125,3449280000,-0.0009399082741974318,-0.09403502649549345
2021-08-10,4436.75,4436.75,4445.2099609375,4430.02978515625,4435.7900390625,3886610000,0.0009926793341701323,0.09921869538634502
2021-08-11,4442.41015625,4442.41015625,4449.43994140625,4436.419921875,4442.18017578125,3532560000,0.0012757437876824707,0.12749307180154837
2021-08-12,4460.830078125,4460.830078125,4461.77001953125,4435.9599609375,4446.080078125,3375310000,0.004146380281677686,0.413780773547866
2021-08-13,4468.0,4468.0,4468.3701171875,4460.81982421875,4464.83984375,3016470000,0.001607306655808216,0.16060163209228442
2021-08-16,4479.7099609375,4479.7099609375,4480.259765625,4437.66015625,4461.64990234375,3370640000,0.002620850702215849,0.26174222619943593
2021-08-17,4448.080078125,4448.080078125,4462.1201171875,4417.830078125,4462.1201171875,3836960000,-0.00706069881494753,-0.708574350713799
2021-08-18,4400.27001953125,4400.27001953125,4454.31982421875,4397.58984375,4440.93994140625,3755590000,-0.010748470745585936,-1.080665284525433
2021-08-19,4405.7998046875,4405.7998046875,4418.60986328125,4367.72998046875,4382.43994140625,4398410000,0.0012566922329095842,0.1255903256156918
2021-08-20,4441.669921875,4441.669921875,4444.35009765625,4406.7998046875,4410.56005859375,3652610000,0.008141567655737925,0.810860389074176
2021-08-23,4479.52978515625,4479.52978515625,4489.8798828125,4450.2900390625,4450.2900390625,3576530000,0.00852379036424833,0.8487667984412182
2021-08-24,4486.22998046875,4486.22998046875,4492.81005859375,4482.27978515625,4484.39990234375,3979220000,0.0014957363013194946,0.1494618801962072
2021-08-25,4496.18994140625,4496.18994140625,4501.7099609375,4485.66015625,4490.4501953125,3444700000,0.002220118224179668,0.22176574032508797
2021-08-26,4470.0,4470.0,4495.89990234375,4468.990234375,4493.75,3263980000,-0.005824918819612557,-0.5841949827602656
2021-08-27,4509.3701171875,4509.3701171875,4513.330078125,4474.10009765625,4474.10009765625,3331200000,0.008807632480425154,0.8769071540452218
2021-08-30,4528.7900390625,4528.7900390625,4537.35986328125,4513.759765625,4513.759765625,3168660000,0.004306570844779589,0.42973241068746004
2021-08-31,4522.68017578125,4522.68017578125,4531.39013671875,4515.7998046875,4529.75,4290710000,-0.0013491160395050494,-0.13500269158932096
2021-09-01,4524.08984375,4524.08984375,4537.10986328125,4522.02001953125,4528.7998046875,4057340000,0.0003116886257619189,0.031164006095334113
2021-09-02,4536.9501953125,4536.9501953125,4545.85009765625,4524.66015625,4534.47998046875,3735990000,0.002842638410522902,0.2838605754404257
2021-09-03,4535.43017578125,4535.43017578125,4541.4501953125,4521.2998046875,4532.419921875,3217530000,-0.0003350311257153127,-0.03350872611813474
2021-09-07,4520.02978515625,4520.02978515625,4535.3798828125,4513.0,4535.3798828125,3822960000,-0.003395574405981705,-0.34013524523203464
2021-09-08,4514.06982421875,4514.06982421875,4521.7900390625,4493.9501953125,4518.08984375,3750880000,-0.001318566739775151,-0.1319436813816666
2021-09-09,4493.27978515625,4493.27978515625,4529.89990234375,4492.06982421875,4513.02001953125,3735390000,-0.004605608657393345,-0.4616247150002522
2021-09-10,4458.580078125,4458.580078125,4520.47021484375,4457.66015625,4506.919921875,3623180000,-0.007722578759925436,-0.77525522862761
2021-09-13,4468.72998046875,4468.72998046875,4492.990234375,4445.7001953125,4474.81005859375,3914220000,0.0022764876184568905,0.22739003463696442
2021-09-14,4443.0498046875,4443.0498046875,4485.68017578125,4435.4599609375,4479.330078125,3670460000,-0.00574663850657553,-0.5763213966258605
2021-09-15,4480.7001953125,4480.7001953125,4486.8701171875,4438.3701171875,4447.490234375,4032020000,0.008473996979569742,0.8438294222079725
2021-09-16,4473.75,4473.75,4485.8701171875,4443.7998046875,4477.08984375,3984560000,-0.0015511404489350067,-0.15523447127638307
2021-09-17,4432.990234375,4432.990234375,4471.52001953125,4427.759765625,4469.740234375,7289530000,-0.009110872450405094,-0.91526302757993
2021-09-20,4357.72998046875,4357.72998046875,4402.9501953125,4305.91015625,4402.9501953125,4898070000,-0.01697731100841482,-1.7123077726381843
2021-09-21,4354.18994140625,4354.18994140625,4394.8701171875,4347.9599609375,4374.4501953125,3920920000,-0.0008123585165593639,-0.08126886585469564
2021-09-22,4395.64013671875,4395.64013671875,4416.75,4367.43017578125,4367.43017578125,3939170000,0.009519611195260236,0.9474585224220085
2021-09-23,4448.97998046875,4448.97998046875,4465.39990234375,4406.75,4406.75,3916350000,0.012134715784494876,1.206168036993597
2021-09-24,4455.47998046875,4455.47998046875,4463.1201171875,4430.27001953125,4438.0400390625,3384290000,0.001461009046688222,0.14599428113642637
2021-09-27,4443.10986328125,4443.10986328125,4457.2998046875,4436.18994140625,4442.1201171875,4058650000,-0.0027763826213396126,-0.2780243920187674
2021-09-28,4352.6298828125,4352.6298828125,4419.5400390625,4346.330078125,4419.5400390625,4416550000,-0.020364110556098214,-2.0574317739894057
2021-09-29,4359.4599609375,4359.4599609375,4385.56982421875,4355.080078125,4362.41015625,3712660000,0.0015691842194003325,0.15679543362838072
2021-09-30,4307.5400390625,4307.5400390625,4382.5498046875,4306.240234375,4370.669921875,4448140000,-0.011909714125195148,-1.1981202945014902
2021-10-01,4357.0400390625,4357.0400390625,4375.18994140625,4288.52001953125,4317.16015625,4010370000,0.01149147763018199,1.1425952113334161
2021-10-04,4300.4599609375,4300.4599609375,4355.509765625,4278.93994140625,4348.83984375,4307870000,-0.012985898136748442,-1.3070952048643705
2021-10-05,4345.72021484375,4345.72021484375,4369.22998046875,4309.8701171875,4309.8701171875,3902890000,0.010524514660609219,1.0469517498601526
2021-10-06,4363.5498046875,4363.5498046875,4365.56982421875,4290.490234375,4319.56982421875,4009630000,0.004102792854185466,0.40943993496248243
2021-10-07,4399.759765625,4399.759765625,4429.97021484375,4383.72998046875,4383.72998046875,3843740000,0.008298280656405366,0.8264039225065405
2021-10-08,4391.33984375,4391.33984375,4412.02001953125,4386.22021484375,4406.509765625,3280160000,-0.0019137230947889883,-0.19155566024214524
2021-10-11,4361.18994140625,4361.18994140625,4415.8798828125,4360.58984375,4385.43994140625,3281970000,-0.006865763848056816,-0.6889441644339833
2021-10-12,4350.64990234375,4350.64990234375,4374.89013671875,4342.08984375,4368.31005859375,3558450000,-0.0024167805585421087,-0.24197056865549257
2021-10-13,4363.7998046875,4363.7998046875,4372.8701171875,4329.919921875,4358.009765625,3620070000,0.00302251448379387,0.3017955870231918
2021-10-14,4438.259765625,4438.259765625,4439.72998046875,4386.75,4386.75,3598280000,0.01706310194558336,1.6919162285711566
2021-10-15,4471.3701171875,4471.3701171875,4475.81982421875,4447.68994140625,4447.68994140625,3819380000,0.007460210377712606,0.7432520637190081
2021-10-18,4486.4599609375,4486.4599609375,4488.75,4447.47021484375,4463.72021484375,3662010000,0.00337476955709759,0.3369087801803826
2021-10-19,4519.6298828125,4519.6298828125,4520.39990234375,4496.41015625,4497.33984375,3459130000,0.007393339551406308,0.7366142784235753
2021-10-20,4536.18994140625,4536.18994140625,4540.8701171875,4524.39990234375,4524.419921875,3670760000,0.0036640298040166996,0.36573335985606886
2021-10-21,4549.77978515625,4549.77978515625,4551.43994140625,4526.89013671875,4532.240234375,3822330000,0.002995871849622578,0.2991393168360022
2021-10-22,4544.89990234375,4544.89990234375,4559.669921875,4524.0,4546.1201171875,3758220000,-0.0010725536274130976,-0.10731292246643565
2021-10-25,4566.47998046875,4566.47998046875,4572.6201171875,4537.35986328125,4553.68994140625,3899400000,0.004748196569493546,0.4736959440853509
2021-10-26,4574.7900390625,4574.7900390625,4598.52978515625,4569.169921875,4578.68994140625,3879740000,0.0018197952535197182,0.18181414322441136
2021-10-27,4551.68017578125,4551.68017578125,4584.56982421875,4551.66015625,4580.22021484375,4226050000,-0.005051568068462853,-0.506437037110553
2021-10-28,4596.419921875,4596.419921875,4597.5498046875,4562.83984375,4562.83984375,4132950000,0.009829281576461124,0.9781288424184026
2021-10-29,4605.3798828125,4605.3798828125,4608.080078125,4567.58984375,4572.8701171875,4510200000,0.001949334719149265,0.19474372317175562
2021-11-01,4613.669921875,4613.669921875,4620.33984375,4595.06005859375,4610.6201171875,3971540000,0.0018000771431341267,0.17984589459023884
2021-11-02,4630.64990234375,4630.64990234375,4635.14990234375,4613.33984375,4613.33984375,3975250000,0.0036803630854131963,0.3673607120388547
2021-11-03,4660.56982421875,4660.56982421875,4663.4599609375,4621.18994140625,4630.64990234375,4319660000,0.006461279195357994,0.644049461289024
2021-11-04,4680.06005859375,4680.06005859375,4683.0,4662.58984375,4662.93017578125,4462300000,0.004181942361150437,0.41732223428170356
2021-11-05,4697.52978515625,4697.52978515625,4718.5,4681.31982421875,4699.259765625,4467180000,0.003732799652949259,0.3725850045284445
2021-11-08,4701.7001953125,4701.7001953125,4714.919921875,4694.39013671875,4701.47998046875,4269710000,0.0008877879113036169,0.08873940607025194
2021-11-09,4685.25,4685.25,4708.52978515625,4670.8701171875,4707.25,4117080000,-0.003498775895770745,-0.35049109264001277
2021-11-10,4646.7099609375,4646.7099609375,4684.85009765625,4630.85986328125,4670.259765625,4503720000,-0.008225823395229703,-0.8259842163861059
2021-11-11,4649.27001953125,4649.27001953125,4664.5498046875,4648.31005859375,4659.39013671875,3926870000,0.0005509400447352153,0.05507883329889288
2021-11-12,4682.85009765625,4682.85009765625,4688.47021484375,4650.77001953125,4655.240234375,3728600000,0.007222656026415475,0.7196697564130407
2021-11-15,4682.7998046875,4682.7998046875,4697.419921875,4672.85986328125,4689.2998046875,3488410000,-1.0739820344718431e-05,-0.0010739878017001878
2021-11-16,4700.89990234375,4700.89990234375,4714.9501953125,4679.419921875,4679.419921875,3972640000,0.003865229864862485,0.3857779057126637
2021-11-17,4688.669921875,4688.669921875,4701.5,4684.41015625,4701.5,3969070000,-0.002601625374463401,-0.2605015482895879
2021-11-18,4704.5400390625,4704.5400390625,4708.7998046875,4672.77978515625,4700.72021484375,4226410000,0.0033847802152713324,0.3379064740171914
2021-11-19,4697.9599609375,4697.9599609375,4717.75,4694.22021484375,4708.43994140625,4253180000,-0.001398665559303236,-0.1399644604988097
2021-11-22,4682.93994140625,4682.93994140625,4743.830078125,4682.169921875,4712.0,4441100000,-0.0031971365563219223,-0.3202258316960725
2021-11-23,4690.7001953125,4690.7001953125,4699.39013671875,4652.66015625,4678.47998046875,4277590000,0.001657132912945114,0.1655761383195201
2021-11-24,4701.4599609375,4701.4599609375,4702.8701171875,4659.89013671875,4675.77978515625,3418430000,0.0022938506357221833,0.22912237766672797
2021-11-26,4594.6201171875,4594.6201171875,4664.6298828125,4585.43017578125,4664.6298828125,3517700000,-0.022724822637582465,-2.2987011159321162
2021-11-29,4655.27001953125,4655.27001953125,4672.9501953125,4625.259765625,4628.75,4336410000,0.013200199537034996,1.3113836082824228
2021-11-30,4567.0,4567.0,4646.02001953125,4560.0,4640.25,6625990000,-0.01896131033450521,-1.9143381187850563
2021-12-01,4513.0400390625,4513.0400390625,4652.93994140625,4510.27001953125,4602.81982421875,5366730000,-0.011815187417889228,-1.1885541457955926
2021-12-02,4577.10009765625,4577.10009765625,4595.4599609375,4504.72998046875,4504.72998046875,5077180000,0.01419443613158311,1.4094638396057768
2021-12-03,4538.43017578125,4538.43017578125,4608.02978515625,4495.1201171875,4589.490234375,5240070000,-0.008448563730297565,-0.848445514173865
2021-12-06,4591.669921875,4591.669921875,4612.60009765625,4540.509765625,4548.3701171875,4770800000,0.011730872577451423,1.166259930968614
2021-12-07,4686.75,4686.75,4694.0400390625,4631.97021484375,4631.97021484375,4492400000,0.020707080374404274,2.0495603186252547
2021-12-08,4701.2099609375,4701.2099609375,4705.06005859375,4674.52001953125,4690.85986328125,4234600000,0.0030852853123166657,0.3080535586585806
2021-12-09,4667.4501953125,4667.4501953125,4695.259765625,4665.97998046875,4691.0,3903840000,-0.007181080169894716,-0.7206988232523656
2021-12-10,4712.02001953125,4712.02001953125,4713.56982421875,4670.240234375,4687.64013671875,3870110000,0.009549073338481762,0.9503769118209724
2021-12-13,4668.97021484375,4668.97021484375,4710.2998046875,4667.60009765625,4710.2998046875,4397230000,-0.009136167611567658,-0.9178158342793815
2021-12-14,4634.08984375,4634.08984375,4660.47021484375,4606.52001953125,4642.990234375,4485430000,-0.0074706775774360246,-0.7498722854623672
2021-12-15,4709.85009765625,4709.85009765625,4712.60009765625,4611.22021484375,4636.4599609375,4910130000,0.016348464630746795,1.6216267351890876
2021-12-16,4668.669921875,4668.669921875,4731.990234375,4651.89013671875,4719.1298828125,4829500000,-0.008743415379980468,-0.8781863311112446
2021-12-17,4620.64013671875,4620.64013671875,4666.7001953125,4600.22021484375,4652.5,7987090000,-0.010287680637092622,-1.034096458405368
2021-12-20,4568.02001953125,4568.02001953125,4587.89990234375,4531.10009765625,4587.89990234375,4635700000,-0.01138805785140995,-1.145339832325659
2021-12-21,4649.22998046875,4649.22998046875,4651.14013671875,4583.16015625,4594.9599609375,4072430000,0.017777934551572505,1.7621755385195486
2021-12-22,4696.56005859375,4696.56005859375,4697.669921875,4645.52978515625,4650.35986328125,3319610000,0.010180197220578835,1.0128728029127596
2021-12-23,4725.7900390625,4725.7900390625,4740.740234375,4703.9599609375,4703.9599609375,2913040000,0.006223699921661829,0.6204412685251626
2021-12-27,4791.18994140625,4791.18994140625,4791.490234375,4733.990234375,4733.990234375,2770290000,0.01383893524747526,1.3744051573605864
2021-12-28,4786.35009765625,4786.35009765625,4807.02001953125,4780.0400390625,4795.490234375,2707920000,-0.0010101548486260992,-0.10106653988873737
2021-12-29,4793.06005859375,4793.06005859375,4804.06005859375,4778.080078125,4788.64013671875,2963310000,0.0014018951394270118,0.14009134018576785
2021-12-30,4778.72998046875,4778.72998046875,4808.93017578125,4775.330078125,4794.22998046875,3124950000,-0.0029897555945093135,-0.2994233841904309
2021-12-31,4766.18017578125,4766.18017578125,4786.830078125,4765.75,4775.2099609375,2677820000,-0.0026261799136575448,-0.26296343734744393
2022-01-03,4796.56005859375,4796.56005859375,4796.64013671875,4758.169921875,4778.14013671875,3831020000,0.006374052530970564,0.6353824170388397
2022-01-04,4793.5400390625,4793.5400390625,4818.6201171875,4774.27001953125,4804.509765625,4683170000,-0.000629621957060511,-0.06298202522032699
2022-01-05,4700.580078125,4700.580078125,4797.7001953125,4699.43994140625,4787.990234375,4887960000,-0.019392757790687165,-1.9583264304501073
2022-01-06,4696.0498046875,4696.0498046875,4725.009765625,4671.259765625,4693.39013671875,4295280000,-0.0009637690162076495,-0.09642337401809882
2022-01-07,4677.02978515625,4677.02978515625,4707.9501953125,4662.740234375,4697.66015625,4181510000,-0.004050216740091761,-0.4058441082336512
2022-01-10,4670.2900390625,4670.2900390625,4673.02001953125,4582.240234375,4655.33984375,4511810000,-0.0014410312534549607,-0.14420705375388979
2022-01-11,4713.06982421875,4713.06982421875,4714.1298828125,4638.27001953125,4669.14013671875,4101590000,0.009159984668711818,0.9118286452399373
2022-01-12,4726.35009765625,4726.35009765625,4748.830078125,4706.7099609375,4728.58984375,4048220000,0.002817754443029452,0.281379201466707
2022-01-13,4659.02978515625,4659.02978515625,4744.1298828125,4650.2900390625,4733.56005859375,4251730000,-0.0142436152864307,-1.4346029234400532
2022-01-14,4662.85009765625,4662.85009765625,4665.1298828125,4614.75,4637.990234375,4338490000,0.0008199802697488323,0.08196442695905652
2022-01-18,4577.10986328125,4577.10986328125,4632.240234375,4568.7001953125,4632.240234375,4748700000,-0.018387945694007368,-1.85591053980085
2022-01-19,4532.759765625,4532.759765625,4611.5498046875,4530.2001953125,4588.02978515625,4465740000,-0.009689541868338813,-0.9736790941460195
2022-01-20,4482.72998046875,4482.72998046875,4602.10986328125,4477.9501953125,4547.35009765625,4640870000,-0.01103737849414832,-1.1098742304330733
2022-01-21,4397.93994140625,4397.93994140625,4494.52001953125,4395.33984375,4471.3798828125,5589100000,-0.018914821867908604,-1.9095995324635426
2022-01-24,4410.1298828125,4410.1298828125,4417.35009765625,4222.6201171875,4356.31982421875,6928110000,0.002771738943381896,0.27679047582695165
2022-01-25,4356.4501953125,4356.4501953125,4411.009765625,4287.10986328125,4366.64013671875,5145050000,-0.012171906253646725,-1.2246590556866266
2022-01-26,4349.93017578125,4349.93017578125,4453.22998046875,4304.7998046875,4408.43017578125,5570640000,-0.0014966358477518371,-0.14977569258856588
2022-01-27,4326.509765625,4326.509765625,4428.740234375,4309.5,4380.580078125,5214200000,-0.00538408875771057,-0.5398635199970924
2022-01-28,4431.85009765625,4431.85009765625,4432.72021484375,4292.4599609375,4336.18994140625,5031090000,0.024347646888076113,2.4055967914736693
2022-01-31,4515.5498046875,4515.5498046875,4516.89013671875,4414.02001953125,4431.7900390625,5098610000,0.018885951732779516,1.8709826222984445
2022-02-01,4546.5400390625,4546.5400390625,4550.490234375,4483.52978515625,4519.56982421875,4816830000,0.00686300355780145,0.6839560348317066
2022-02-02,4589.3798828125,4589.3798828125,4595.31005859375,4544.31982421875,4566.39013671875,4481580000,0.00942251544733641,0.9378400448324454
2022-02-03,4477.43994140625,4477.43994140625,4542.8798828125,4470.39013671875,4535.41015625,4401970000,-0.024391082077444004,-2.4693471720120654
2022-02-04,4500.52978515625,4500.52978515625,4539.66015625,4451.5,4482.7900390625,4706290000,0.0051569298644233985,0.5143678439863626
2022-02-07,4483.8701171875,4483.8701171875,4521.85986328125,4471.47021484375,4505.75,4228480000,-0.0037017126347429485,-0.3708580927828488
2022-02-08,4521.5400390625,4521.5400390625,4531.31982421875,4465.39990234375,4480.02001953125,4459620000,0.008401207191663262,0.836611346663433
2022-02-09,4587.18017578125,4587.18017578125,4590.02978515625,4547.0,4547.0,4524350000,0.014517207887505545,1.4412842079264785
2022-02-10,4504.080078125,4504.080078125,4588.919921875,4484.31005859375,4553.240234375,5314860000,-0.01811572566845976,-1.828182448505601
2022-02-11,4418.64013671875,4418.64013671875,4526.330078125,4401.41015625,4506.27001953125,5251500000,-0.01896945434456343,-1.9151682638086527
2022-02-14,4401.669921875,4401.669921875,4426.22021484375,4364.83984375,4412.60986328125,4600390000,-0.0038405967262932217,-0.38479907556283144
2022-02-15,4471.06982421875,4471.06982421875,4472.77001953125,4429.27978515625,4429.27978515625,4430830000,0.01576672117072042,1.5643717646064172
2022-02-16,4475.009765625,4475.009765625,4489.5498046875,4429.68017578125,4455.75,4283640000,0.0008812077558950637,0.08808197202838003
2022-02-17,4380.259765625,4380.259765625,4456.06005859375,4373.81005859375,4456.06005859375,4539420000,-0.021173138152195015,-2.1400504136936647
2022-02-18,4348.8701171875,4348.8701171875,4394.60009765625,4327.22021484375,4384.56982421875,4708060000,-0.0071661613961429005,-0.7191961663866342
2022-02-22,4304.759765625,4304.759765625,4362.1201171875,4267.10986328125,4332.740234375,5121900000,-0.010142945264832837,-1.0194735435016016
2022-02-23,4225.5,4225.5,4341.509765625,4221.509765625,4324.93017578125,4797430000,-0.018412122845487655,-1.858373574878844
2022-02-24,4288.7001953125,4288.7001953125,4294.72998046875,4114.64990234375,4155.77001953125,6752130000,0.014956856067329216,1.4846105252724002
2022-02-25,4384.64990234375,4384.64990234375,4385.33984375,4286.830078125,4298.3798828125,5177060000,0.022372677655603468,2.2126080551265788
2022-02-28,4373.93994140625,4373.93994140625,4388.83984375,4315.1201171875,4354.169921875,6071370000,-0.002442603440647617,-0.24455914631261144
2022-03-01,4306.259765625,4306.259765625,4378.4501953125,4279.5400390625,4363.14013671875,5846230000,-0.015473503680411893,-1.5594467786613053
2022-03-02,4386.5400390625,4386.5400390625,4401.47998046875,4322.56005859375,4322.56005859375,5337870000,0.018642691757321028,1.8471046780652183
2022-03-03,4363.490234375,4363.490234375,4416.77978515625,4345.56005859375,4401.31005859375,5039890000,-0.005254666430088317,-0.5268520744245652
2022-03-04,4328.8701171875,4328.8701171875,4342.1201171875,4284.97998046875,4342.1201171875,5797380000,-0.007934042550334475,-0.7965684543001903
2022-03-07,4201.08984375,4201.08984375,4327.009765625,4199.85009765625,4327.009765625,6940470000,-0.029518158313449172,-2.9962586814416494
2022-03-08,4170.7001953125,4170.7001953125,4276.93994140625,4157.8701171875,4202.66015625,7243120000,-0.00723375351819977,-0.7260043975698096
2022-03-09,4277.8798828125,4277.8798828125,4299.39990234375,4223.10009765625,4223.10009765625,5662670000,0.02569824789143582,2.537359812214112
2022-03-10,4259.52001953125,4259.52001953125,4268.27978515625,4209.7998046875,4252.5498046875,4980830000,-0.004291813651667864,-0.43010499202472086
2022-03-11,4204.31005859375,4204.31005859375,4291.009765625,4200.490234375,4279.5,4938640000,-0.012961545123475138,-1.3046278933238145
2022-03-14,4173.10986328125,4173.10986328125,4247.56982421875,4161.72021484375,4202.75,5574920000,-0.007421002465963666,-0.7448675095533314
2022-03-15,4262.4501953125,4262.4501953125,4271.0498046875,4187.89990234375,4188.81982421875,5392470000,0.021408574170870942,2.1182629724144966
2022-03-16,4357.85986328125,4357.85986328125,4358.89990234375,4251.990234375,4288.14013671875,6309750000,0.02238376135718223,2.2136921648393444
2022-03-17,4411.669921875,4411.669921875,4412.669921875,4335.64990234375,4345.10986328125,4985090000,0.01234781757145198,1.2272205068700268
2022-03-18,4463.1201171875,4463.1201171875,4465.39990234375,4390.56982421875,4407.33984375,8278430000,0.011662294827948783,1.1594814411888112
2022-03-21,4461.18017578125,4461.18017578125,4481.75,4424.2998046875,4462.39990234375,4869820000,-0.00043466036210393355,-0.043475485430145955
2022-03-22,4511.60986328125,4511.60986328125,4522.0,4469.10009765625,4469.10009765625,4754840000,0.0113041136006502,1.1240699554074212
2022-03-23,4456.240234375,4456.240234375,4501.06982421875,4455.81005859375,4493.10009765625,4550670000,-0.012272698789159042,-1.2348630252495207
2022-03-24,4520.16015625,4520.16015625,4520.580078125,4465.169921875,4469.97998046875,4131390000,0.01434391292056647,1.4242012281618024
2022-03-25,4543.06005859375,4543.06005859375,4546.02978515625,4501.06982421875,4522.91015625,4305020000,0.005066170567449069,0.5053380704237665
2022-03-28,4575.52001953125,4575.52001953125,4575.64990234375,4517.68994140625,4541.08984375,4312260000,0.007144955276586762,0.7119551020042568
2022-03-29,4631.60009765625,4631.60009765625,4637.2998046875,4589.66015625,4602.85986328125,5085910000,0.012256547427530462,1.218204410139109
2022-03-30,4602.4501953125,4602.4501953125,4627.77001953125,4581.31982421875,4624.2001953125,4385570000,-0.0062937001746978805,-0.6313588999088777
2022-03-31,4530.41015625,4530.41015625,4603.06982421875,4530.41015625,4599.02001953125,4823020000,-0.015652540713177343,-1.5776335226881761
2022-04-01,4545.85986328125,4545.85986328125,4548.7001953125,4507.56982421875,4540.31982421875,4562940000,0.0034102225843584133,0.3404420961463028
2022-04-04,4582.64013671875,4582.64013671875,4583.5,4539.2099609375,4547.97021484375,4547350000,0.008090938687879357,0.8058382532133648
2022-04-05,4525.1201171875,4525.1201171875,4593.4501953125,4514.169921875,4572.4501953125,4800620000,-0.012551720801807331,-1.2631159074005371
2022-04-06,4481.14990234375,4481.14990234375,4503.93994140625,4450.0400390625,4494.169921875,4986830000,-0.009716916613271898,-0.9764433912479722
2022-04-07,4500.2099609375,4500.2099609375,4521.16015625,4450.2998046875,4474.64990234375,4821490000,0.004253385628492534,0.4244365552037262
2022-04-08,4488.27978515625,4488.27978515625,4520.41015625,4474.60009765625,4494.14990234375,4083200000,-0.002651026482054286,-0.26545466755523944
2022-04-11,4412.52978515625,4412.52978515625,4464.35009765625,4408.3798828125,4462.64013671875,4266290000,-0.01687729010355421,-1.7021334584696128
2022-04-12,4397.4501953125,4397.4501953125,4471.0,4381.33984375,4437.58984375,4152090000,-0.003417447717741773,-0.3423300530452235
2022-04-13,4446.58984375,4446.58984375,4453.919921875,4392.7001953125,4394.2998046875,3828150000,0.011174577597236057,1.1112603268901935
2022-04-14,4392.58984375,4392.58984375,4460.4599609375,4390.77001953125,4449.1201171875,4083090000,-0.01214413784439794,-1.2218480383508163
2022-04-18,4391.68994140625,4391.68994140625,4410.31005859375,4370.2998046875,4385.6298828125,3910490000,-0.0002048682840329885,-0.02048892724065068
2022-04-19,4462.2099609375,4462.2099609375,4471.02978515625,4390.6298828125,4390.6298828125,4108120000,0.016057604355527166,1.5930044749386651
2022-04-20,4459.4501953125,4459.4501953125,4488.2900390625,4448.759765625,4472.259765625,4290450000,-0.0006184750715809706,-0.06186664061825758
2022-04-21,4393.66015625,4393.66015625,4512.93994140625,4384.47021484375,4489.169921875,4636890000,-0.014752948498371943,-1.4862855551311067
2022-04-22,4271.77978515625,4271.77978515625,4385.830078125,4267.6201171875,4385.830078125,4651940000,-0.027740054250753654,-2.8132076377366966
2022-04-25,4296.1201171875,4296.1201171875,4299.02001953125,4200.81982421875,4255.33984375,5240040000,0.005697936985382235,0.5681765144111809
2022-04-26,4175.2001953125,4175.2001953125,4278.14013671875,4175.0400390625,4278.14013671875,4689970000,-0.028146308431003852,-2.8550008928597754
2022-04-27,4183.9599609375,4183.9599609375,4240.7099609375,4162.89990234375,4186.52001953125,4769680000,0.0020980468517017847,0.20958490249645953
2022-04-28,4287.5,4287.5,4308.4501953125,4188.6298828125,4222.580078125,4854180000,0.02474690007293945,2.4445655340832175
2022-04-29,4131.93017578125,4131.93017578125,4269.68017578125,4124.27978515625,4253.75,5084030000,-0.036284507106413955,-3.6959159784694147
2022-05-02,4155.3798828125,4155.3798828125,4169.81005859375,4062.510009765625,4130.60986328125,5163790000,0.005675242812353654,0.5659199293818601
2022-05-03,4175.47998046875,4175.47998046875,4200.10009765625,4147.080078125,4159.77978515625,4582050000,0.004837126381486367,0.4825465075359521
2022-05-04,4300.169921875,4300.169921875,4307.66015625,4148.91015625,4181.18017578125,5136360000,0.02986242108440229,2.942522155732583
2022-05-05,4146.8701171875,4146.8701171875,4270.43017578125,4106.009765625,4270.43017578125,5077030000,-0.035649708609806985,-3.630067756409906
2022-05-06,4123.33984375,4123.33984375,4157.68994140625,4067.909912109375,4128.169921875,5116940000,-0.0056742248424840325,-0.569038441395277
2022-05-09,3991.239990234375,3991.239990234375,4081.27001953125,3975.47998046875,4081.27001953125,5954520000,-0.03203710063235676,-3.256151953960419
2022-05-10,4001.050048828125,4001.050048828125,4068.820068359375,3958.169921875,4035.179931640625,5885820000,0.0024578974498534745,0.2454881760409255
2022-05-11,3935.179931640625,3935.179931640625,4049.090087890625,3928.820068359375,3990.080078125,5816140000,-0.01646320750393837,-1.6600232095697796
2022-05-12,3930.080078125,3930.080078125,3964.800048828125,3858.8701171875,3903.949951171875,6286450000,-0.0012959645058717717,-0.12968049941124407
2022-05-13,4023.889892578125,4023.889892578125,4038.8798828125,3963.89990234375,3963.89990234375,5183340000,0.02386969542307149,2.358926795686944
2022-05-16,4008.010009765625,4008.010009765625,4046.4599609375,3983.989990234375,4013.02001953125,4415030000,-0.003946400929555671,-0.3954208517722458
2022-05-17,4088.85009765625,4088.85009765625,4090.719970703125,4033.929931640625,4052.0,4841410000,0.020169632234863677,1.996891958146264
2022-05-18,3923.679931640625,3923.679931640625,4051.97998046875,3911.909912109375,4051.97998046875,5103220000,-0.04039526078745259,-4.123380929124887
2022-05-19,3900.7900390625,3900.7900390625,3945.9599609375,3876.580078125,3899.0,5113550000,-0.005833781800992588,-0.585086477734781
2022-05-20,3901.360107421875,3901.360107421875,3943.419921875,3810.320068359375,3927.760009765625,5130730000,0.00014614176965843662,0.01461310919903067
2022-05-23,3973.75,3973.75,3981.8798828125,3909.0400390625,3919.419921875,4420030000,0.018555039930923556,1.8384995412060758
2022-05-24,3941.47998046875,3941.47998046875,3955.679931640625,3875.1298828125,3942.93994140625,4923190000,-0.008120797617175213,-0.815395090355808
2022-05-25,3978.72998046875,3978.72998046875,3999.330078125,3925.030029296875,3929.590087890625,4802560000,0.009450764734207695,0.9406385648931586
2022-05-26,4057.840087890625,4057.840087890625,4075.139892578125,3984.60009765625,3984.60009765625,4709970000,0.019883256167224195,1.9688166007720866
2022-05-27,4158.240234375,4158.240234375,4158.490234375,4077.429931640625,4077.429931640625,4375620000,0.02474226295510973,2.4441130195822014
2022-05-31,4132.14990234375,4132.14990234375,4168.33984375,4104.8798828125,4151.08984375,6822640000,-0.006274368617659065,-0.6294135193666944
2022-06-01,4101.22998046875,4101.22998046875,4166.5400390625,4073.85009765625,4149.77978515625,4531800000,-0.007482768681131846,-0.751090504115545
2022-06-02,4176.81982421875,4176.81982421875,4177.509765625,4074.3701171875,4095.409912109375,4405790000,0.018431018038486124,1.8263225415545106
2022-06-03,4108.5400390625,4108.5400390625,4142.669921875,4098.669921875,4137.56982421875,3711110000,-0.016347313992415624,-1.6482405609817057
2022-06-06,4121.43017578125,4121.43017578125,4168.77978515625,4109.18017578125,4134.72021484375,4332700000,0.003137400778913113,0.31324894070360254
2022-06-07,4160.68017578125,4160.68017578125,4164.85986328125,4080.18994140625,4096.47021484375,4248210000,0.009523393173235029,0.9478331531719839
2022-06-08,4115.77001953125,4115.77001953125,4160.14013671875,4107.2001953125,4147.1201171875,4159470000,-0.010793945785935621,-1.0852623040155318
2022-06-09,4017.820068359375,4017.820068359375,4119.10009765625,4017.169921875,4101.64990234375,4134170000,-0.02379869397635359,-2.408645766515553
2022-06-10,3900.860107421875,3900.860107421875,3974.389892578125,3900.159912109375,3974.389892578125,4889640000,-0.029110303335524668,-2.9542414811409476
2022-06-13,3749.6298828125,3749.6298828125,3838.14990234375,3734.300048828125,3838.14990234375,5636890000,-0.038768430665237275,-3.9539931990039934
2022-06-14,3735.47998046875,3735.47998046875,3778.179931640625,3705.679931640625,3763.52001953125,5153890000,-0.0037736797459957394,-0.3780818039489633
2022-06-15,3789.989990234375,3789.989990234375,3837.56005859375,3722.300048828125,3764.050048828125,5530480000,0.014592504858983224,1.4487058836534477
2022-06-16,3666.77001953125,3666.77001953125,3728.179931640625,3639.77001953125,3728.179931640625,5644930000,-0.03251195148816344,-3.3052207113840666
2022-06-17,3674.840087890625,3674.840087890625,3707.7099609375,3636.8701171875,3665.89990234375,8520740000,0.002200865698254617,0.21984473410133873
2022-06-21,3764.7900390625,3764.7900390625,3779.64990234375,3715.31005859375,3715.31005859375,5292260000,0.024477242280086964,2.4182474960671994
2022-06-22,3759.889892578125,3759.889892578125,3801.7900390625,3717.68994140625,3733.889892578125,5058990000,-0.0013015723144006452,-0.13024200953574458
2022-06-23,3795.72998046875,3795.72998046875,3802.580078125,3743.52001953125,3774.7099609375,5098640000,0.009532217409177868,0.9487072485556519
2022-06-24,3911.739990234375,3911.739990234375,3913.64990234375,3821.75,3821.75,8120260000,0.03056329358583576,3.0105539729901034
2022-06-27,3900.110107421875,3900.110107421875,3927.719970703125,3889.659912109375,3920.760009765625,4325310000,-0.0029730715337762392,-0.2977499890340672
2022-06-28,3821.550048828125,3821.550048828125,3945.860107421875,3820.139892578125,3913.0,4270120000,-0.020143036075892073,-2.03486731494949
2022-06-29,3818.830078125,3818.830078125,3836.5,3799.02001953125,3825.090087890625,4211240000,-0.0007117454091590814,-0.07119988201726958
2022-06-30,3785.3798828125,3785.3798828125,3818.989990234375,3738.669921875,3785.989990234375,4840070000,-0.008759278267998716,-0.8797866246367652
2022-07-01,3825.330078125,3825.330078125,3829.820068359375,3752.10009765625,3781.0,4046950000,0.010553814029047315,1.0498511296639172
2022-07-05,3831.389892578125,3831.389892578125,3832.18994140625,3742.06005859375,3792.610107421875,5076590000,0.0015841285142366157,0.15828751061934918
2022-07-06,3845.080078125,3845.080078125,3870.909912109375,3809.3701171875,3831.97998046875,4417720000,0.0035731642904301975,0.3566795705066178
2022-07-07,3902.6201171875,3902.6201171875,3910.6298828125,3858.85009765625,3858.85009765625,4057770000,0.014964587965241805,1.4853723180930392
2022-07-08,3899.3798828125,3899.3798828125,3918.5,3869.340087890625,3888.260009765625,3521620000,-0.000830271529819071,-0.083061639612735
2022-07-11,3854.429931640625,3854.429931640625,3880.93994140625,3847.219970703125,3880.93994140625,3423480000,-0.011527461422777274,-1.1594417660525544
2022-07-12,3818.800048828125,3818.800048828125,3873.409912109375,3802.360107421875,3851.949951171875,3817210000,-0.009243878717321574,-0.928686849749371
2022-07-13,3801.780029296875,3801.780029296875,3829.43994140625,3759.070068359375,3779.669921875,4109390000,-0.0044569025122100925,-0.446686411181668
2022-07-14,3790.3798828125,3790.3798828125,3796.409912109375,3721.56005859375,3763.989990234375,4199690000,-0.00299863390215227,-0.3003138812764307
2022-07-15,3863.159912109375,3863.159912109375,3863.6201171875,3817.179931640625,3818.0,4143800000,0.01920124935943668,1.9019231658633642
2022-07-18,3830.85009765625,3830.85009765625,3902.43994140625,3818.6298828125,3883.7900390625,4046870000,-0.008363571580831342,-0.8398742485835936
2022-07-19,3936.68994140625,3936.68994140625,3939.81005859375,3860.72998046875,3860.72998046875,4041070000,0.02762829164595959,2.725351764373082
2022-07-20,3959.89990234375,3959.89990234375,3974.1298828125,3922.030029296875,3935.320068359375,4185300000,0.005895806193263242,0.5878493941057167
2022-07-21,3998.949951171875,3998.949951171875,3999.2900390625,3927.639892578125,3955.469970703125,4132790000,0.00986137270919718,0.9813066689504669
2022-07-22,3961.6298828125,3961.6298828125,4012.43994140625,3938.860107421875,3998.429931640625,3979240000,-0.00933246697634671,-0.9376287293813849
2022-07-25,3966.840087890625,3966.840087890625,3975.300048828125,3943.4599609375,3965.719970703125,3568340000,0.0013151670479691902,0.1314302973305868
2022-07-26,3921.050048828125,3921.050048828125,3953.219970703125,3910.739990234375,3953.219970703125,3778950000,-0.01154320266205866,-1.161034259926336
2022-07-27,4023.610107421875,4023.610107421875,4039.56005859375,3951.429931640625,3951.429931640625,4112180000,0.026156273782937722,2.5820048778629068
2022-07-28,4072.429931640625,4072.429931640625,4078.949951171875,3992.969970703125,4026.1298828125,4413000000,0.012133338697180918,1.2060319791912806
2022-07-29,4130.2900390625,4130.2900390625,4140.14990234375,4079.219970703125,4087.330078125,4616360000,0.014207760082581844,1.4107775781753558
2022-08-01,4118.6298828125,4118.6298828125,4144.9501953125,4096.02001953125,4112.3798828125,4202810000,-0.0028230841271976725,-0.2827076544916728
2022-08-02,4091.18994140625,4091.18994140625,4140.47021484375,4079.81005859375,4104.2099609375,4727710000,-0.006662395550704803,-0.668468837887098
2022-08-03,4155.169921875,4155.169921875,4167.66015625,4107.9599609375,4107.9599609375,4351760000,0.015638477163140152,1.5517456270090708
2022-08-04,4151.93994140625,4151.93994140625,4161.2900390625,4135.419921875,4154.85009765625,4283320000,-0.0007773401640558397,-0.07776424495837733
2022-08-05,4145.18994140625,4145.18994140625,4151.580078125,4107.31005859375,4115.8701171875,4085940000,-0.0016257460597355333,-0.16270690189191195
2022-08-08,4140.06005859375,4140.06005859375,4186.6201171875,4128.97021484375,4155.93017578125,4221090000,-0.0012375507238541195,-0.12383171221209141
2022-08-09,4122.47021484375,4122.47021484375,4137.2998046875,4112.08984375,4133.10986328125,3913090000,-0.004248692893594086,-0.4257744235926498
2022-08-10,4210.240234375,4210.240234375,4211.02978515625,4177.259765625,4181.02001953125,4546010000,0.021290637641290244,2.10671584604075
2022-08-11,4207.27001953125,4207.27001953125,4257.91015625,4201.41015625,4227.39990234375,4630200000,-0.0007054739583503,-0.07057229222018176
2022-08-12,4280.14990234375,4280.14990234375,4280.47021484375,4219.77978515625,4225.02001953125,3788010000,0.017322368774566943,1.7174046951492667
2022-08-15,4297.14013671875,4297.14013671875,4301.7900390625,4256.89990234375,4269.3701171875,3696830000,0.0039695418998517695,0.3961684056233163
2022-08-16,4305.2001953125,4305.2001953125,4325.27978515625,4277.77001953125,4290.4599609375,4329820000,0.0018756797165810912,0.18739228259478624
2022-08-17,4274.0400390625,4274.0400390625,4302.18017578125,4253.080078125,4280.39990234375,3885030000,-0.007237794954094601,-0.726411486764802
2022-08-18,4283.740234375,4283.740234375,4292.52978515625,4261.97998046875,4273.1298828125,3340330000,0.002269561170191503,0.22669896063847975
2022-08-19,4228.47998046875,4228.47998046875,4266.31005859375,4218.7001953125,4266.31005859375,3761340000,-0.012900001139847905,-1.2983928713038868
2022-08-22,4137.990234375,4137.990234375,4195.080078125,4129.85986328125,4195.080078125,3907430000,-0.0214000649197158,-2.1632366466494566
2022-08-23,4128.72998046875,4128.72998046875,4159.77001953125,4124.02978515625,4133.08984375,3823520000,-0.0022378626777133093,-0.22403704344374642
2022-08-24,4140.77001953125,4140.77001953125,4156.56005859375,4119.97021484375,4126.5498046875,3583630000,0.0029161604463010526,0.2911916698724165
2022-08-25,4199.1201171875,4199.1201171875,4200.5400390625,4147.58984375,4153.259765625,3566870000,0.014091605518061545,1.3993241836107049
2022-08-26,4057.659912109375,4057.659912109375,4203.0400390625,4057.659912109375,4198.740234375,3832750000,-0.03368805871951874,-3.4268576317039523
2022-08-29,4030.610107421875,4030.610107421875,4062.989990234375,4017.419921875,4034.580078125,3396510000,-0.006666355799502699,-0.6688675197324806
2022-08-30,3986.159912109375,3986.159912109375,4044.97998046875,3965.2099609375,4041.25,3835860000,-0.011028155571448206,-1.1089416492117008
2022-08-31,3955.0,3955.0,4015.3701171875,3954.530029296875,4000.669921875,4542490000,-0.007817025105971265,-0.7847738208153028
2022-09-01,3966.85009765625,3966.85009765625,3970.22998046875,3903.64990234375,3936.72998046875,4152250000,0.0029962320243361873,0.29917522671948715
2022-09-02,3924.260009765625,3924.260009765625,4018.429931640625,3906.2099609375,3994.659912109375,3665850000,-0.010736500458081055,-1.0794552570724387
2022-09-06,3908.18994140625,3908.18994140625,3942.550048828125,3886.75,3930.889892578125,4127340000,-0.004095056983834944,-0.41034646908951433
2022-09-07,3979.8701171875,3979.8701171875,3987.889892578125,3906.030029296875,3909.429931640625,3890320000,0.018341016392734,1.8174848666169876
2022-09-08,4006.179931640625,4006.179931640625,4010.5,3944.81005859375,3959.93994140625,3966850000,0.006610721877456038,0.6588966880442448
2022-09-09,4067.360107421875,4067.360107421875,4076.81005859375,4022.93994140625,4022.93994140625,3901940000,0.015271449816332883,1.515601498121106
2022-09-12,4110.41015625,4110.41015625,4119.27978515625,4083.669921875,4083.669921875,3814200000,0.0105842727693497,1.0528651483995635
2022-09-13,3932.68994140625,3932.68994140625,4037.1201171875,3921.280029296875,4037.1201171875,4224550000,-0.0432366134006168,-4.4199163031974065
2022-09-14,3946.010009765625,3946.010009765625,3961.93994140625,3912.179931640625,3940.72998046875,4293240000,0.0033870120853238816,0.33812890788447153
2022-09-15,3901.35009765625,3901.35009765625,3959.139892578125,3888.280029296875,3932.409912109375,4441830000,-0.011317739184353415,-1.1382272168149512
2022-09-16,3873.330078125,3873.330078125,3880.949951171875,3837.080078125,3880.949951171875,7954650000,-0.007182134089448455,-0.7208049775663176
2022-09-19,3899.889892578125,3899.889892578125,3900.449951171875,3838.5,3849.909912109375,3766850000,0.006857100716286535,0.6833697724705768
2022-09-20,3855.929931640625,3855.929931640625,3876.010009765625,3827.5400390625,3875.22998046875,4058050000,-0.011272103097361819,-1.1336114736600402
2022-09-21,3789.929931640625,3789.929931640625,3907.070068359375,3789.489990234375,3871.39990234375,4078330000,-0.017116493600784488,-1.726467409850635
2022-09-22,3757.989990234375,3757.989990234375,3790.89990234375,3749.449951171875,3782.360107421875,4284600000,-0.00842758097968943,-0.8463293830453985
2022-09-23,3693.22998046875,3693.22998046875,3727.139892578125,3647.469970703125,3727.139892578125,5144270000,-0.017232619015461026,-1.7382828767330778
2022-09-26,3655.0400390625,3655.0400390625,3715.669921875,3644.760009765625,3682.719970703125,4886140000,-0.010340526208282075,-1.0394360890280503
2022-09-27,3647.2900390625,3647.2900390625,3717.530029296875,3623.2900390625,3686.43994140625,4577740000,-0.0021203598092424114,-0.21226109548247285
2022-09-28,3719.0400390625,3719.0400390625,3736.739990234375,3640.610107421875,3651.93994140625,4684850000,0.019672139926234733,1.9481144181152357
2022-09-29,3640.469970703125,3640.469970703125,3687.010009765625,3610.39990234375,3687.010009765625,4681810000,-0.021126437880238824,-2.13527948230975
2022-09-30,3585.6201171875,3585.6201171875,3671.43994140625,3584.1298828125,3633.47998046875,5645360000,-0.015066695771983274,-1.5181351546209298
2022-10-03,3678.429931640625,3678.429931640625,3698.35009765625,3604.929931640625,3609.780029296875,4806680000,0.025883894952576147,2.555457753093017
2022-10-04,3790.929931640625,3790.929931640625,3791.919921875,3726.4599609375,3726.4599609375,5146580000,0.030583700679551518,3.0125341416799833
2022-10-05,3783.280029296875,3783.280029296875,3806.909912109375,3722.659912109375,3753.25,4293180000,-0.002017948757084831,-0.20199875589381175
2022-10-06,3744.52001953125,3744.52001953125,3797.929931640625,3739.219970703125,3771.969970703125,4252100000,-0.010245080846639998,-1.02979229113952
2022-10-07,3639.659912109375,3639.659912109375,3706.739990234375,3620.72998046875,3706.739990234375,4449660000,-0.028003617786773516,-2.8403196531478057
2022-10-10,3612.389892578125,3612.389892578125,3652.169921875,3588.10009765625,3647.510009765625,3834320000,-0.00749246363390188,-0.7520673133652772
2022-10-11,3588.840087890625,3588.840087890625,3640.659912109375,3568.449951171875,3595.860107421875,4759030000,-0.006519175777754405,-0.6540518412323781
2022-10-12,3577.030029296875,3577.030029296875,3608.340087890625,3573.860107421875,3590.830078125,4006830000,-0.0032907731480149582,-0.3296199650166294
2022-10-13,3669.909912109375,3669.909912109375,3685.409912109375,3491.580078125,3520.3701171875,5021680000,0.02596564246086497,2.5634259307631133
2022-10-14,3583.070068359375,3583.070068359375,3712.0,3579.679931640625,3690.409912109375,4243030000,-0.02366266361565439,-2.394712074452842
2022-10-17,3677.949951171875,3677.949951171875,3689.72998046875,3638.64990234375,3638.64990234375,4352780000,0.026480052302171098,2.6135524557561847
2022-10-18,3719.97998046875,3719.97998046875,3762.7900390625,3686.530029296875,3746.260009765625,4483740000,0.011427569666488724,1.1362768207087461
2022-10-19,3695.159912109375,3695.159912109375,3728.580078125,3666.510009765625,3703.110107421875,4223800000,-0.0066720972934503076,-0.6694455239684375
2022-10-20,3665.780029296875,3665.780029296875,3736.0,3656.43994140625,3689.050048828125,4496620000,-0.007950909706564868,-0.7982686738766697
2022-10-21,3752.75,3752.75,3757.889892578125,3647.419921875,3657.10009765625,5078020000,0.02372481982226482,2.3447759860447266
2022-10-24,3797.340087890625,3797.340087890625,3810.739990234375,3741.64990234375,3762.010009765625,4747930000,0.011881976654619875,1.1811940205111493
2022-10-25,3859.110107421875,3859.110107421875,3862.85009765625,3799.43994140625,3799.43994140625,4843120000,0.016266654579669915,1.6135770015874957
2022-10-26,3830.60009765625,3830.60009765625,3886.14990234375,3824.070068359375,3825.969970703125,4817310000,-0.007387716072364547,-0.7415140398989886
2022-10-27,3807.300048828125,3807.300048828125,3859.949951171875,3803.7900390625,3834.68994140625,4687320000,-0.006082610618211248,-0.6101185053184452
2022-10-28,3901.06005859375,3901.06005859375,3905.419921875,3808.260009765625,3808.260009765625,4459410000,0.024626377895927698,2.4328036770856336
2022-10-31,3871.97998046875,3871.97998046875,3893.72998046875,3863.179931640625,3881.85009765625,4820620000,-0.00745440410765752,-0.7482327030336412
2022-11-01,3856.10009765625,3856.10009765625,3911.7900390625,3843.800048828125,3901.7900390625,4481210000,-0.004101230608784645,-0.41096637203590053
2022-11-02,3759.68994140625,3759.68994140625,3894.43994140625,3758.679931640625,3852.89990234375,4899000000,-0.02500198485734284,-2.5319843737482883
2022-11-03,3719.889892578125,3719.889892578125,3750.590087890625,3698.14990234375,3733.25,4625290000,-0.010585992315429671,-1.0642422531956597
2022-11-04,3770.550048828125,3770.550048828125,3796.340087890625,3708.840087890625,3766.97998046875,5400180000,0.013618724670070526,1.3526823285563951
2022-11-07,3806.800048828125,3806.800048828125,3813.949951171875,3764.699951171875,3780.7099609375,4341620000,0.009613981920559844,0.9568061679359139
2022-11-08,3828.110107421875,3828.110107421875,3859.39990234375,3786.280029296875,3817.02001953125,4607640000,0.005597892802462701,0.5582282828760321
2022-11-09,3748.570068359375,3748.570068359375,3818.199951171875,3744.219970703125,3810.93994140625,4645010000,-0.02077788695478977,-2.0996784712303445
2022-11-10,3956.3701171875,3956.3701171875,3958.330078125,3859.889892578125,3859.889892578125,5781260000,0.05543448436034493,5.395251566479769
2022-11-11,3992.929931640625,3992.929931640625,4001.47998046875,3944.820068359375,3963.719970703125,5593310000,0.009240746788147902,0.9198312304769027
2022-11-14,3957.25,3957.25,4008.969970703125,3956.39990234375,3977.969970703125,4561930000,-0.008935777048800997,-0.8975940544918012
2022-11-15,3991.72998046875,3991.72998046875,4028.840087890625,3953.169921875,4006.409912109375,5015310000,0.008713116550319144,0.8675376414669187
2022-11-16,3958.7900390625,3958.7900390625,3983.090087890625,3954.340087890625,3976.820068359375,4165320000,-0.008252046497990273,-0.8286283111873759
2022-11-17,3946.56005859375,3946.56005859375,3954.330078125,3906.5400390625,3919.260009765625,4051780000,-0.0030893228355314273,-0.30941046442292836
2022-11-18,3965.340087890625,3965.340087890625,3979.889892578125,3935.97998046875,3966.389892578125,4037360000,0.00475858190881473,0.47472956481582096
2022-11-21,3949.93994140625,3949.93994140625,3962.0,3933.340087890625,3956.22998046875,3850690000,-0.003883688698329779,-0.3891249800275618
2022-11-22,4003.580078125,4003.580078125,4005.8798828125,3956.8798828125,3965.510009765625,3887990000,0.013579987927526016,1.3488606269828392
2022-11-23,4027.260009765625,4027.260009765625,4033.780029296875,3998.659912109375,4000.300048828125,3279720000,0.0059146891478476515,0.5897266041738312
2022-11-25,4026.1201171875,4026.1201171875,4034.02001953125,4020.760009765625,4023.340087890625,1706460000,-0.0002830441976333642,-0.02830842622024787
2022-11-28,3963.93994140625,3963.93994140625,4012.27001953125,3955.77001953125,4005.360107421875,3615430000,-0.015444192913123267,-1.5564696794064814
2022-11-29,3957.6298828125,3957.6298828125,3976.77001953125,3937.64990234375,3964.18994140625,3546040000,-0.0015918653377758885,-0.15931337016243705
2022-11-30,4080.110107421875,4080.110107421875,4080.110107421875,3938.580078125,3957.179931640625,6579360000,0.030947872397389053,3.0478643521294946
2022-12-01,4076.570068359375,4076.570068359375,4100.509765625,4050.8701171875,4087.139892578125,4527130000,-0.0008676332180498347,-0.0868009829606589
2022-12-02,4071.699951171875,4071.699951171875,4080.47998046875,4026.6298828125,4040.169921875,4012620000,-0.001194660488065602,-0.11953746637614611
2022-12-05,3998.840087890625,3998.840087890625,4052.449951171875,3984.489990234375,4052.02001953125,4280820000,-0.017894212283564803,-1.8056249630972219
2022-12-06,3941.260009765625,3941.260009765625,4001.510009765625,3918.389892578125,3996.6298828125,4368380000,-0.014399194981406072,-1.4503869422986058
2022-12-07,3933.919921875,3933.919921875,3957.570068359375,3922.679931640625,3933.280029296875,4118050000,-0.0018623708845491027,-0.1864107253381664
2022-12-08,3963.510009765625,3963.510009765625,3974.18994140625,3935.830078125,3947.7900390625,4006900000,0.00752178195750397,0.7493634413933238
2022-12-09,3934.3798828125,3934.3798828125,3977.02001953125,3933.0400390625,3954.169921875,3888260000,-0.007349578247904498,-0.7376719464213213
2022-12-12,3990.56005859375,3990.56005859375,3990.7099609375,3935.300048828125,3939.2900390625,3904130000,0.014279296218109305,1.417830729965003
2022-12-13,4019.64990234375,4019.64990234375,4100.9599609375,3993.030029296875,4069.3798828125,5079360000,0.0072896644387934195,0.7263223255457212
2022-12-14,3995.320068359375,3995.320068359375,4053.760009765625,3965.64990234375,4015.5400390625,4472340000,-0.006052724634100337,-0.6071116623835963
2022-12-15,3895.75,3895.75,3958.3701171875,3879.449951171875,3958.3701171875,4493900000,-0.024921675023714007,-2.523747790182607
2022-12-16,3852.360107421875,3852.360107421875,3890.909912109375,3827.909912109375,3890.909912109375,7493660000,-0.011137750774080746,-1.1200239946011676
2022-12-19,3817.659912109375,3817.659912109375,3854.860107421875,3800.0400390625,3853.7900390625,3969610000,-0.009007516001852345,-0.90483289411038
2022-12-20,3821.6201171875,3821.6201171875,3838.239990234375,3795.6201171875,3810.469970703125,3985370000,0.0010373383615349674,0.10368006978907691
2022-12-21,3878.43994140625,3878.43994140625,3889.820068359375,3839.489990234375,3839.489990234375,3775200000,0.014867993802734736,1.4758548669054294
2022-12-22,3822.389892578125,3822.389892578125,3853.260009765625,3764.489990234375,3853.260009765625,3956950000,-0.01445169956861636,-1.4557142498145654
2022-12-23,3844.820068359375,3844.820068359375,3845.800048828125,3797.010009765625,3815.110107421875,2819280000,0.005868102525282026,0.5850952271915072
2022-12-27,3829.25,3829.25,3846.64990234375,3813.219970703125,3843.340087890625,3030300000,-0.004049622110409712,-0.40578440346594774
2022-12-28,3783.219970703125,3783.219970703125,3848.320068359375,3780.780029296875,3829.56005859375,3083520000,-0.012020638322615351,-1.2093470442948606
2022-12-29,3849.280029296875,3849.280029296875,3858.18994140625,3805.449951171875,3805.449951171875,3003680000,0.01746133164481911,1.731063431499432
2022-12-30,3839.5,3839.5,3839.85009765625,3800.340087890625,3829.06005859375,2979870000,-0.0025407424823445934,-0.2543975646110833
